UNITID,LEXPTOT
100654,2836104
100663,10490753
100690,0
100706,2487121
100724,2844214
100751,21683658
100760,289328
100812,879321
100830,1992540
100858,15746418
100937,1087871
101028,182882
101073,252989
101116,155422
101143,296343
101161,463490
101189,585369
101240,717953
101286,435173
101295,416313
101301,182561
101365,0
101435,541361
101453,132377
101462,247229
101471,0
101480,2914895
101499,314317
101505,764153
101514,635317
101541,220863
101569,645395
101587,681868
101602,302359
101648,177871
101675,313328
101693,463299
101709,1108941
101736,414471
101879,2718123
101897,410892
101912,846389
101949,339110
101994,0
102030,345736
102049,4635419
102058,0
102067,623258
102076,228189
102094,7013800
102234,736631
102261,0
102270,393162
102298,225368
102313,394287
102368,3325909
102377,1910763
102395,146291
102429,699211
102553,7902480
102580,0
102614,6448900
102632,1453118
102845,339816
103501,0
103945,0
104090,0
104151,29222442
104160,881991
104179,35504599
104188,0
104346,949063
104364,0
104425,688734
104577,606835
104586,1102607
104665,0
104708,1392318
104717,2334300
105145,779602
105154,2436903
105206,131351
105297,779561
105330,6405727
105349,552328
105428,1247943
105525,3493677
105534,0
105589,331305
105659,0
105668,976356
105747,1077849
105792,1375138
105899,143421
106041,136275
106148,1171657
106245,4421763
106263,3583627
106306,277798
106342,473827
106397,15727859
106412,1154925
106449,569392
106458,4751587
106467,1827619
106485,757862
106546,356587
106625,207637
106704,3485380
106713,0
106795,121978
106810,0
106883,301791
106980,362387
106999,164588
107044,1340623
107071,1471186
107080,614880
107123,0
107141,655987
107318,146094
107327,285563
107460,231582
107512,896704
107521,153993
107549,176958
107558,493941
107585,294011
107600,356246
107619,409397
107637,171805
107664,906475
107725,187430
107743,134795
107840,157500
107877,172632
107974,248861
107983,1000578
107992,177253
108092,1080712
108232,970591
108269,0
108667,929193
108807,701859
108852,0
108870,702195
109040,0
109086,0
109208,2028760
109350,1356210
109651,1081248
109785,5143725
109819,1104680
109907,0
110060,0
110097,3152685
110219,0
110246,924595
110307,750
110316,898401
110334,1125312
110361,1501273
110370,1012716
110398,2762775
110404,7084472
110413,1332387
110422,7146000
110468,1766000
110486,4011611
110495,2459965
110510,3529057
110529,4483979
110538,4065888
110547,3038435
110556,7563547
110565,6924373
110574,4568341
110583,9149481
110592,4774851
110608,10055740
110617,5835124
110635,66337320
110644,25467679
110653,26208554
110662,69028137
110671,16409575
110680,32646334
110699,10506441
110705,22390040
110714,11672177
110778,118706
110918,0
111009,0
111081,1249023
111188,521585
111391,2378877
111434,621722
111461,949885
111638,0
111887,2471622
111896,387335
111920,1279730
111939,1400899
111948,5671787
111966,1123275
112075,623417
112084,528041
112172,1281556
112190,4329007
112251,11920249
112385,0
112394,0
112446,0
112525,2879767
112561,371525
112570,0
112686,778174
112826,520304
113096,1161775
113111,652213
113193,1002025
113218,1064882
113236,1220735
113333,1814076
113573,753085
113582,0
113634,1550849
113698,1544823
113856,2063251
113980,1977309
114114,0
114123,138852
114266,1168474
114354,1558279
114433,223704
114549,323267
114585,0
114716,1432363
114734,0
114789,1888461
114813,690451
114840,1982525
114859,2259060
114938,879744
115001,1930926
115083,1232005
115126,2569665
115214,3020475
115296,1606984
115393,1004945
115728,520278
115746,567847
115755,3808343
115773,361088
115861,665917
115931,0
116226,0
116439,909871
116712,880542
116846,356973
117052,969270
117104,259537
117113,153542
117140,3922172
117168,226695
117195,295741
117247,854837
117274,214837
117520,655730
117557,0
117627,1469426
117636,5225465
117645,2407895
117672,381566
117690,848393
117706,1014203
117715,815305
117724,807991
117733,1188702
117751,609003
117788,1999914
117803,0
117867,693757
117894,745499
117928,114831
117946,9981667
118198,117215
118259,0
118277,0
118286,0
118347,904938
118541,377378
118684,502766
118693,512089
118718,1080392
118772,732208
118888,1115154
118912,2466805
118930,1056073
118967,0
118976,2121049
119058,505409
119067,1178375
119137,1409488
119164,2353858
119173,2386058
119216,1110268
119270,187761
119331,694347
119605,4649805
119678,5226138
119775,170743
120184,667869
120254,2531196
120290,1022549
120342,1815426
120403,618338
120421,441510
120537,438050
120661,0
120698,580040
120768,280000
120838,0
120865,1203708
120883,6549250
120953,0
120971,3268241
121044,2109591
121150,4994468
121275,0
121309,1370686
121363,397913
121619,1417442
121628,4005465
121691,2106793
121707,356606
121886,1960213
121901,1827824
121983,0
122117,0
122180,3011083
122205,1589773
122296,857965
122339,1301153
122366,0
122375,1396725
122384,1061981
122409,14687722
122436,8502285
122454,364126
122506,345696
122597,8627829
122612,11029188
122649,585649
122658,2007181
122685,613910
122728,486858
122746,853103
122755,9788502
122791,1143597
122889,1159767
122931,9757188
122977,1945882
123013,2134482
123095,240079
123217,1015084
123280,0
123299,921283
123341,1733752
123448,203956
123457,344985
123484,293442
123509,1089770
123527,1388153
123554,3579750
123563,1039951
123572,3613841
123633,174487
123642,0
123651,632217
123679,0
123800,1133237
123943,604074
123952,273324
123961,51945756
123970,3095467
124113,449324
124283,669500
124292,186758
124487,0
124706,0
124937,0
125028,661172
125037,0
125091,936421
125170,437406
125231,2643972
125462,396889
125471,1302500
125499,894985
125532,242367
125718,306677
125727,1036791
125763,1347010
125897,1409261
126012,282105
126030,835611
126049,1098182
126076,0
126119,343730
126182,748532
126207,437266
126289,506367
126359,0
126401,0
126562,15816585
126580,3627410
126605,0
126614,22603701
126669,595227
126678,4210949
126687,0
126702,125358
126711,1159654
126748,0
126775,3283708
126784,0
126818,18917911
126827,804354
126863,302464
126872,0
126951,0
126979,525908
127060,11681387
127185,1531561
127200,1682277
127273,417091
127389,0
127556,1935804
127617,194227
127653,459913
127714,253776
127732,170310
127741,6865302
127778,157163
127787,0
127820,865359
127839,0
127884,273657
127909,374891
127918,3447479
127945,167805
128106,1364898
128179,0
128188,0
128258,0
128328,3825891
128391,777292
128498,579787
128577,0
128586,0
128683,191496
128744,1317770
128771,5418253
128780,0
128902,3004401
129020,24864020
129154,541366
129215,4749992
129242,3520281
129367,221253
129428,0
129491,305233
129525,2321818
129534,110402
129543,670625
129695,932663
129729,786999
129756,530106
129774,346422
129808,664219
129941,2223232
130004,125105
130040,393192
130110,0
130183,468607
130217,863442
130226,3030329
130253,1961629
130314,1262240
130396,913634
130448,0
130493,5534817
130581,0
130590,4000721
130606,764733
130624,665890
130697,7739100
130776,774775
130794,101083800
130907,2746539
130934,1840002
130943,25660979
130989,349711
131098,152597
131113,1506614
131159,15048748
131283,7024414
131399,3170051
131405,444626
131450,1812873
131469,36347924
131496,32685109
131520,11581331
131803,5054158
131876,482965
131973,492938
132268,0
132338,119093
132408,264765
132471,1999834
132602,1336753
132657,1090912
132693,2033711
132709,2438913
132842,352862
132851,719926
132879,154522
132903,16620327
133021,203316
133386,1185243
133465,247386
133492,1486886
133508,1505397
133526,400880
133553,4266786
133650,5727995
133669,9114142
133702,2419096
133711,981034
133809,236461
133845,0
133854,0
133863,0
133872,1006618
133881,3123835
133951,19496078
133960,226037
133979,855817
133997,0
134079,1096609
134097,24592196
134112,0
134130,36493816
134149,0
134237,472575
134343,587325
134422,0
134495,2273652
134510,0
134608,1134397
134680,113156
134811,314481
134945,1036417
135063,0
135081,2951156
135160,325850
135188,827438
135364,346962
135391,1283951
135610,127022
135717,5653204
135726,29505684
136066,0
136145,274362
136172,4597265
136215,15545114
136233,171241
136288,0
136330,1220941
136358,4463660
136400,1422634
136473,1310598
136516,1269303
136701,138376
136774,709666
136950,2510470
137032,2465541
137078,4049921
137096,1417944
137148,0
137209,1694869
137272,171830
137281,1123526
137315,298853
137351,15427434
137476,2495500
137546,3943861
137564,1572818
137759,1466630
137777,0
137801,0
137847,2404898
137953,110023
137962,0
138187,4257947
138275,384682
138293,0
138354,3800912
138558,343417
138600,829141
138655,0
138664,0
138682,249237
138691,530156
138716,1100450
138761,0
138789,1618543
138813,208872
138840,421192
138868,182549
138901,355284
138929,839976
138947,11257539
138956,443384
139010,100007
139144,1936989
139153,152856
139199,613021
139205,0
139214,0
139250,797162
139278,1044500
139287,0
139311,1528115
139348,1209356
139357,408547
139366,1947277
139384,594415
139393,697117
139463,626267
139579,337629
139621,264052
139630,162267
139658,49730711
139700,1086699
139719,676073
139755,15534054
139764,634255
139861,2159515
139931,5944580
139940,13354482
139959,30332249
139968,549044
139986,388596
139995,0
140003,0
140012,493100
140234,630180
140243,346668
140252,1096613
140331,729421
140340,0
140447,8252445
140562,2151105
140678,320981
140696,405727
140720,426317
140818,603753
140872,436679
140942,459208
140951,1845939
140960,1199740
140988,461941
141006,187090
141167,244927
141185,284554
141237,241240
141255,252786
141264,3611018
141325,350842
141334,3430978
141361,395012
141486,635250
141565,2121501
141574,20921950
141644,1648391
141680,694337
141796,1259439
141802,403646
141811,889658
141839,464375
141936,0
141981,592280
141990,556304
142090,0
142115,7703503
142179,0
142276,5982045
142285,6254678
142294,572783
142328,1398892
142443,969771
142461,504684
142522,2858348
142559,739208
142832,1057900
142887,0
142957,0
143048,1849310
143084,1340157
143118,834184
143215,689147
143279,532273
143288,210779
143297,231936
143358,2540199
143613,283573
143659,534689
143853,2574595
143978,451200
144005,2151813
144014,186922
144050,40070223
144157,579901
144166,486156
144175,435888
144184,650171
144193,672667
144209,849776
144218,554904
144281,2526337
144351,630949
144467,148049
144485,0
144564,433593
144740,11550977
144865,5237245
144883,194519
144892,4198717
144944,1496337
144962,1396077
144971,386337
145239,0
145275,548213
145336,1802819
145372,366606
145460,0
145497,0
145521,273508
145558,1613821
145600,18893517
145619,1507398
145628,907705
145637,47304323
145646,2082816
145682,1161220
145691,584939
145707,0
145725,7170777
145770,0
145813,8797239
145831,397037
145886,0
146010,0
146205,303818
146241,1973479
146278,227326
146296,1021361
146339,539542
146348,357003
146366,176371
146393,183956
146418,551281
146427,1273850
146472,1691371
146481,1363643
146490,0
146506,472518
146533,0
146603,375564
146612,1288618
146667,378247
146676,194715
146685,996980
146700,0
146719,16258785
146728,633495
146755,355800
146816,0
146825,236604
147004,844425
147013,557809
147031,0
147129,120937
147165,0
147244,606250
147341,1546656
147369,1533244
147378,1984786
147411,681058
147536,1493734
147590,439753
147660,1256910
147679,1241618
147697,159272
147703,9119588
147749,265859
147767,41388339
147776,2960127
147800,1866969
147828,1707941
147916,1328978
148007,871711
148016,531669
148131,351247
148140,0
148177,212592
148256,282311
148292,275994
148335,568323
148380,1199198
148399,0
148405,366418
148487,1774077
148496,1786917
148511,5590144
148575,176400
148584,896813
148593,976525
148627,1262357
148654,2387544
148672,309989
148821,106615
148849,0
148876,137500
148885,641607
148937,185537
148982,253808
148991,0
149028,165194
149222,13611087
149231,4115075
149310,0
149329,0
149365,609065
149505,449337
149514,972975
149532,1124209
149639,109902
149727,1502482
149763,0
149772,4588509
149781,3400861
149842,2067521
150048,128107
150066,1003425
150136,10888014
150145,468510
150163,3206638
150172,189422
150215,521609
150251,0
150288,542455
150400,2691292
150455,1331380
150534,2084419
150604,190349
150668,666772
150677,454954
150756,704166
150774,0
150941,229375
150987,4937298
151102,2962744
151111,16269988
151166,789494
151263,1316974
151290,462603
151306,2639489
151324,4465667
151333,1155575
151342,2060914
151351,46875219
151360,1400000
151379,1192796
151388,733672
151458,0
151467,0
151616,0
151661,0
151777,546161
151786,1251195
151801,2307100
151865,230567
151944,0
151962,0
152080,31682728
152099,204604
152248,1183302
152266,370586
152318,1004403
152336,749001
152363,439067
152381,258916
152390,1118181
152451,430937
152530,1126507
152567,327279
152600,3820676
152637,1528545
152673,994485
152798,285238
152992,268899
153001,878579
153108,827894
153126,307800
153144,1236015
153162,1275788
153214,1712096
153241,167539
153250,496921
153269,3194888
153278,698143
153296,181540
153302,204091
153311,553837
153320,125072
153366,302647
153375,551155
153384,3669244
153427,0
153445,498766
153472,478354
153524,175820
153533,363493
153603,23826246
153621,0
153630,404063
153658,39260832
153737,1064055
153825,521503
153834,1688724
153861,264725
153922,125835
153977,346727
154004,410000
154013,571851
154022,2098153
154059,283582
154095,7652340
154101,324980
154110,348844
154129,223648
154156,1795332
154174,1786421
154235,1828339
154262,193419
154350,805714
154378,422977
154396,186691
154493,423241
154518,248507
154527,725713
154536,164861
154572,0
154590,389664
154642,0
154688,512141
154697,239514
154712,430997
154721,172259
154749,331632
154767,0
154776,0
154794,0
154800,507014
154855,0
154907,128394
154925,0
154934,161103
154952,150700
154998,139704
155007,0
155025,1540116
155052,0
155061,2238615
155070,0
155089,552455
155098,0
155104,178672
155140,729135
155177,156313
155186,133708
155195,211621
155201,142941
155210,1654669
155283,0
155292,116305
155308,0
155317,23261613
155335,263729
155399,16410258
155414,263439
155450,194760
155487,0
155496,140884
155511,0
155520,616689
155566,140030
155593,0
155618,0
155627,251098
155681,2461413
155715,0
155812,240826
155830,0
155858,173029
155900,404779
155937,120554
155973,203745
156082,3777260
156107,177402
156125,6050989
156134,0
156189,209457
156213,710393
156222,1704663
156231,275575
156286,1477769
156295,1487954
156338,374236
156356,361766
156365,438800
156392,558402
156408,1188444
156417,100364
156471,0
156541,532759
156620,5621410
156648,428450
156727,240838
156745,610887
156790,451627
156851,339446
156860,0
156921,1535541
157021,0
157030,0
157058,1073673
157076,324928
157085,26792887
157100,287849
157207,230092
157216,426735
157270,0
157289,20083832
157298,636095
157304,435323
157331,426629
157377,268650
157386,3025382
157401,2936557
157438,0
157447,4798044
157465,0
157483,340985
157535,922653
157553,637318
157599,0
157711,391442
157739,686054
157748,1159783
157757,308000
157766,0
157793,919848
157809,427619
157818,795443
157863,442982
157951,8121433
158088,0
158431,582695
158440,0
158477,427351
158662,3228421
158723,0
158802,354191
158884,196850
159009,619792
159197,0
159373,3341123
159382,331171
159391,13878412
159407,376716
159416,1458096
159568,158320
159647,2326231
159656,1752876
159717,1856795
159939,2521761
159948,886315
159966,1804557
159993,1210085
160029,126400
160038,1697500
160065,206289
160074,601206
160409,259099
160481,353550
160524,0
160579,311226
160612,3782654
160621,1689434
160630,1718639
160649,435726
160658,4080956
160667,207273
160755,21150300
160904,2217897
160959,304030
160977,3711809
160995,0
161004,6174439
161022,288630
161077,302202
161086,5263831
161138,220750
161192,239133
161208,0
161217,753688
161226,588086
161235,335087
161244,248249
161253,9810640
161299,557510
161341,160209
161457,3606856
161484,127295
161509,175653
161518,526575
161545,539468
161554,3252689
161563,265487
161572,216176
161581,166732
161688,568663
161767,1505643
161776,0
161864,1064581
161873,4878225
162007,1828490
162061,189563
162104,298212
162122,938930
162168,287000
162210,581284
162283,1344431
162557,471696
162584,2677349
162609,257447
162654,1612451
162690,348593
162706,1412007
162760,842784
162779,898688
162928,46875452
163028,0
163204,2922678
163259,10233148
163268,7932658
163286,29090389
163295,1032160
163338,2385534
163426,5189582
163453,4107162
163462,863432
163532,0
163578,4297778
163657,1207047
163736,0
163851,2861413
163912,1697359
163976,496621
164058,0
164076,6201665
164085,218704
164155,3709788
164173,1120430
164216,1337869
164270,1434129
164313,363094
164368,0
164438,0
164447,649977
164465,6957868
164474,244741
164492,233516
164562,1510160
164580,2593891
164614,0
164632,852452
164641,208492
164720,405337
164739,2339428
164748,1569692
164775,421733
164872,695303
164915,0
164924,24385107
164988,24650684
165015,8686370
165024,1082720
165033,866445
165112,745646
165167,264221
165194,603334
165264,182000
165334,2848582
165495,0
165529,1549411
165574,309852
165644,564846
165662,1904954
165671,1471525
165699,885121
165705,319261
165802,380542
165820,1574108
165866,1894994
165884,180532
165936,828619
165945,1341422
165981,451949
166018,1682395
166027,190116179
166045,132784
166054,899586
166124,4267134
166133,896231
166391,702291
166407,0
166452,1719937
166489,111582
166513,4079633
166629,20421944
166638,5598454
166647,581007
166656,2792325
166674,983742
166683,27550916
166692,452626
166708,6794871
166717,546971
166823,645423
166850,1701155
166869,272219
166887,938290
166911,115768
166939,4048500
166948,848914
166957,428483
166984,265079
167057,811650
167093,583604
167215,1661757
167251,274256
167260,394016
167288,833607
167312,276866
167321,0
167358,15180452
167376,887094
167394,728494
167455,211942
167464,151778
167525,566046
167534,950053
167598,786261
167631,383803
167729,3080023
167738,0
167783,2698680
167792,369228
167835,9524020
167899,1735198
167905,786865
167987,5510932
167996,1651872
168005,4795081
168148,20433804
168218,4869131
168227,1518740
168254,3212003
168263,1444511
168281,2000320
168290,1077764
168342,6993379
168421,4257913
168430,1446080
168528,643192
168546,1329561
168591,1190778
168607,267773
168740,3100530
168786,1089192
168847,3650856
168883,303802
169080,2600296
169220,203646
169248,10004071
169275,894990
169327,0
169363,218484
169424,281650
169442,643515
169479,1347441
169521,620004
169628,949687
169655,203211
169716,5267260
169798,7857587
169910,3740817
169974,321673
169983,920196
169992,127607
170000,0
170037,1026037
170055,1881512
170082,11346979
170091,0
170240,803972
170286,1582247
170301,2890216
170444,589244
170532,1208612
170541,1249218
170550,728019
170587,260668
170620,323915
170639,838208
170657,2180234
170675,1142778
170790,1642240
170806,1153490
170842,574062
170967,242551
170976,84977853
171100,33649380
171128,4490913
171137,2742288
171146,2521174
171155,230809
171225,896057
171234,121546
171304,1170762
171395,192680
171456,3228393
171483,468916
171492,508820
171535,2869295
171571,8617580
171599,257392
171881,210359
172033,313164
172051,2016466
172200,802604
172264,403455
172291,893721
172307,270909
172334,804681
172440,121226
172477,5389027
172608,675794
172617,1480048
172635,1749665
172644,19521624
172671,268347
172699,15599819
172705,471637
172866,0
172918,125683
172954,142055
172963,649006
173045,1419373
173063,324507
173115,0
173124,1911921
173142,243615
173160,1789346
173179,509016
173203,198716
173258,4692174
173300,1661677
173328,1019942
173416,301003
173452,339545
173461,304158
173489,0
173559,523368
173638,402152
173647,1799511
173665,1945240
173683,107537
173708,483999
173735,0
173799,501770
173805,158808
173887,107487
173896,750359
173902,3085750
173911,356514
173920,5410859
173957,11784222
173984,151733
173993,0
174020,2407897
174066,49612154
174075,430924
174118,0
174127,342515
174136,942427
174154,0
174233,3629655
174251,998896
174358,2095241
174376,536397
174394,0
174428,1432923
174437,267581
174473,333457
174491,1092817
174507,484086
174525,0
174570,0
174604,0
174738,959722
174747,1783571
174756,314870
174783,4259657
174792,1705259
174817,1170381
174844,4101554
174862,380493
174899,1157696
174914,7329284
175005,2718387
175014,1295150
175041,327525
175078,966795
175139,223727
175157,153363
175227,192000
175236,316464
175263,0
175272,2417038
175281,1355787
175315,961458
175342,1414738
175421,561921
175430,142654
175519,318855
175528,0
175573,918597
175616,1645736
175643,252124
175652,407673
175786,1868030
175810,733828
175829,793518
175856,1213714
175883,506376
175935,679243
175980,580551
176008,549250
176017,15480549
176035,1103742
176044,1299542
176053,1341217
176071,1503297
176080,12702983
176169,432766
176178,1583579
176239,1118449
176318,430086
176336,0
176354,250858
176372,6487491
176406,249764
176451,0
176479,1083715
176600,0
176619,188132
176628,587946
176664,258458
176789,110600
176910,107484
176947,111450
176965,4731549
177038,337149
177065,889472
177083,238221
177092,1618737
177117,231769
177126,378364
177135,348735
177144,264132
177214,713366
177250,321915
177278,0
177302,0
177339,533664
177418,908850
177472,627306
177542,382518
177551,550732
177579,0
177676,651107
177719,328675
177746,298290
177816,351995
177834,2098649
177940,843242
177968,1391107
177977,238402
177986,503688
177995,2068310
178059,1227719
178110,0
178183,0
178208,494871
178217,201924
178244,475820
178341,1459574
178369,401571
178387,1516540
178396,20628289
178402,9327656
178411,3146701
178420,5790358
178448,248733
178518,402451
178615,3181932
178624,1426574
178679,397496
178697,534718
178721,538110
178767,0
178891,0
179043,794377
179070,0
179159,12123576
179256,0
179265,922825
179308,4805715
179317,0
179326,1577726
179344,319667
179450,0
179511,0
179539,247835
179548,354805
179557,3873407
179566,6423917
179645,423882
179715,195311
179812,1274191
179867,36807423
179894,3708634
179919,0
179946,346746
179955,380472
179964,524170
180054,124508
180106,685477
180151,0
180160,170397
180179,1048957
180197,205222
180203,105359
180212,180511
180249,258585
180258,249542
180276,224603
180328,362039
180373,100697
180416,852527
180461,8949036
180489,7453240
180522,437315
180595,233904
180647,227041
180692,444552
180814,1710061
180832,447929
180878,364478
180902,564028
180948,483997
180984,209413
181002,6091391
181020,692819
181093,136716
181127,435682
181145,0
181215,2852974
181297,430363
181303,1065806
181312,320782
181330,0
181376,0
181394,6058651
181419,0
181428,4489478
181446,720269
181464,18018299
181491,315108
181534,151254
181543,0
181604,353599
181640,862676
181738,640757
181765,0
181783,1118836
181817,329261
181853,189168
181941,0
182005,3234495
182111,119065
182148,0
182281,20093170
182290,13605794
182306,262325
182458,246311
182500,878029
182564,963967
182634,612330
182670,24505074
182795,932354
182829,1562020
182917,0
182980,467702
183026,3367958
183044,13931927
183062,2544900
183080,1784905
183099,756958
183105,199246
183114,214566
183123,296791
183132,284718
183141,309564
183150,344385
183211,1172428
183239,1588925
183248,0
183257,148963
183275,0
183488,0
183600,0
183655,571237
183743,2403082
183789,1618473
183804,1309105
183822,501500
183859,1126335
183877,529588
183910,820818
183938,785851
183974,186260
184180,1286549
184205,354096
184348,2534067
184481,955231
184603,1773093
184612,686778
184694,937340
184773,1230665
184782,8017237
184791,801368
184959,0
184995,1780906
185129,3226030
185262,2791519
185509,629134
185536,1178461
185572,2442542
185590,5674473
185721,0
185758,444462
185828,4434359
185873,1093456
186034,1180354
186122,7671520
186131,61908793
186186,0
186201,2764452
186283,2955859
186371,4659172
186380,27575163
186399,7529516
186432,1008741
186469,0
186584,4520481
186618,302579
186645,333792
186867,2107375
186876,3088055
186900,0
187134,5609523
187198,1881246
187444,4235789
187532,1549543
187596,182575
187620,770158
187639,254819
187648,1756424
187666,225192
187745,564237
187897,1663315
187903,561540
187912,454294
187958,319926
187967,1770697
187976,124956
187985,24764435
187994,241384
188003,304442
188021,190751
188030,7543845
188049,221249
188058,263292
188100,952721
188137,395714
188146,216840
188182,200859
188207,0
188216,172516
188225,136784
188261,0
188304,883488
188340,526562
188429,6564627
188438,608777
188517,0
188526,840555
188535,1337542
188580,2834662
188641,1812021
188678,0
188687,0
188854,624285
189015,1055032
189088,1772406
189097,4581947
189228,1514446
189264,0
189273,0
189282,0
189413,256366
189422,113289
189459,304859
189501,2694402
189547,959221
189556,0
189565,118047
189574,0
189583,0
189592,0
189705,1847830
189811,100490
189839,1149479
189848,427217
189857,0
189981,272084
190044,1960762
190053,356067
190071,278871
190080,0
190099,5865424
190114,505423
190150,69982693
190169,560926
190248,384877
190372,964408
190415,63098923
190424,5521707
190442,459469
190451,469748
190503,572501
190512,5595117
190521,2491766
190530,1981737
190549,4622642
190558,2859979
190567,4640528
190576,2389285
190585,1542592
190594,6544258
190600,2912159
190619,2011017
190628,2957831
190637,1922506
190646,1802465
190655,1755303
190664,4034462
190673,2236555
190682,1775862
190691,1444809
190716,1172748
190725,1240727
190752,0
190761,789373
190840,1000618
190956,204578
190974,0
190983,854054
191083,1691728
191126,4359088
191199,764843
191205,307113
191241,15896021
191302,512149
191320,265250
191339,979993
191515,3987903
191533,979010
191597,0
191612,470477
191621,412996
191630,2598797
191649,11782798
191676,499634
191719,1000733
191931,1459184
191959,0
191968,3938555
191986,724468
192004,0
192022,553909
192040,2015701
192110,1082039
192192,789975
192271,760975
192323,1867602
192439,4549134
192448,5918269
192509,269000
192554,0
192563,110051
192624,0
192688,0
192703,2268000
192712,695015
192749,1370627
192785,214436
192819,2466397
192864,980618
192925,744234
192961,147062
193016,2432687
193052,0
193061,0
193070,0
193201,0
193247,0
193283,774570
193292,3007859
193308,720685
193326,1417404
193353,1116679
193399,355509
193405,5307188
193478,432858
193584,1906626
193645,1716135
193654,6493596
193751,702492
193821,2843859
193830,3120257
193894,194000
193900,50265495
193946,1080564
193973,1260323
194028,207645
194073,300200
194091,4851945
194116,361441
194161,770929
194189,0
194222,1143248
194240,1448155
194310,7283261
194392,514019
194499,587196
194569,0
194578,3529589
194657,0
194666,0
194693,0
194736,0
194763,0
194824,4178933
194958,993913
195003,6146552
195030,25002048
195049,2667000
195058,1217314
195128,1398101
195155,0
195164,885985
195173,1083162
195191,159245
195216,3603063
195234,1541095
195243,556306
195289,108013
195304,1484040
195322,634238
195438,0
195474,1735711
195526,3012039
195544,1894220
195580,171277
195702,0
195720,2143040
195784,0
195809,10443129
195845,0
195988,294400
196006,552745
196015,529199
196024,576263
196033,737577
196042,1445713
196051,549873
196060,13054033
196079,11596084
196088,20605760
196097,15746270
196103,1231505
196112,521800
196121,2686257
196130,3099665
196149,2963627
196158,1526124
196167,2448356
196176,3012007
196185,2422704
196194,2700697
196200,1607324
196219,1901880
196228,613947
196237,1073602
196246,2307435
196255,3131576
196264,786050
196291,601465
196307,4059486
196389,113274
196413,26890179
196431,0
196440,0
196468,5812204
196477,302657
196565,650221
196583,0
196592,7590946
196653,317960
196680,1808064
196699,616541
196866,4516542
197018,0
197027,752079
197036,2658593
197045,1449584
197133,5682507
197142,158694
197151,1881026
197197,816987
197221,209780
197230,457604
197285,123135
197294,1798975
197522,0
197601,0
197610,0
197647,0
197674,0
197692,0
197708,6736337
197735,0
197744,0
197814,407362
197832,106473
197850,411355
197869,10869452
197887,553215
197911,131594
197966,324661
197984,537235
197993,197097
198011,246084
198039,301604
198066,303646
198084,187088
198109,136919
198118,489572
198136,4860652
198154,1115417
198206,284968
198215,513981
198233,361455
198251,731903
198260,2282304
198303,722018
198321,614079
198330,440974
198367,255124
198376,286997
198385,3451075
198419,48954435
198455,601216
198464,16229191
198491,372181
198507,1134458
198516,3515707
198534,732082
198543,2728748
198552,799112
198561,1233450
198570,605699
198598,223464
198613,772624
198622,824472
198640,198136
198668,253677
198677,0
198695,1279000
198710,311297
198729,155699
198747,0
198756,677077
198774,293642
198808,178267
198817,170393
198835,917696
198862,242949
198871,187856
198899,497234
198905,141145
198914,214126
198923,178566
198950,1314052
198969,1127782
198978,0
198987,156974
199023,154530
199032,269067
199069,619741
199087,271755
199102,5729858
199111,1896737
199120,45123272
199139,10595481
199148,11404747
199157,3653389
199184,1229465
199193,30061683
199209,397425
199218,6709615
199263,213410
199272,233100
199281,2696420
199306,156740
199324,233412
199333,831341
199412,557135
199421,341569
199449,313285
199458,131550
199467,291363
199476,271322
199485,205103
199494,706035
199582,231123
199607,494957
199625,233174
199634,514712
199643,477055
199698,251836
199722,285218
199731,193840
199740,269329
199759,1134309
199768,369060
199786,513902
199795,242565
199838,428504
199847,19831026
199856,1577848
199865,845716
199892,219870
199908,191524
199926,292351
199953,259531
199962,636270
199971,0
199999,3027609
200004,5202547
200022,634299
200059,628244
200086,142936
200156,613319
200192,146330
200208,127275
200217,495930
200226,393418
200253,832445
200280,7865070
200305,366686
200314,0
200332,6523247
200341,0
200466,153880
200484,106958
200527,113902
200554,0
200572,499825
200590,0
200624,0
200633,0
200785,0
200800,8004235
200846,300589
200873,0
201016,0
201104,776957
201140,273204
201177,212000
201195,1303762
201283,195825
201371,542277
201399,0
201432,214404
201441,7237123
201469,0
201548,2059958
201645,16332824
201654,1832861
201690,764073
201751,0
201821,654488
201858,374241
201867,0
201885,20540984
201928,758089
201946,433119
201955,530504
201964,296360
201973,353230
202046,313842
202073,468198
202134,5036223
202161,0
202170,519485
202222,1666271
202356,5931415
202435,0
202480,7056897
202514,174246
202523,3743231
202648,261420
202684,0
202763,925554
202806,654492
202903,0
202912,829866
203067,2121958
203085,311275
203128,723696
203155,263336
203289,0
203331,281592
203368,2559650
203386,0
203447,203356
203456,147860
203465,667711
203474,358045
203483,263948
203492,109061
203517,14008089
203526,155443
203535,3167070
203544,583340
203580,181642
203599,1101178
203720,0
203739,0
203748,1400764
203757,393062
203775,515284
203845,849847
203960,271121
203997,286501
204006,513378
204015,457905
204024,10598537
204060,0
204176,1028916
204185,1402390
204194,320024
204200,635551
204255,332211
204264,603525
204316,0
204440,231700
204468,288763
204477,1100552
204486,313623
204501,7444432
204608,0
204617,672428
204626,0
204635,2387394
204662,214375
204671,339769
204680,202804
204699,299546
204705,470255
204796,36554707
204857,14685271
204884,0
204909,1819948
204936,1455376
204945,728850
204990,119795
205027,355519
205124,0
205179,0
205203,345229
205391,0
205443,1240040
205470,1099526
205513,0
205522,0
205559,0
205610,0
205647,0
205841,398241
205887,0
205957,710292
205966,540055
206011,290764
206048,345339
206084,8189182
206154,0
206215,392362
206224,0
206279,672456
206288,348944
206330,164368
206349,656034
206394,0
206437,756848
206446,138315
206491,187500
206507,427903
206516,0
206525,1410133
206589,2446153
206604,9379394
206613,0
206622,2596971
206695,2975489
206817,129649
206835,0
206862,530362
206914,1318902
206923,202315
206941,4356250
206996,314147
207041,1308804
207050,0
207069,149383
207157,0
207209,864587
207236,172621
207254,120621
207263,2735386
207281,301100
207290,237596
207306,641932
207315,1174674
207324,601015
207342,4712277
207351,446147
207388,17992644
207397,453632
207403,1245817
207449,1175771
207458,2189077
207500,19733330
207564,511017
207582,1429036
207625,0
207661,904748
207670,822999
207689,197723
207722,318000
207740,0
207847,1179869
207856,0
207865,1682010
207935,2430510
207962,0
207971,5141498
208035,206605
208239,171416
208275,296645
208318,1086919
208390,1868896
208406,674595
208415,266478
208479,0
208488,2083978
208512,0
208646,1778417
208725,0
208822,2023951
209038,1316493
209056,4494789
209065,2627972
209074,572675
209108,515691
209241,679138
209250,1522702
209287,334116
209296,390286
209409,339287
209490,10175579
209506,1757984
209533,0
209542,13788548
209551,24866037
209603,319028
209612,2750319
209746,4364377
209807,10174619
209825,3111486
209922,4946287
209940,941665
210076,0
210146,2749582
210155,254279
210234,260582
210270,395397
210304,356207
210331,243015
210368,290711
210401,3294536
210429,2489360
210438,651219
210483,0
210492,431436
210571,1164547
210605,2759487
210669,2053290
210739,826245
210775,959603
210809,264437
210890,0
210906,0
210942,137436
210951,0
210960,109101
211024,178221
211079,337150
211088,1705188
211130,151529
211149,0
211158,3884466
211200,0
211273,4651516
211291,5615334
211307,1421335
211343,500510
211352,846311
211361,2431998
211431,576333
211440,13604321
211468,743334
211477,377326
211556,677261
211583,518253
211608,701010
211617,0
211644,2806056
211820,0
211893,497305
211909,0
211927,995490
211981,577786
212009,3367672
212045,0
212054,11454839
212106,6790055
212115,1849186
212133,945220
212160,2877071
212197,1177441
212434,0
212443,141965
212452,0
212577,3275576
212601,1608747
212656,501663
212674,3637455
212771,0
212805,1412588
212832,780248
212869,302000
212878,2887049
212911,4482650
212975,0
212984,693271
212993,0
213002,0
213011,724257
213020,4745621
213233,0
213251,1029389
213303,475365
213321,1188868
213349,3096847
213358,613822
213367,2261341
213376,174021
213385,4622585
213400,642840
213446,219781
213473,0
213507,1264180
213525,1215204
213534,0
213543,7607845
213570,0
213589,0
213598,1127391
213613,1481829
213631,218727
213640,232901
213659,459077
213668,1270090
213774,171230
213783,1155001
213826,1466962
213871,0
213914,0
213987,1066819
213996,1998136
214023,0
214041,3178244
214069,1207766
214111,1421072
214148,257844
214157,1012901
214166,519118
214175,1949425
214254,0
214272,1058575
214290,0
214379,1167110
214528,0
214564,506702
214582,132541
214777,68994072
214883,340465
214892,0
214944,0
214971,172217
215053,0
215062,54535333
215099,1647728
215105,1200647
215114,809256
215123,3422798
215132,1912076
215239,1770407
215293,37006553
215381,0
215390,0
215415,141196
215424,863362
215442,745206
215585,735345
215619,107604
215628,114244
215637,0
215646,0
215655,1463361
215682,0
215691,437170
215743,1135081
215770,3199883
215798,587060
215929,4371410
215947,574452
215992,0
216010,3088645
216038,3084041
216047,465746
216083,0
216278,1392258
216287,5286443
216296,317224
216311,0
216339,23821399
216348,0
216357,424641
216366,5950226
216418,0
216427,0
216436,0
216445,0
216454,0
216463,196901
216524,1115879
216542,378222
216551,222780
216597,9867589
216667,1101111
216694,410746
216764,7959360
216782,0
216807,1191874
216816,545375
216825,349152
216852,6074843
216931,1318020
217013,360830
217040,0
217059,1747899
217077,0
217156,24836552
217165,1634831
217235,3427329
217305,659303
217402,3996616
217420,3053044
217475,1912971
217484,10387358
217493,1946377
217518,2889140
217536,1382239
217606,0
217615,278521
217624,355130
217633,787145
217688,1040487
217712,342377
217721,581680
217749,991626
217776,341914
217819,7219744
217837,217915
217864,1698395
217873,571561
217882,15081959
217891,0
217907,407848
217925,371371
217934,152760
217961,490268
217989,239558
217998,503630
218025,380583
218043,0
218061,1899546
218070,3427700
218113,952667
218140,721361
218229,563149
218238,496070
218335,6887415
218353,1850719
218399,1174601
218414,256200
218441,682362
218487,345317
218520,419351
218539,788023
218645,1120011
218654,710884
218663,25248077
218672,398165
218681,178937
218690,160300
218706,109391
218724,3062599
218733,966870
218742,3121473
218751,153241
218821,291768
218830,556518
218858,204741
218885,593738
218894,1205681
218919,203100
218955,187530
218964,3113769
218973,1594646
218991,450074
219000,1234083
219046,615504
219082,462773
219091,311380
219143,101695
219189,0
219198,253913
219204,771920
219240,0
219259,776825
219277,401000
219295,147080
219347,1096052
219356,4119703
219374,205883
219383,366593
219408,0
219426,0
219471,4513340
219480,170047
219505,0
219578,406179
219602,3191839
219639,433132
219709,2441117
219718,560573
219790,333377
219806,599584
219824,1454967
219833,580638
219879,392444
219888,579508
219903,0
219949,325396
219976,1429799
220002,0
220057,339500
220075,5180516
220118,0
220181,400854
220206,145861
220215,442963
220312,0
220400,556092
220464,0
220473,470316
220516,296802
220552,714034
220598,229416
220604,385888
220613,1231385
220631,2112366
220701,306555
220710,620311
220792,1363440
220808,146206
220862,7692942
220871,250922
220978,9896255
220996,163500
221096,627333
221148,0
221184,806406
221254,0
221351,1596812
221397,665365
221485,1088232
221519,3184539
221643,883418
221661,1311413
221670,344535
221731,316063
221740,3974246
221759,23982476
221768,2023747
221795,0
221838,4281344
221847,3300604
221892,1017113
221908,897602
221953,468167
221971,1413852
221999,29947964
222053,904135
222062,627204
222178,2297994
222567,259121
222576,559731
222628,386581
222822,338982
222831,2512311
222877,0
222938,217986
222983,1056073
222992,5703957
223001,670793
223083,332043
223117,148673
223223,2905612
223232,24607941
223320,220340
223427,1547600
223463,0
223472,0
223506,708272
223524,564604
223773,345156
223816,954027
223898,262326
223922,0
224004,351435
224110,662580
224147,6293423
224226,1192130
224244,0
224271,0
224305,777078
224323,1482470
224350,1423687
224527,650141
224545,1201802
224554,3753416
224572,739138
224615,458621
224642,2738240
224660,0
224679,0
224712,357689
224776,126402
224891,0
224961,311433
225070,232200
225201,0
225247,1174436
225308,730725
225371,346787
225399,1066255
225414,3914049
225423,5022914
225432,4396754
225502,1814674
225511,25115509
225520,303003
225548,505893
225575,269542
225627,2675033
225779,0
225788,0
225876,0
225885,156258
225991,0
226019,511091
226091,4288447
226107,471123
226116,426752
226134,855865
226152,2736594
226204,891556
226231,264210
226277,0
226383,685024
226408,525585
226471,1700421
226578,785965
226587,289774
226806,545564
226833,1441305
226879,248326
226930,355521
227146,480371
227182,6616787
227191,710639
227216,19512353
227225,245330
227289,359097
227304,380433
227331,1309261
227368,5592164
227377,0
227386,392797
227401,351437
227429,119292
227526,3051499
227687,0
227757,19984455
227766,1034125
227836,0
227845,1847723
227854,987977
227863,1081980
227881,6212838
227924,1337487
227979,1909504
228042,660800
228149,1323268
228158,740135
228194,2371794
228246,15920238
228316,408094
228325,307500
228343,2295704
228431,4761227
228459,18316220
228468,530884
228486,0
228501,1011132
228529,2937317
228547,5493278
228608,580102
228635,4929605
228644,3551920
228653,5768558
228699,574292
228705,3048067
228723,46860833
228769,12965440
228778,54137017
228787,7822755
228796,6704754
228802,2044007
228866,457046
228875,9999782
228884,201394
228909,3310064
228981,855417
229018,1888441
229027,13555514
229036,0
229063,2707690
229115,21580509
229160,1151463
229179,5549990
229267,3790812
229300,3547283
229337,7719859
229355,725996
229504,288063
229780,636568
229799,497403
229814,2690096
229832,148743
229841,466326
229887,296485
230038,32029293
230047,1301721
230056,0
230171,1328693
230366,0
230418,399027
230597,627674
230603,2193574
230621,0
230630,0
230728,9728474
230737,4223088
230746,2519019
230764,18885427
230782,4289528
230807,1024200
230816,761194
230834,724521
230852,1384667
230889,296283
230898,373354
230913,618556
230931,525943
230940,307989
230959,6617999
230977,0
230995,1541206
231059,1710915
231068,303486
231077,152570
231086,165835
231095,115337
231147,1397210
231165,1187974
231174,15188064
231420,551976
231536,386762
231554,184174
231581,988428
231624,12359241
231651,2910636
231697,310838
231712,3729345
231785,134323
231828,0
231837,993724
231873,209850
231882,0
231970,2335413
232016,0
232025,682523
232043,874009
232052,219680
232089,418768
232186,23342023
232195,544143
232256,1156200
232265,2494737
232308,952452
232414,1220359
232423,9831821
232450,768028
232502,0
232557,10488283
232566,2514039
232575,837305
232609,955619
232672,529767
232681,2651063
232706,3172112
232788,229353
232797,0
232867,453909
232885,1040804
232937,1305541
232946,3237240
232982,9303706
233019,242490
233037,252870
233082,0
233091,0
233116,478543
233277,3974473
233295,959843
233301,337793
233310,385201
233329,0
233338,271481
233356,150486
233374,9117967
233408,207117
233426,1299015
233541,1330888
233611,205440
233639,318538
233648,247606
233718,843947
233754,1660448
233772,4035921
233842,1522559
233897,1056890
233903,175174
233921,24676033
233949,396823
234030,23895724
234076,47969668
234085,1222805
234137,0
234155,1822252
234164,853979
234173,652802
234207,5418527
234377,223863
234492,188034
234669,1704786
234696,438772
234711,506602
234827,4433317
234845,487504
234915,1134159
234933,1657583
234951,385283
234979,550575
235024,373956
235097,5094360
235103,785905
235149,1207673
235167,3714299
235237,1681235
235316,5052487
235334,523895
235343,1371477
235422,391232
235431,1304858
235547,957333
235671,365845
235699,359318
235750,381350
236072,658623
236133,617136
236188,1102310
236212,0
236230,2033496
236258,392696
236328,3359198
236382,530850
236452,980866
236504,704629
236513,1078353
236577,2451386
236595,5682248
236610,1112566
236638,678653
236656,698956
236692,924810
236708,599251
236753,834137
236887,616939
236896,1476307
236939,12887544
236948,46328684
236975,805615
237011,7827907
237039,593126
237057,2511704
237066,1310870
237109,719429
237118,259636
237136,0
237181,312163
237215,298999
237312,454719
237330,442453
237358,240997
237367,1399537
237385,334522
237437,0
237525,4669434
237598,0
237640,228474
237686,234559
237701,363067
237783,114125
237792,1174029
237817,321650
237880,417659
237899,694632
237932,306000
237950,361048
237969,602774
237978,0
237987,0
237996,0
238014,320446
238032,21721205
238078,358295
238193,640626
238263,1878207
238324,129821
238333,1162494
238397,227664
238430,695351
238458,1086997
238476,1014265
238616,867644
238661,754116
238722,424286
238759,1166640
238980,331119
239008,249954
239017,1977605
239071,242010
239080,540847
239105,14585354
239169,4725138
239220,309520
239248,1702048
239309,191566
239318,697391
239372,772629
239390,233907
239424,296759
239442,437677
239460,339925
239488,821373
239512,309540
239628,220460
239637,338190
239716,1178477
239743,179617
239910,245198
239929,0
240055,1734651
240107,692406
240116,334494
240125,695541
240170,537257
240189,2279529
240198,608984
240213,0
240268,2543638
240277,1384186
240329,3176820
240338,421515
240365,2386901
240374,1314822
240392,292781
240417,2041922
240426,1849180
240444,32747222
240453,7964939
240462,1318420
240471,1214427
240480,1785846
240505,186067
240514,363111
240596,142953
240620,1181274
240657,535360
240666,561226
240693,433467
240718,0
240727,15760477
240736,324503
240745,361916
240754,1750319
240790,164863
240985,0
241100,290190
241128,182951
241191,437494
241216,313550
241225,397950
241304,188202
241331,153576
241377,754676
241395,154321
241410,1194583
241517,0
241614,0
241720,223945
241739,1004488
241766,543139
241793,0
241836,0
241951,209859
242042,0
242112,100499
242121,179221
242130,0
242149,0
242422,801835
242556,0
242565,0
242583,0
242617,714671
242626,867836
242635,885819
242644,504333
242653,1417531
242662,873880
242680,442916
242699,487788
242705,592609
242723,1937637
242972,0
242981,0
243072,104922
243081,619180
243106,1095115
243115,1424042
243133,1246357
243142,1231751
243151,1957317
243179,1722317
243188,911929
243197,5214923
243203,3776283
243212,1383917
243221,15298023
243346,1000688
243443,878754
243498,0
243568,517002
243577,630725
243586,242632
243601,1105001
243638,403012
243647,0
243665,792811
243744,107104073
243780,32226208
243823,435716
243832,345714
243841,0
244233,0
244437,2746235
244446,484303
245342,0
245421,0
245430,0
245625,164040
245652,440819
245731,0
245777,0
245838,322894
245847,150440
245865,376005
245883,247862
245892,137533
245953,276009
245962,0
246202,0
246266,0
246345,113139
246354,777125
246789,0
246813,616715
247065,0
247603,289830
247649,470070
247773,0
247825,116827
247834,3217861
247940,338275
248934,7029371
249609,0
250027,0
251075,0
251260,484637
251312,262653
260293,0
260354,0
260372,198549
260789,0
260813,0
260901,2199353
260947,0
261861,0
262031,940192
262129,1211769
262332,0
363439,0
363590,0
363633,250017
363721,1176671
363934,0
364016,1122699
364025,980789
364168,0
364955,0
364973,0
365055,106019
365204,0
366003,0
366252,2479581
366261,0
366340,136648
366368,126125
366395,5400490
366401,1043875
366465,143514
366535,0
366553,124606
366605,0
366711,4210288
366748,0
366793,0
366960,0
367097,0
367103,0
367112,0
367194,111376
367361,0
367459,828232
367839,0
367884,432936
367936,183894
367954,588555
368443,0
368452,0
368780,0
368911,141582
369002,226821
369455,0
369516,0
369659,182238
369862,0
369905,0
371052,0
371964,0
372073,0
372329,190795
372921,0
372958,0
373058,0
373085,0
374024,157274
374875,0
374972,0
375230,0
375416,0
375489,0
375841,0
375939,0
376224,0
376321,183323
376385,0
376695,159694
377111,0
377218,0
377342,0
377449,0
377458,0
377546,0
377555,3115206
377564,1663824
377652,0
377661,0
377670,0
378576,301523
379782,0
380359,108911
380368,199729
380377,235656
380438,0
381352,0
381459,218298
381732,0
381945,0
382504,137214
382771,0
382896,0
382911,0
382957,0
383020,0
383190,198848
383950,0
383996,117000
384254,0
384306,0
384333,891395
384342,432643
384412,0
384421,0
385503,0
385619,264886
386472,0
387925,0
388043,0
388520,290801
389727,0
390701,0
392257,0
392840,0
393180,0
395362,385630
398130,106107
399212,1713805
399869,0
399911,1252910
401223,0
401250,0
402776,0
403469,114176
403478,0
403487,104266
404222,411460
404338,0
404365,0
404374,0
404383,0
404426,102982
404806,0
404994,844872
405058,0
405854,0
405872,922263
406547,0
407328,0
407610,0
407629,989040
408039,0
408312,0
408729,0
408844,564112
409254,356227
409315,4285621
409616,1244686
409698,1649840
410283,0
410496,0
410502,121137
412003,0
412173,0
412599,0
413413,1603266
413617,263417
413626,196091
413802,100519
414461,142552
414823,356389
414878,0
414911,314206
414966,385735
416801,4096437
417327,0
417734,0
417752,0
418126,213219
419341,0
419457,116878
420006,0
420024,0
420103,0
420246,300500
420307,0
420316,0
420325,0
420398,975559
420431,335392
420440,246335
420495,0
420538,235764
420556,225060
420705,0
420723,119453
420866,106998
421513,0
421708,0
421832,142322
421841,0
421878,0
422695,0
423643,1540441
423652,156208
423980,112443
425250,0
427982,0
428143,0
428170,0
428268,0
428286,0
428392,303036
428444,109989
429085,0
429094,0
429128,0
430157,0
430166,0
430485,0
430670,483537
430704,0
430810,216407
430935,0
431141,589609
431886,0
431929,0
431983,0
432302,0
432348,398469
432357,0
432384,0
432524,106881
432533,131564
433004,0
433013,0
433174,124878
433387,675641
433420,0
433536,0
433563,202136
433660,4612836
434016,123745
434061,406421
434159,0
434432,0
434441,0
434539,0
434584,662014
434672,2851718
434690,0
434715,1749332
434751,0
434821,0
434900,0
434937,0
435000,3426806
436094,0
436182,0
436191,0
436261,0
436304,276841
436429,103004
436438,0
436465,0
436614,0
437060,0
437097,0
437103,836313
437635,0
437705,0
437732,0
437750,0
437769,0
438151,0
438212,0
438221,0
438285,0
438498,1011811
438586,172534
438647,0
438708,0
438869,0
438902,0
439020,0
439057,0
439127,0
439288,392235
439367,0
439394,0
439446,0
439455,0
439570,0
439613,0
439701,160513
439783,0
439792,0
439862,0
439899,0
439914,0
439969,0
440174,0
440271,0
440323,0
440332,0
440341,143086
440402,145697
440651,0
440776,0
440794,0
440873,0
440882,0
440891,0
440916,1305319
440925,0
441025,0
441052,0
441089,0
441104,319957
441131,280041
441201,0
441229,0
441238,1770729
441308,488285
441371,0
441423,0
441478,0
441487,0
441511,0
441609,0
441636,0
441690,0
441742,0
441858,0
441900,574260
441919,0
441928,0
441937,2311139
441973,0
441982,724234
442037,0
442046,0
442064,0
442222,0
442295,933653
442356,656819
442383,0
442392,0
442408,0
442426,0
442435,0
442523,0
442569,140220
442781,224129
442790,0
442806,716714
442879,0
442930,0
442949,0
442967,0
443049,0
443058,0
443076,157987
443128,134439
443270,0
443331,186841
443340,0
443377,0
443395,0
443410,158812
443562,227316
443599,0
443623,0
443650,0
443696,0
443748,0
443827,0
443836,0
443854,0
444024,0
444042,0
444103,0
444130,764024
444219,1154966
444255,0
444334,0
444361,0
444398,168542
444413,0
444565,0
444699,0
444714,0
444778,0
444787,0
444927,0
444954,0
444972,0
444990,0
445027,325067
445054,0
445090,0
445115,0
445133,321871
445188,3873826
445203,0
445249,0
445258,0
445328,0
445434,0
445559,0
445692,0
445708,413828
445726,0
445735,1251977
445744,0
445869,210000
445948,0
446002,0
446039,0
446048,332077
446093,0
446127,0
446163,0
446233,0
446394,0
446525,0
446552,106757
446561,0
446589,0
446598,0
446604,0
446613,0
446640,187567
446668,0
446677,0
446774,0
446792,0
446808,0
446835,0
446844,0
446880,0
447014,0
447050,0
447102,0
447120,0
447263,0
447272,0
447290,106438
447379,0
447421,0
447458,0
447476,0
447582,0
447634,0
447689,2258614
447698,0
447759,0
447768,0
447801,0
447847,0
447935,0
447953,0
447999,0
448239,0
448345,0
448576,161808
448594,498216
448600,0
448664,0
448691,0
448734,0
448752,0
448761,0
448840,1960145
448859,0
449010,0
449083,0
449117,0
449126,0
449135,0
449144,0
449302,0
449339,1665122
449348,0
449445,0
449481,0
449506,114307
449524,0
449612,0
449658,0
449764,0
449834,0
449861,0
449870,200862
449889,205782
449898,204877
449922,280381
450003,0
450049,0
450058,0
450067,0
450085,0
450094,128544
450128,0
450173,0
450191,0
450289,0
450401,0
450465,0
450526,0
450535,0
450544,0
450766,0
450933,364234
450942,553850
450960,0
450979,288520
451060,0
451079,0
451103,141344
451130,0
451370,0
451398,0
451404,0
451510,1325408
451556,0
451662,200360
451671,697615
451699,0
451705,0
451741,0
451750,0
451796,184299
451820,117662
451848,101108
451857,0
451866,0
451909,0
452018,0
452027,0
452036,0
452045,0
452054,0
452063,0
452081,123908
452090,0
452115,0
452373,0
453109,0
453455,0
453464,0
453473,0
453747,0
453817,0
454184,183769
454227,902434
454458,0
454616,0
454625,0
454689,0
454698,0
454786,0
454829,0
454838,0
454856,118151
454883,0
454908,0
455099,0
455114,839183
455169,1257489
455178,0
455196,120765
455257,0
455336,0
455390,0
455406,279530
455433,0
455479,0
455512,208959
455567,0
455600,0
455619,0
455628,0
455655,0
455664,516500
455716,0
455770,0
455804,344030
455813,0
455868,0
455956,0
455983,0
455992,177491
456010,0
456056,0
456180,0
456205,0
456296,0
456302,0
456348,278685
456454,0
456490,0
456506,123908
456542,676757
456579,0
456612,0
456791,0
456940,0
456959,0
457004,0
457022,0
457086,0
457174,0
457226,0
457271,0
457299,0
457402,0
457484,0
457527,0
457536,0
457688,0
458034,0
458113,0
458140,0
458186,0
458210,236077
458229,175508
458256,0
458283,0
458405,0
458441,0
458450,0
458469,0
458478,0
458496,0
458502,0
458575,0
458593,0
458681,0
458690,0
458706,0
458982,149186
459082,236283
459091,0
459107,0
459161,0
459204,0
459213,0
459222,0
459259,164744
459268,160142
459356,0
459417,0
459514,0
459727,0
459736,971919
459745,174861
459824,593168
459842,0
459851,0
459949,1313632
460020,0
460039,0
460048,0
460075,0
460109,123908
460181,0
460190,0
460206,0
460215,0
460358,0
460376,0
460394,636963
460464,988635
460613,0
460677,0
460729,0
460738,146671
460747,116881
460774,0
460783,0
460817,0
460826,0
460835,0
460844,0
460853,0
460899,0
460923,0
461005,0
461014,0
461023,0
461032,0
461120,0
461139,0
461148,224172
461218,0
461236,0
461263,0
461281,0
461315,0
461485,0
461528,0
461573,0
461643,0
461759,0
461795,0
461883,0
461953,0
462044,0
462354,0
465812,0
467793,0
468006,0
468015,0
468024,148873
468723,0
469416,0
469629,0
470047,0
470092,0
470162,0
474881,0
474890,0
474906,0
474997,0
475033,155378
475042,0
475060,0
475079,0
475121,427747
475130,0
475185,0
475194,0
475228,0
475291,0
475352,0
475370,0
475398,0
475422,0
475477,0
475495,295302
475510,0
475565,335072
475583,0
475592,0
475608,258807
475617,0
475635,0
475699,0
475714,0
475811,0
475839,0
475866,0
476337,0
476601,0
476692,0
476717,0
476948,0
476975,218922
477039,114508
477950,0
478634,0
479248,0
480073,112154
480082,135685
480091,0
480107,0
480143,0
480189,111968
480204,0
480301,340814
480480,0
480499,0
480514,0
480550,123908
480569,497015
480781,0
480790,584839
480815,0
480851,0
480967,0
480985,0
481030,0
481058,103057
481094,415984
481225,0
481234,0
481252,0
481401,0
481410,0
481438,0
481720,141669
481766,0
481863,123908
481915,0
481988,0
482024,0
482149,4891498
482158,1138437
482228,0
482398,0
482477,708469
482680,3433180
482699,419821
482927,0
482936,450500
482954,0
482990,0
483018,301870
483036,1427359
483045,106406
483212,381757
483221,0
483319,0
483522,0
483780,0
483814,0
483975,1046316
483984,0
484349,123908
484613,9121367
484835,0
484862,0
484871,0
484905,459024
484932,0
484978,0
485078,0
485111,563578
485139,0
485263,0
485272,0
485421,0
485458,453241
485519,0
485537,527661
485546,0
485768,0
485999,0
486017,0
486026,0
486053,153872
486080,0
486123,0
486196,0
486239,0
486257,0
486284,0
486354,0
486424,0
486433,0
486460,0
486594,0
486813,0
486822,0
486840,4942460
486901,225957
486965,0
487010,3522752
487153,0
487162,563586
487302,0
487311,0
487320,827667
487357,0
487366,0
487375,0
487384,0
487393,0
487409,0
487418,0
487427,0
487436,0
487445,0
487454,0
487463,0
487472,0
487481,0
487490,0
487524,522716
487588,0
487649,0
487667,124280
487746,0
487834,0
487843,0
487861,0
487977,0
487995,0
488004,0
488031,0
488068,0
488077,0
488086,0
488095,0
488101,0
488305,0
488314,0
488332,0
488350,0
488387,0
488448,0
488527,0
488572,146391
488730,555503
488819,311211
488846,0
488907,0
488943,0
489201,422096
489812,0
489821,0
489858,238426
489937,112205
490009,0