UNITID,EFTEUG,EFTEGD
100654,3977,828
100663,10174,4933
100690,255,158
100706,5290,1144
100724,4652,394
100751,30618,3709
100760,1396,
100812,2331,
100830,3522,437
100858,21208,3418
100937,1486,
101028,1360,
101073,387,
101116,475,92
101143,1445,
101161,3838,
101189,2594,427
101240,3898,
101277,83,
101286,3494,
101295,4291,
101301,1412,
101365,375,8
101435,1054,
101453,39,16
101462,726,
101471,561,
101480,6203,652
101499,954,
101505,5664,
101514,7013,
101541,303,
101569,2493,
101587,1765,1356
101602,1391,
101648,472,
101675,1880,
101693,1394,83
101709,2317,354
101736,2510,
101879,5226,647
101897,1902,
101912,1700,50
101949,1088,
101958,21,
101994,428,
102030,2351,
102049,3346,919
102058,210,7
102067,3610,
102076,2121,
102094,10931,4124
102234,1396,62
102261,122,
102270,730,
102298,894,
102313,1254,
102368,11078,2420
102377,2460,196
102395,101,163
102429,2850,
102553,10742,873
102580,26,
102614,5152,773
102632,1367,322
102669,249,133
102711,295,
102845,7157,47
103501,654,
103741,122,
103778,,335
103811,915,
103893,621,
103909,608,
103927,308,
103945,161,
103954,55,
103963,676,
104090,790,83
104151,42226,7675
104160,5575,
104179,33080,5918
104188,140,8
104346,3949,
104364,356,
104391,60,
104425,7047,
104434,56,
104443,77,
104504,193,
104568,558,
104577,3620,
104586,2211,40
104665,,7
104708,11281,
104717,39085,24265
104911,94,
105145,3128,
105154,12197,
105206,2632,
105215,1865,
105297,972,
105330,22619,2560
105349,1908,
105367,307,262
105428,6621,
105482,150,
105525,14489,
105534,2855,
105543,1371,
105589,366,272
105659,909,
105668,12346,
105677,55,
105701,38,
105747,5288,
105792,2318,
105899,637,
105987,340,
106041,3055,
106102,692,314
106111,153,
106148,3802,
106245,7042,1315
106263,633,891
106281,27,
106306,891,
106315,104,
106324,28,
106342,617,
106351,192,
106360,29,
106397,20922,2880
106412,2431,71
106449,2899,
106458,8845,3415
106467,8588,592
106485,2560,161
106494,56,
106546,813,
106625,1226,
106704,9136,1227
106713,701,
106795,965,
106810,196,
106829,277,
106883,752,
106892,303,
106908,453,
106980,1591,
106999,963,
107044,4365,797
107071,2960,284
107080,1432,10
107099,45,
107123,138,
107141,1666,440
107211,33,
107220,269,
107293,85,
107318,1069,
107327,917,
107363,39,
107442,66,
107460,1314,
107488,332,
107512,1458,
107521,805,
107549,813,
107558,645,
107585,1529,
107600,593,
107619,942,
107637,1034,
107655,33,
107664,5158,
107725,947,
107743,551,
107789,151,
107831,80,
107840,216,
107877,487,
107974,1091,
107983,2927,943
107992,1084,
108065,24,
108092,5403,6
108232,6470,3352
108269,,193
108348,17,
108649,259,
108667,3097,
108807,6744,
108852,338,
108861,,39
108870,,336
108977,115,
109040,2004,
109086,24,57
109208,19477,
109350,9150,
109651,2204,259
109721,281,
109730,165,
109785,5925,3900
109819,12338,
109907,2111,
109934,222,
110060,208,56
110097,4273,1105
110194,194,
110219,2223,0
110246,8234,
110307,,295
110316,125,1193
110334,7564,
110361,6393,2125
110370,1369,469
110398,,38
110404,982,1274
110413,2844,1202
110422,18867,599
110468,472,2515
110486,8031,711
110495,6817,830
110510,15198,1252
110529,19021,717
110538,15250,529
110547,9832,1168
110556,18737,1674
110565,28408,2565
110574,11122,2003
110583,27490,2822
110592,20253,2081
110608,29411,2888
110617,22673,1608
110635,28745,10133
110644,27706,5326
110653,26276,5370
110662,30510,11004
110671,18466,2913
110680,27693,6040
110699,,1412
110705,20886,3092
110714,16506,1737
110778,6,246
110875,85,
110918,13,
111009,522,
111054,270,
111081,1034,640
111188,1309,
111391,,90
111434,3325,
111461,12905,
111513,189,
111638,574,
111708,201,
111717,335,
111726,266,
111744,154,
111762,112,
111799,78,
111887,14025,
111896,2303,
111920,8113,
111939,12773,
111948,6519,1065
111966,81,541
112075,1996,2139
112084,785,4
112127,,63
112172,9776,
112181,174,
112190,13358,
112251,,1194
112260,1338,32
112288,536,
112367,268,
112385,6208,
112394,630,
112446,404,80
112455,38,
112525,,622
112561,1457,
112570,497,
112686,4180,
112826,3877,
113096,9087,
113111,3838,
113193,6201,
113218,4779,
113236,9962,
113333,16572,
113449,220,
113537,17,46
113573,6847,
113582,141,
113634,13742,
113698,1322,407
113704,,43
113856,19256,
113980,14768,
114044,339,
114114,,197
114123,414,103
114266,5560,
114354,2769,
114390,327,
114415,91,
114433,1164,
114460,331,
114549,,1072
114585,,441
114628,4,
114637,50,
114716,10423,
114734,,31
114761,63,
114789,13737,
114813,2250,993
114840,,1628
114859,15996,
114938,3411,
114947,360,
115001,12154,
115010,521,
115083,340,1219
115126,7681,
115214,,208
115296,11293,
115357,47,
115393,5987,
115409,855,
115658,167,
115728,611,273
115746,,715
115755,7617,302
115773,507,25
115861,5863,
115931,629,
116226,120,1
116350,373,
116439,8943,
116563,152,
116712,116,431
116846,67,120
117052,6127,
117104,490,41
117113,1528,
117140,4924,1965
117168,514,40
117195,1402,
117238,144,
117247,6078,
117274,1411,
117520,,
117548,,
117557,160,483
117575,63,154
117627,1887,262
117636,1050,1636
117645,16582,
117672,412,98
117690,5833,
117706,12995,
117715,4138,
117724,8385,
117733,10642,
117751,1179,415
117788,10758,
117803,135,
117867,5451,
117894,5813,
117928,786,1
117946,6430,1501
117955,292,
118134,71,
118143,80,
118161,148,
118189,123,
118198,697,
118259,525,
118277,1362,
118286,1067,
118347,3557,
118541,1086,92
118684,2392,
118693,804,
118718,7208,
118772,3206,
118888,832,563
118912,11050,
118930,4923,
118958,46,
118967,1179,
118976,11672,
118994,184,
119058,17,862
119067,4541,
119137,9553,
119164,20794,
119173,2401,315
119216,10056,
119270,1133,
119331,4138,
119553,631,
119605,10772,12473
119678,,4420
119775,390,142
119845,209,
119951,289,
120069,333,
120078,947,
120087,277,
120184,1054,378
120254,2142,1
120272,64,
120290,6307,
120342,14348,
120403,1146,94
120421,4186,
120537,797,336
120661,685,
120698,168,964
120768,348,509
120795,,113
120838,17,135
120865,1436,6
120883,4036,1002
120953,1740,
120971,14820,
121044,18897,
121150,3831,3380
121257,1091,
121275,275,
121309,2800,825
121345,1681,
121363,2570,
121433,86,
121619,11751,
121628,,46
121637,73,
121691,3458,1582
121707,4079,
121859,164,
121868,109,
121886,9486,
121901,11998,
121983,104,94
121992,161,
122117,44,121
122126,12,73
122180,14331,
122205,12658,
122296,720,1052
122339,8843,
122366,187,
122375,13430,
122384,6213,
122409,27163,3552
122436,5714,1510
122454,386,225
122506,217,342
122597,23090,2299
122603,,56
122612,7077,2674
122649,,
122658,12624,
122685,8011,
122728,1160,75
122746,4784,
122755,21734,3659
122791,5194,
122834,577,
122852,179,
122889,12752,
122931,6223,1882
122977,21581,
123013,12955,
123095,,421
123165,974,29
123217,7549,
123280,34,4
123299,5343,
123341,11865,
123350,158,
123396,88,
123448,,
123457,878,164
123484,1653,
123493,525,
123509,5692,
123527,8414,
123554,2974,1117
123563,6247,
123572,7975,319
123633,90,576
123642,395,
123651,1740,231
123679,699,
123800,12216,
123855,,117
123916,,71
123943,,8
123952,291,391
123961,19759,16045
123970,,32
124113,2189,
124283,,216
124292,452,
124487,107,20
124681,872,
124706,659,
124779,11,
124937,687,
125028,8098,
125037,,0
125082,119,
125091,7989,
125170,3902,
125231,7386,31485
125310,34,
125462,1656,
125471,6599,
125499,5505,
125532,1308,
125718,,152
125727,1478,
125763,1615,103
125897,1236,230
126012,,467
126030,,
126049,,23
126076,234,
126119,4628,
126164,123,
126182,1921,914
126207,3356,
126289,5100,
126359,450,
126401,257,
126562,10372,4963
126580,8801,1191
126605,208,
126614,26512,3241
126669,3904,431
126678,2347,45
126687,643,
126702,1067,
126711,3419,
126748,753,
126775,4800,1050
126784,186,
126818,22080,4176
126827,22281,2930
126863,4082,
126872,325,
126915,255,
126942,5627,
126951,1251,
126979,,585
127060,5697,4303
127158,3117,
127185,3472,8
127200,12751,
127219,44,
127228,116,
127273,,238
127316,158,
127389,600,
127556,7686,102
127565,15421,388
127617,860,
127653,387,465
127680,180,
127714,359,
127732,1243,
127741,8475,1902
127778,1022,
127787,298,
127820,9092,
127839,573,
127884,4152,
127909,5909,
127918,3553,2297
127945,903,18
127954,14,21
128106,3941,2678
128151,589,
128179,1378,
128188,1253,
128258,1148,
128328,5062,
128337,94,
128391,1994,244
128498,1361,390
128540,124,
128577,987,
128586,67,
128674,299,
128683,402,
128726,192,
128744,2502,1989
128771,8455,1463
128780,950,
128896,366,
128902,1942,3
129002,353,
129020,19060,4912
129154,2432,
129181,967,
129215,4647,146
129242,4043,755
129349,129,
129367,1990,
129428,,46
129482,457,
129491,,67
129525,5109,1121
129534,97,224
129543,3043,
129695,4176,
129729,4133,
129756,1829,
129774,608,
129808,2475,
129923,496,
129932,405,
129941,4954,1425
129969,277,
130004,3759,
130040,812,
130110,69,
130174,2729,
130183,5554,479
130217,906,
130226,7232,2066
130253,5083,2385
130314,860,890
130396,4483,
130448,455,
130493,7082,1609
130509,643,
130581,,205
130590,2290,63
130606,2493,
130624,477,
130697,3194,168
130776,4586,265
130785,,12
130794,7050,7015
130837,35,
130873,630,
130907,9336,
130934,3894,229
130943,19119,1969
130989,574,939
131061,154,
131098,1468,54
131113,6654,5047
131159,7783,2792
131283,3588,1654
131399,3181,278
131405,,106
131450,970,401
131469,10770,8584
131496,7105,6159
131520,6509,1309
131803,641,230
131830,48,
131876,1543,357
131973,,329
132268,409,
132338,1142,
132374,1404,
132408,361,7
132471,3473,2678
132602,3624,161
132657,2119,712
132675,136,
132693,10647,
132709,30311,
132806,15,
132842,325,501
132851,5340,
132879,186,
132903,47280,5535
132976,191,
133021,1457,
133155,567,
133386,10682,
133465,893,146
133492,2203,
133508,10476,
133526,1260,
133553,5134,301
133650,7793,668
133669,21512,3178
133702,18931,
133711,2535,
133809,523,
133845,479,
133854,455,
133863,383,
133872,1355,265
133881,3573,1823
133942,153,
133951,36512,7570
133960,709,
133979,1384,50
133997,386,
134024,126,
134079,2584,277
134097,31592,6561
134112,7247,
134130,32301,11326
134149,417,102
134228,34,
134237,24555,2569
134291,413,
134307,575,
134343,3806,
134422,83,
134495,18952,
134510,130,
134529,293,
134574,250,
134608,12506,
134680,271,
134714,167,
134811,2519,53
134945,2796,775
135063,174,
135081,20262,744
135124,978,
135142,209,
135160,1986,
135179,553,
135188,2896,
135267,628,
135276,608,
135294,535,
135337,123,
135364,207,443
135391,7475,
135407,1089,
135522,393,
135559,46,
135610,109,60
135647,543,
135717,48705,
135726,10939,3221
135735,967,
135771,586,
135939,46,
136066,595,
136109,167,
136145,818,
136172,11992,1280
136215,4098,10263
136233,4419,
136288,163,16
136303,508,
136330,2647,433
136358,19729,0
136400,7770,
136473,6667,
136491,771,
136516,7287,
136659,272,
136701,,153
136765,278,
136774,1147,
136783,66,
136826,576,
136950,2956,525
137023,500,
137032,11498,2944
137078,20474,
137087,638,
137096,10686,
137120,754,
137148,102,226
137209,11583,
137245,1520,
137272,63,32
137281,4479,
137315,1799,
137351,28874,7724
137476,888,1085
137546,3263,273
137564,3465,479
137591,290,
137713,115,
137759,9324,
137777,42,12
137801,376,18
137810,286,8
137847,7515,898
137856,154,
137865,365,
137953,338,11
137962,173,
138132,105,
138187,30388,
138275,975,87
138284,299,
138293,668,38
138309,7351,
138354,8528,1648
138372,668,
138479,941,
138488,494,
138497,277,
138558,2817,
138600,912,
138655,727,
138664,84,
138682,3059,
138691,4178,
138716,2696,347
138761,304,
138789,5524,652
138813,2299,
138822,656,
138840,3357,
138868,1344,
138901,2242,
138929,,
138938,187,
138947,2753,716
138956,3321,
139010,1699,
139144,2144,111
139153,276,142
139199,1351,1094
139205,462,
139214,178,
139250,2493,
139278,4435,
139287,55,
139311,5087,307
139348,,159
139357,2478,
139366,5988,1093
139384,4094,
139393,1029,36
139463,3945,
139506,236,
139579,728,656
139621,2375,
139630,768,
139658,7479,5310
139700,4139,
139719,2162,298
139746,72,
139755,14530,11086
139764,2076,300
139861,6001,722
139931,17169,1840
139940,22345,8638
139959,26327,8283
139968,3152,
139986,3275,
139995,171,
140003,367,
140012,4632,
140146,,119
140234,884,114
140243,2434,
140252,724,175
140331,6488,
140340,591,142
140447,4270,2152
140553,2187,
140562,,145
140678,1916,
140696,1212,
140720,545,
140818,1239,874
140827,77,
140872,1218,94
140942,3114,
140951,9229,1776
140960,4276,149
140988,1329,76
141006,1433,
141015,237,
141060,2235,
141167,355,120
141185,832,
141237,1124,15
141255,2470,
141264,8003,1837
141325,626,47
141334,9734,1480
141361,1146,
141486,1776,519
141565,2798,132
141574,12888,2524
141608,128,
141644,3150,547
141680,2365,
141796,4656,
141802,719,
141811,4380,
141839,1965,
141848,72,
141936,,37
141945,120,
141981,1901,
141990,1348,
142054,441,
142090,136,
142115,14180,2023
142179,499,
142276,8534,1521
142285,8337,1118
142294,975,34
142328,2751,
142407,115,
142416,20,
142443,3520,
142461,1668,528
142489,34,
142522,41019,
142559,3945,
142832,,808
142869,42,
142878,27,
142887,260,
142957,18,9
143048,2612,810
143084,2491,
143118,3440,1591
143181,30,
143215,7645,
143233,,31
143279,4063,
143288,576,
143297,201,13
143303,11,
143358,4309,701
143376,279,
143464,114,
143473,43,
143482,58,
143491,91,
143516,37,
143543,94,
143552,60,
143613,1381,
143659,,202
143695,11,
143853,,1167
143978,,814
144005,2522,682
144014,,104
144050,4590,7053
144157,3025,
144166,4381,
144175,2492,
144184,7094,
144193,6219,
144209,6944,
144218,7789,
144281,7917,282
144351,1387,2304
144467,1372,
144485,730,
144564,1946,
144573,37,
144740,15449,4566
144795,313,
144865,18691,
144883,502,
144892,6452,1107
144944,7112,
144962,3021,340
144971,654,
145099,277,
145239,456,
145275,,219
145309,32,
145336,2642,1738
145354,26,
145372,1140,159
145406,205,
145424,60,
145433,69,
145460,11,74
145497,518,3
145521,1425,
145558,,815
145600,16652,7772
145619,3243,2399
145628,,
145637,35476,13889
145646,2096,
145682,6031,
145691,1008,1
145707,1102,
145725,2451,3492
145770,179,220
145813,17205,1652
145831,2242,
145886,,45
146010,99,
146205,3464,
146241,,76
146278,1429,
146296,9270,
146339,1048,182
146348,2275,
146366,3058,
146393,1177,
146418,2560,
146427,1378,
146454,34,
146472,9366,
146481,1595,15
146490,,281
146506,6378,
146533,187,
146603,3728,
146612,4439,1438
146667,396,207
146676,983,
146685,4605,
146700,774,
146719,10973,2580
146728,,75
146755,212,3
146807,51,
146816,159,
146825,559,
146977,,99
147004,4280,
147013,2097,436
147031,,97
147129,558,2
147165,351,
147244,2088,71
147341,1238,
147369,2847,499
147378,10602,
147396,102,
147411,2996,
147439,69,
147536,1036,2369
147590,133,209
147642,64,
147660,2617,146
147679,1954,586
147697,,67
147703,13262,3592
147749,200,
147767,8677,9418
147776,5807,1105
147800,6596,
147819,44,
147828,3406,1345
147916,6230,
148007,3620,
148016,476,
148098,52,
148131,1222,160
148140,196,
148177,1309,
148256,2187,
148292,2122,
148335,2981,321
148380,5572,
148399,597,
148405,970,244
148487,2652,1370
148496,2195,986
148511,148,1762
148575,362,134
148584,1460,1617
148593,112,
148627,2782,607
148654,2372,1997
148672,1421,
148821,1379,
148849,70,
148876,1153,
148885,,126
148937,1226,
148955,99,
148982,,52
148991,973,
149028,213,53
149204,63,
149222,11963,2609
149231,10737,1418
149310,588,
149329,75,13
149365,3341,
149499,18,
149505,1199,85
149514,785,680
149532,6790,
149550,252,
149639,118,235
149727,6841,
149763,534,35
149772,8460,1256
149781,2546,305
149842,9951,
150048,308,
150066,1836,285
150075,4,
150136,16029,3349
150145,1355,161
150163,4271,474
150172,646,126
150215,,126
150251,190,
150288,,238
150303,211,
150400,2272,
150428,34,
150437,44,
150455,1007,67
150534,2331,54
150604,1130,
150668,748,45
150677,1798,321
150695,42,
150710,57,
150756,1302,
150765,77,
150774,518,
150853,167,
150941,975,149
150987,58393,
151102,7925,355
151111,19442,4096
151166,2349,
151263,4182,897
151290,4965,441
151306,7935,586
151324,10574,1627
151333,2638,102
151342,4688,377
151351,33939,7221
151360,3724,244
151379,4363,255
151388,2997,128
151458,334,
151467,295,
151564,42,
151607,129,
151616,355,
151652,231,
151661,1211,
151777,1297,21
151786,2178,266
151801,2795,230
151810,233,54
151865,,60
151874,1,
151944,259,
151962,216,
152044,58,
152080,9404,3134
152099,700,204
152150,45,
152248,6298,637
152266,3628,44
152275,165,
152309,119,
152318,2197,56
152327,27,
152336,1622,401
152363,1060,27
152381,520,142
152390,1685,33
152415,464,
152451,,182
152497,206,
152530,2171,37
152567,2101,218
152600,3283,768
152628,58,
152637,9774,
152673,946,
152798,354,151
152992,898,68
153001,2038,238
153074,242,
153083,222,
153108,1233,
153126,834,65
153144,1505,
153162,1108,
153171,28,
153214,14632,
153241,81,
153250,1438,45
153269,2983,607
153278,1817,271
153296,729,
153302,256,
153311,4959,
153320,238,28
153339,22,
153366,1358,508
153375,1761,50
153384,1722,
153409,310,33
153418,733,62
153427,281,
153445,3751,
153463,35,
153472,4105,
153524,3879,
153533,1689,
153542,17,
153588,37,
153597,153,
153603,29418,3549
153621,411,0
153630,4831,
153658,21298,4008
153737,9622,
153746,46,
153764,97,
153773,127,
153782,41,
153825,1507,57
153834,2521,
153861,373,1311
153922,1197,
153977,807,
154004,1280,788
154013,1312,264
154022,34755,5207
154059,1962,
154095,9126,1095
154101,1074,75
154110,2857,
154129,1109,
154156,,410
154165,65,
154174,37,2
154208,195,
154235,2396,741
154262,200,
154332,76,
154341,49,
154350,1681,48
154378,1823,
154396,1153,
154448,220,
154457,46,
154466,74,
154493,4739,535
154518,1560,191
154527,1580,
154536,,122
154545,30,
154572,3611,
154590,1435,54
154642,1630,
154688,1446,827
154697,4271,
154712,1987,37
154721,620,
154749,496,
154767,306,
154776,297,
154794,107,
154800,6050,
154837,43,123
154855,926,
154907,1344,
154925,1265,
154934,974,
154952,2366,
154998,1337,
155007,297,
155025,3675,1484
155052,562,
155061,8031,1524
155070,218,28
155089,1184,413
155098,1311,
155104,1867,
155140,755,
155159,86,
155177,375,
155186,2158,
155195,3751,
155201,824,
155210,11172,
155283,502,
155292,3611,
155308,34,
155317,18799,4454
155335,1643,576
155353,64,
155399,18038,2341
155414,655,48
155423,1180,
155441,41,
155450,1104,
155487,596,
155496,248,
155511,629,16
155520,1356,558
155566,1289,
155593,689,
155618,620,
155627,594,28
155636,363,107
155681,5882,814
155715,881,
155812,775,347
155830,355,
155858,1306,
155900,1042,255
155937,642,
155973,623,36
156082,4258,342
156107,2223,
156125,9569,1760
156134,1287,
156189,543,
156213,1446,169
156222,,1035
156231,2023,
156277,62,
156286,2720,542
156295,1714,
156310,316,
156338,2512,
156356,809,9
156365,2400,416
156392,6635,
156408,1319,
156417,93,
156426,262,
156471,1235,
156541,2090,2908
156620,12109,1723
156648,3434,
156727,,1034
156745,887,316
156754,65,
156790,1843,
156842,248,
156851,926,
156860,1894,
156921,6821,
156967,223,
157021,867,
157030,62,
157058,1236,96
157076,611,
157085,21818,3108
157100,448,35
157207,,39
157216,1996,593
157270,403,
157289,13865,2977
157298,,105
157304,1802,
157331,2189,
157377,722,83
157386,6931,678
157401,7764,1137
157438,2315,
157447,10521,895
157465,117,
157483,3483,
157535,1400,69
157553,2432,
157599,662,
157614,102,
157650,176,
157669,115,
157678,118,
157696,62,
157711,4061,
157739,1869,
157748,762,1860
157757,962,815
157766,456,
157793,2726,581
157809,1523,183
157818,1229,
157827,81,
157863,796,194
157951,14270,1710
158088,1453,
158246,268,
158325,70,
158334,24,
158343,60,
158352,701,
158431,4967,
158440,46,
158477,580,41
158538,44,
158617,883,
158644,42,
158662,10832,
158723,220,
158778,49,
158787,87,
158802,1192,
158884,1526,
159009,3445,719
159027,22,
159197,823,
159319,30,
159328,87,
159373,811,664
159382,2260,
159391,24242,4018
159407,1735,
159416,2118,1104
159513,197,
159522,183,
159531,49,
159568,835,138
159601,17,
159647,5714,729
159656,2782,458
159717,6466,469
159939,5542,1142
159948,638,962
159966,5090,542
159993,5968,699
160010,1704,
160029,6,154
160038,6818,700
160065,600,173
160074,1022,222
160117,85,
160126,38,
160135,69,
160199,87,
160320,2836,
160409,147,
160445,150,
160472,23,
160481,1236,
160524,409,
160579,2415,
160597,49,
160612,10771,613
160621,5214,789
160630,1660,480
160649,2277,
160658,14187,1217
160667,1693,
160755,8177,2395
160904,2173,113
160913,1307,
160940,1196,88
160959,329,11
160977,511,
160995,340,
161004,1798,
161022,141,
161077,1802,
161086,2067,
161138,1684,
161192,1349,
161208,89,
161217,2902,
161226,1764,97
161235,970,
161244,506,
161253,8454,882
161299,1046,28
161341,824,
161457,3240,2317
161484,584,
161493,247,
161509,403,44
161518,1401,594
161527,171,
161545,3995,
161554,4526,948
161563,947,116
161572,635,
161581,323,
161615,17,
161651,70,
161688,2022,
161767,8603,
161776,405,
161800,213,
161855,60,
161864,2755,
161873,2487,1156
162007,3895,693
162061,371,232
162104,1597,
162122,5034,
162168,1300,
162210,778,125
162283,2202,247
162335,63,
162371,528,
162557,3747,
162584,4549,531
162609,595,
162654,1463,415
162681,858,81
162690,2724,
162706,4046,
162760,1219,458
162779,6386,
162830,74,
162928,6928,15609
162982,176,
163028,726,
163046,3995,1389
163107,26,
163204,23396,7495
163259,767,2446
163268,9920,1422
163286,27217,6416
163295,1829,402
163338,3459,250
163347,861,
163408,121,
163426,16323,
163453,5992,1047
163462,1837,396
163532,300,188
163541,377,
163578,854,709
163657,7664,
163736,744,
163754,77,
163815,145,
163851,7738,547
163912,1760,52
163976,456,52
164058,693,
164076,18010,1860
164085,,703
164155,5660,
164173,3185,300
164216,1514,2
164270,1714,691
164313,1856,
164368,347,2407
164438,510,234
164447,1344,1433
164465,1914,
164474,,149
164492,964,241
164535,51,
164562,2117,381
164580,2386,968
164599,35,
164614,72,
164632,1588,1338
164641,945,
164678,98,
164720,1844,7
164739,4095,823
164748,5737,383
164775,1207,
164845,202,
164872,258,287
164915,,55
164924,9393,2812
164988,21224,8944
165015,4076,2718
165024,8878,944
165033,5581,
165060,180,
165112,8672,
165167,747,1296
165194,2114,
165255,161,
165264,597,
165334,2541,1129
165495,,28
165529,2385,154
165556,358,
165574,1246,
165608,88,
165635,310,
165644,792,148
165662,4074,571
165671,1957,118
165699,3185,1243
165705,,34
165750,69,
165802,1530,22
165820,3729,1409
165866,4426,1281
165884,636,
165936,1806,198
165945,,1137
165981,1259,
166009,105,
166018,1369,
166027,9382,13456
166045,42,88
166054,48,61
166124,3064,
166133,4172,
166391,1834,269
166407,149,
166452,1649,2209
166489,40,131
166498,176,
166513,11584,2098
166586,20,
166595,33,
166629,23578,3742
166638,11132,2445
166647,3220,
166656,4529,2037
166674,1628,135
166683,4655,9385
166692,1850,67
166708,,443
166717,,251
166805,61,
166823,5022,
166850,3425,522
166869,439,791
166887,5670,
166911,363,
166939,2344,89
166948,1272,24
166957,2739,
166975,65,
166984,315,205
167039,16,
167057,400,320
167093,,6
167215,,
167224,72,
167251,804,
167260,1268,177
167288,1343,201
167297,204,
167312,4283,
167321,261,
167358,17169,3883
167376,3871,
167394,1185,227
167455,449,44
167464,,53
167525,3429,
167534,5241,
167598,1222,498
167631,1415,
167677,51,136
167729,6674,1164
167738,235,
167783,1832,3586
167792,342,
167835,2671,736
167871,139,
167899,2122,984
167905,4142,
167987,6562,835
167996,2428,
168005,5835,1102
168032,24,
168148,6176,4172
168218,2524,
168227,4562,227
168254,2714,366
168263,5348,837
168281,1579,
168290,820,279
168342,2131,69
168421,3544,800
168430,4730,714
168528,1610,33
168546,1434,
168555,43,
168573,389,
168591,1540,
168607,995,
168740,1556,1309
168786,1546,65
168847,14002,403
168883,984,
168892,64,
169071,20,
169080,4003,101
169099,,191
169187,167,
169220,,79
169248,17441,3756
169275,5636,
169284,283,
169327,310,63
169363,624,98
169424,,191
169442,1202,74
169479,4387,1108
169503,234,
169521,6283,
169576,81,
169628,,55
169655,736,
169716,2526,886
169734,412,
169761,136,
169798,14929,2332
169813,21,
169910,10687,418
169947,68,
169974,659,
169983,1966,284
169992,772,
170000,647,4
170037,1830,450
170055,9400,
170082,19980,2368
170091,129,
170240,9196,
170286,1469,24
170301,3470,
170444,3694,
170532,1513,
170541,5575,
170550,2965,
170587,935,
170611,155,
170620,2143,
170639,1940,1
170657,10212,
170675,1974,841
170736,27,
170790,14197,
170806,2126,453
170842,537,380
170967,945,12
170976,27880,11736
171012,149,
171100,37214,5674
171128,5691,857
171137,5800,1035
171146,5276,803
171155,3341,
171225,1863,
171234,1009,
171261,65,
171304,2886,
171322,872,
171395,1359,
171456,6977,381
171465,59,
171483,2729,
171492,2644,540
171535,13682,
171571,15311,1986
171599,917,13
171775,33,
171881,222,0
171988,246,
171997,353,
172015,418,
172033,108,128
172051,7653,656
172200,8930,
172264,1920,154
172291,2451,
172307,1571,
172325,829,
172334,1981,826
172422,241,
172440,484,
172477,,46
172495,189,
172608,687,952
172617,8168,
172635,8631,
172644,14304,4921
172671,769,
172680,68,
172699,16650,3104
172705,,194
172802,78,
172866,89,
172918,1993,
172927,72,
172954,1387,
172963,5683,
173045,2389,581
173063,1998,
173115,648,
173124,4073,185
173142,548,
173160,3008,839
173179,,203
173203,2710,
173258,1961,
173300,2209,14
173328,2344,1154
173416,2004,
173452,826,38
173461,3292,
173470,17,
173489,102,
173559,4319,
173629,558,4
173638,1858,
173647,2357,
173665,2404,1325
173683,,174
173708,3739,
173726,27,
173735,1014,
173744,557,
173799,3550,
173805,931,
173887,729,
173896,,344
173902,2265,
173911,2212,
173920,12163,1324
173957,,
173966,225,291
173984,807,158
173993,873,
174020,5470,526
174066,34788,8727
174075,1866,
174118,211,
174127,646,103
174136,5658,
174154,339,
174190,119,
174233,9296,668
174251,1774,
174279,575,2
174321,83,
174358,4744,477
174376,4446,
174385,136,
174394,63,
174428,6837,
174437,1042,13
174473,2220,
174491,2534,184
174507,171,162
174525,109,
174570,728,
174604,270,
174738,3948,
174747,1913,
174756,3373,
174783,10351,1238
174792,1699,68
174817,1515,2570
174844,2992,
174862,813,103
174899,2855,853
174914,6443,2270
174978,142,
175005,2753,1105
175014,3617,
175041,4546,
175078,3357,296
175120,520,
175139,,71
175157,501,
175227,1081,
175236,2737,
175263,1316,
175272,7518,310
175281,,
175315,6204,
175342,2664,417
175421,2277,1026
175430,436,25
175494,131,
175519,1880,
175528,842,
175573,2965,
175607,44,
175616,2458,1071
175643,2414,
175652,4565,
175698,36,
175722,34,
175786,9983,
175810,4671,
175829,4923,
175856,7034,1574
175883,4589,
175935,2564,
175980,791,68
176008,1652,
176017,19311,2529
176035,2374,192
176044,1842,246
176053,2800,1373
176062,55,
176071,8024,
176080,16579,2318
176169,3131,
176178,6571,
176239,3785,
176318,713,
176336,28,
176354,1288,
176372,11299,2187
176390,173,
176406,830,7
176451,,47
176479,2330,1192
176600,,73
176619,,107
176628,1327,343
176664,292,21
176716,157,
176770,643,60
176789,187,29
176798,196,
176910,244,
176947,1039,
176965,8582,3346
176983,95,
176992,21,
177038,79,2
177056,95,
177065,10429,538
177083,93,
177092,,295
177117,329,
177126,,431
177135,3396,
177144,1008,19
177214,2894,190
177250,2124,
177278,,111
177287,155,
177302,1270,
177339,1742,180
177418,984,453
177436,45,
177472,9511,
177542,871,68
177551,1264,
177579,588,
177588,37,
177603,58,
177676,3244,
177685,70,
177719,889,74
177746,632,
177816,47,65
177834,,1638
177870,15,
177931,47,
177940,2273,74
177968,7986,3003
177977,1343,
177986,34,57
177995,11368,
178004,190,
178059,2300,2899
178077,115,
178110,122,
178183,130,
178208,250,572
178217,2921,
178244,2079,683
178262,75,
178305,433,
178314,20,
178341,4611,37
178369,1439,14
178387,3957,144
178396,25999,4454
178402,7945,2517
178411,6069,1347
178420,8120,1823
178448,3414,
178466,161,
178484,113,
178518,,150
178527,28,
178615,5175,345
178624,5100,777
178679,569,
178697,1529,
178721,6686,687
178767,154,
178828,88,
178891,1884,
178989,221,90
179043,1607,343
179052,167,
179070,67,
179159,8554,2317
179195,44,
179229,47,
179238,60,
179256,123,
179265,475,
179308,13143,
179317,,106
179326,2414,890
179344,1238,
179450,434,30
179511,240,
179539,3182,
179548,686,128
179557,8877,818
179566,15391,2332
179645,2800,
179715,1172,
179812,,196
179867,7296,4343
179894,2811,7317
179919,426,
179946,878,
179955,1101,5
179964,785,633
179991,44,
180054,379,
180063,64,
180081,579,
180090,133,
180106,1413,
180151,237,
180160,188,
180179,3384,256
180197,1519,
180203,141,
180212,237,
180249,1339,
180258,765,43
180276,852,
180328,244,
180373,381,
180391,54,
180416,1897,160
180461,12862,1092
180489,9302,1109
180522,1040,58
180595,913,189
180647,717,
180692,1318,
180771,27,
180814,4538,2085
180832,671,307
180878,484,80
180902,3693,
180948,1939,409
180957,148,
180984,1399,699
181002,4426,1210
181020,1045,
181093,379,59
181127,1149,53
181145,42,
181190,409,
181215,4634,974
181242,654,49
181297,752,136
181303,9658,
181312,1544,
181330,1271,112
181376,120,
181394,10919,1798
181400,928,62
181419,101,
181428,872,2016
181446,1903,166
181464,18788,3091
181491,3030,
181534,1515,257
181543,26,
181604,692,247
181640,7281,
181738,755,145
181765,331,
181783,2619,351
181792,9,
181817,1155,
181853,382,8
181880,223,
181941,780,
182005,20243,
182111,840,
182148,491,
182281,20498,3167
182290,16735,1741
182306,1917,0
182458,516,429
182500,6473,
182564,2293,
182634,1181,
182652,67,
182661,593,86
182670,4314,1749
182704,86,
182722,107,
182795,1549,346
182829,,37
182892,43,
182917,88,
182953,133,
182980,1456,609
182999,31,
183026,37550,13163
183035,43,
183044,14100,1506
183062,4308,92
183071,707,126
183080,3914,698
183099,2722,
183105,642,
183114,611,
183123,767,
183132,1853,
183141,1292,
183150,1243,
183202,59,
183211,1230,1127
183239,2011,
183248,139,
183257,1443,226
183275,95,
183488,578,
183600,26,
183655,4417,
183725,676,
183743,10458,
183789,4445,34
183804,2650,4342
183822,1853,1
183859,9973,
183877,6996,
183910,1419,330
183938,7935,
183974,1436,378
183983,140,
184047,73,
184056,402,
184092,785,
184180,5904,
184205,2495,
184278,110,
184348,1561,387
184427,405,
184481,8140,
184506,111,
184603,3424,1893
184612,1586,227
184694,2458,388
184746,263,
184773,1343,441
184782,12319,1281
184791,5229,
184816,98,
184870,322,
184959,830,
184968,218,
184995,6648,
185129,5417,1112
185174,116,
185262,10440,1560
185332,325,
185396,1309,
185466,219,
185509,4800,
185536,8816,
185572,4768,1269
185590,15809,2659
185651,26,
185679,195,
185721,534,
185758,,108
185767,203,
185828,7179,2141
185873,6539,
185970,180,
186016,290,
186034,5653,
186052,787,
186122,,552
186131,5667,1236
186186,238,
186201,5632,298
186274,170,
186283,3912,711
186335,33,
186371,4672,725
186380,37296,8630
186399,7275,2506
186405,22,
186423,40,
186432,2382,532
186469,866,
186584,5981,2260
186593,151,
186618,594,254
186645,5578,
186867,3272,2213
186876,8478,562
186900,85,
187000,172,
187046,3924,531
187134,7183,694
187161,140,
187198,8043,
187444,8674,819
187505,1038,
187532,16513,
187596,1168,4
187602,61,
187620,4970,
187639,1613,
187648,3383,832
187666,1716,
187745,272,53
187897,1782,1028
187903,1813,
187912,434,
187958,1643,
187967,1535,301
187976,451,
187985,18982,3544
187994,969,
188003,954,
188021,428,
188030,11069,1885
188049,1241,
188058,737,1
188100,4813,
188137,2694,
188146,891,0
188182,424,369
188207,,157
188216,414,
188225,823,
188261,433,
188289,72,
188304,1787,653
188340,1552,6
188429,4582,2102
188438,2759,
188517,464,
188526,1088,29
188535,,3
188580,,239
188641,1911,488
188650,427,
188669,107,
188678,290,
188687,374,
188696,298,
188854,1829,
188890,1133,
188915,57,
188942,145,
188988,159,
189015,,486
189088,2093,393
189097,2483,
189219,244,
189228,5733,
189264,32,
189273,45,
189282,180,
189404,107,
189413,1149,199
189422,592,
189459,1313,
189468,117,
189477,135,
189501,,24
189547,5031,
189556,297,
189565,321,
189574,606,
189583,640,
189592,394,
189705,2636,950
189714,251,
189811,750,
189839,2678,
189848,1061,
189857,539,128
189954,56,
189981,,39
189990,264,
190008,80,
190044,3179,815
190053,1097,
190071,53,
190080,,57
190099,3107,6
190114,874,602
190150,8596,16640
190169,1088,
190239,120,
190248,914,177
190293,108,
190309,42,
190318,276,
190372,1019,59
190415,15131,7498
190424,,648
190442,2612,
190451,203,
190503,4416,
190512,13082,2407
190521,21175,
190530,8374,
190549,11905,2243
190558,10739,579
190567,10706,1560
190576,888,2137
190585,5251,
190594,13797,4680
190600,10756,1189
190619,12231,
190628,14048,
190637,8318,1443
190646,5387,
190655,12768,
190664,13729,2063
190673,11362,
190682,,
190691,6106,57
190707,36,
190716,1598,406
190725,1824,521
190752,48,
190761,1518,248
190840,5812,
190956,110,
190974,245,
190983,1293,62
191083,10264,
191126,8887,192
191199,4385,
191205,616,11
191241,9416,4569
191287,321,
191302,1839,
191311,208,
191320,,46
191339,3869,
191409,42,
191515,1975,
191533,1460,
191597,339,
191612,2349,
191621,846,50
191630,2395,11
191649,7120,2263
191676,1025,14
191719,8176,
191728,967,
191834,340,
191931,3065,716
191940,84,
191959,124,
191968,6278,461
191986,3007,
192004,284,
192022,2661,
192040,187,188
192110,653,437
192156,117,
192165,148,
192192,1518,319
192271,1606,198
192323,2716,621
192439,4397,2568
192448,3748,1622
192484,101,
192509,809,
192554,,195
192563,55,209
192624,156,
192688,1043,
192703,3475,300
192712,425,497
192749,1711,521
192785,571,
192800,48,
192819,5134,624
192864,1769,
192925,1412,626
192961,79,
192970,23,
193016,6051,2404
193052,290,79
193061,32,3
193070,50,22
193122,118,
193186,84,
193201,754,
193247,122,57
193265,99,
193283,4813,
193292,3523,918
193308,8304,949
193326,12142,
193353,1844,266
193399,1569,120
193405,,520
193478,16618,
193584,1984,639
193609,80,
193645,2917,515
193654,6551,2820
193672,62,
193751,,280
193760,305,
193821,,17
193830,,387
193858,395,
193894,,193
193900,27681,17834
193946,4214,
193973,3092,722
193991,52,
194028,1042,
194073,,
194091,3631,2260
194116,215,194
194161,1356,698
194189,138,
194222,7753,
194240,4303,
194259,44,
194310,8622,2635
194392,865,
194435,120,
194499,1071,
194569,244,
194578,3581,1280
194657,164,78
194666,286,49
194693,51,
194736,160,
194763,265,236
194824,6190,1087
194879,77,
194958,1246,363
195003,11903,2003
195030,7211,3765
195049,,61
195058,5199,
195067,562,
195128,1490,771
195155,,35
195164,1681,259
195173,2399,93
195191,248,
195216,2387,68
195234,2584,1216
195243,1242,100
195289,93,
195304,1293,305
195322,3321,
195438,138,50
195474,3020,75
195526,2699,4
195544,3492,554
195580,,63
195702,157,
195720,2677,532
195784,739,
195809,12785,2218
195845,345,
195933,378,
195988,1077,
196006,3597,
196015,3050,
196024,2976,14
196033,2376,
196042,7684,
196051,2748,
196060,12990,2666
196079,14314,2350
196088,21406,5162
196097,17394,5750
196103,1764,316
196112,1932,322
196121,6778,658
196130,8286,605
196149,6297,398
196158,4702,174
196167,5409,101
196176,6673,675
196185,5704,166
196194,7100,471
196200,3656,258
196219,4091,95
196228,,17
196237,3893,174
196246,5223,279
196255,405,464
196264,8177,496
196291,2076,128
196307,221,472
196389,364,
196413,17472,4418
196431,354,
196440,13,10
196468,,4334
196477,2245,
196565,3691,
196583,125,
196592,6319,3637
196653,1073,
196680,5859,907
196699,2043,
196866,2061,
196884,,196
197018,1679,189
197027,1307,6
197036,5527,
197045,2794,687
197081,138,
197133,2444,0
197142,455,
197151,3581,874
197197,1843,286
197221,110,
197230,575,
197285,989,
197294,9596,
197337,72,
197522,315,
197531,576,
197601,135,
197610,22,13
197647,99,54
197674,226,25
197692,71,18
197708,2568,1198
197735,614,165
197744,211,32
197814,1623,
197832,786,
197850,1739,
197869,16536,1359
197887,5791,
197911,966,40
197966,1097,
197984,1348,
197993,514,
198011,986,
198039,1699,
198066,741,
198084,1191,
198109,325,30
198118,2648,
198136,4388,638
198154,7845,
198190,80,
198206,1187,
198215,1199,23
198233,3241,
198251,3411,
198260,14449,
198303,1454,7
198321,2031,
198330,3930,
198367,2557,
198376,3211,
198385,1920,
198419,8144,5156
198455,3530,
198464,21735,3281
198491,1955,
198507,1625,28
198516,6735,155
198534,9532,
198543,4946,493
198552,6227,
198561,2433,1331
198570,3838,
198598,837,44
198613,1819,
198622,8304,
198640,1129,
198668,1346,
198677,51,
198695,4566,218
198710,1622,
198729,877,
198747,101,21
198756,1371,93
198774,3004,
198808,1019,
198817,2221,
198835,1496,595
198844,149,
198862,1317,
198871,704,
198899,1327,11
198905,543,
198914,693,
198923,832,
198941,47,
198950,1725,209
198969,2108,259
198978,3261,
198987,1990,
199005,32,
199023,579,
199032,733,170
199069,3054,104
199078,175,
199087,2137,
199102,8915,1084
199111,3385,12
199120,18115,6250
199139,21414,3502
199148,14970,2403
199157,6279,1014
199184,895,114
199193,22889,6328
199209,1763,
199218,12293,1089
199263,372,
199272,973,
199281,5177,521
199306,877,424
199324,943,
199333,7125,
199412,1621,480
199421,2328,
199449,2042,
199458,174,
199467,534,
199476,1496,
199485,1270,
199494,4387,
199582,794,
199607,999,73
199625,980,
199634,3031,
199643,1360,95
199670,118,
199689,249,
199698,612,30
199722,1125,
199731,1866,
199740,2038,
199759,300,1060
199768,2324,
199786,3467,
199795,913,
199838,2219,
199847,4728,2201
199856,16940,
199865,803,79
199883,182,
199892,2511,
199908,1549,
199926,1934,
199953,1432,
199962,2082,740
199971,53,13
199980,93,
199999,4334,284
200004,8146,1039
200013,588,
200022,2985,
200059,1082,2
200086,181,
200110,75,
200129,39,
200156,925,206
200165,46,
200192,1058,
200208,148,
200217,2136,587
200226,744,2
200253,2492,228
200262,7,
200280,10570,2064
200305,2298,
200314,460,
200332,11362,1253
200341,738,
200387,51,
200466,224,2
200484,104,10
200527,511,
200554,351,
200572,1030,77
200590,199,
200624,42,
200633,130,
200697,,879
200785,512,
200800,16663,3038
200828,40,
200846,1269,
200873,49,
201016,345,
201034,284,
201061,183,5
201098,51,
201104,3387,1255
201131,90,
201140,29,86
201159,230,
201177,261,
201195,3353,552
201283,866,
201371,952,88
201399,298,
201432,1505,
201441,14026,2033
201469,441,
201478,106,
201496,249,
201539,106,
201548,2817,208
201645,5238,3132
201654,3342,88
201672,2369,
201681,152,
201690,1619,3
201751,301,
201803,138,
201821,562,
201858,512,156
201867,111,
201885,22673,8025
201928,6723,
201946,2349,
201955,3781,
201964,3023,273
201973,3664,
201982,61,
202046,627,
202055,319,
202073,258,183
202134,10812,3225
202152,106,
202161,549,
202170,1037,33
202222,20026,
202356,16892,
202435,96,
202453,53,
202480,8633,1669
202514,618,41
202523,2408,
202648,1673,
202657,184,
202684,396,
202763,3261,896
202806,2846,849
202888,26,
202903,192,
202912,256,
202949,282,
202985,53,
203030,185,
203067,,348
203085,1042,129
203128,1023,13
203146,565,
203155,3011,
203225,160,
203234,221,
203289,75,
203331,3164,
203368,3174,417
203386,1994,
203438,155,
203447,1152,0
203456,540,0
203465,2864,10
203474,1373,0
203483,1129,7
203492,948,0
203517,21358,5405
203526,1249,0
203535,1902,
203544,729,204
203580,857,234
203599,5091,
203614,449,
203678,2478,
203720,419,
203739,276,
203748,6587,
203757,941,321
203775,1265,303
203845,1257,161
203881,1431,
203942,41,
203960,973,
203997,,130
204006,2482,0
204015,1584,0
204024,17276,1814
204060,75,
204121,38,
204158,223,
204176,973,100
204185,2241,128
204194,1424,195
204200,1277,447
204255,1641,
204264,1516,342
204316,264,
204334,41,
204422,1688,
204431,26,
204440,2102,
204459,81,
204468,1648,126
204477,,26
204486,4286,61
204501,3237,18
204608,548,
204617,1294,532
204626,529,
204635,2297,32
204662,688,
204671,893,11
204680,1083,18
204699,886,6
204705,2090,14
204714,176,
204723,167,
204769,95,
204778,131,
204796,44095,9367
204802,652,
204820,1505,
204839,1320,
204848,1562,
204857,22466,4896
204866,1326,
204884,255,
204893,102,
204909,1827,
204936,2341,303
204945,6794,
204963,93,
204981,88,
204990,,132
205027,114,87
205054,408,
205090,91,
205124,50,37
205142,199,
205179,1533,
205203,1780,30
205391,206,
205443,3402,216
205470,12124,
205513,81,
205522,20,
205531,8,
205559,58,
205610,464,
205647,264,
205841,6212,
205887,723,
205957,2072,388
205966,1701,
206011,1510,
206039,41,
206048,2514,487
206084,14543,2602
206154,29,2
206172,68,
206181,110,
206215,,74
206224,141,
206279,1018,257
206288,,199
206321,387,
206330,1352,136
206349,561,318
206394,123,
206437,2011,515
206446,1112,
206482,147,
206491,509,17
206507,1119,
206516,,49
206525,1965,9
206589,2114,
206604,11274,2687
206613,917,16
206622,4583,1233
206695,9676,899
206783,8,
206817,792,
206835,1272,184
206862,1363,530
206880,99,
206905,135,
206914,3733,278
206923,1713,
206932,199,
206941,12103,1125
206969,20,
206996,1696,
207041,3770,576
207050,1145,
207069,1290,
207087,51,
207102,148,
207157,283,6
207166,10,
207209,1935,209
207236,1558,
207254,830,
207263,5694,763
207272,27,
207281,3044,
207290,1760,
207306,1550,153
207315,,177
207324,1916,556
207342,962,948
207351,1041,
207388,19497,2755
207397,3789,
207403,1819,66
207449,8477,
207458,1759,580
207500,19505,3616
207537,56,
207564,2580,
207582,3017,341
207625,195,
207661,2971,17
207670,4264,
207689,547,41
207704,72,
207722,832,
207740,1229,
207786,23,
207847,2721,355
207856,626,16
207865,3828,313
207935,10602,
207962,1076,
207971,3528,566
208017,27,
208026,408,
208035,931,
208044,26,
208053,134,
208080,50,
208123,89,
208187,258,
208239,815,
208248,113,
208275,1462,
208318,3935,
208390,8870,
208406,3348,
208415,715,
208433,71,
208479,508,
208488,1115,6166
208512,400,
208637,129,
208646,2304,173
208655,107,
208725,123,2
208822,2601,848
208859,42,
209038,4128,
209056,2216,558
209065,1715,
209074,4153,
209083,138,
209108,324,405
209153,54,
209205,143,
209241,59,118
209250,5756,
209287,372,239
209296,,135
209409,357,221
209490,617,1105
209506,3119,39
209533,97,51
209542,21533,3318
209551,19697,3212
209603,349,142
209612,1943,984
209667,72,
209676,116,
209694,36,
209700,175,
209719,44,
209746,20234,
209807,17155,3906
209825,4025,369
209922,1318,7
209940,3009,
209986,31,
210076,1901,
210100,97,
210146,4018,447
210155,1376,
210234,1477,
210270,1422,
210304,498,6
210331,1069,129
210340,80,
210359,81,
210368,,449
210401,2052,289
210429,4496,490
210438,162,149
210456,225,
210474,79,
210483,410,
210492,269,5
210508,,27
210571,2195,18
210599,672,
210605,11394,
210669,2044,
210711,121,
210739,2118,753
210748,50,
210775,2131,334
210784,274,
210809,2929,221
210890,170,
210906,242,
210942,1313,
210951,236,
210960,908,
211006,546,
211024,543,169
211079,1587,
211088,2632,864
211130,,208
211149,173,
211158,8757,475
211200,412,
211273,1446,302
211291,3728,35
211307,5986,
211316,52,
211334,67,
211343,2304,
211352,1381,468
211361,5422,1984
211431,1205,558
211440,6241,8896
211468,1200,157
211477,1159,25
211556,823,958
211583,1324,266
211608,682,22
211617,921,
211635,213,
211644,4137,542
211802,261,
211820,116,
211893,159,40
211909,159,
211927,7632,
211981,1930,247
212009,2535,
212018,,0
212045,441,
212054,19086,5207
212106,6597,1565
212115,5821,528
212133,1953,808
212160,4869,1157
212197,1864,63
212230,46,
212267,114,
212276,102,
212294,43,
212300,54,
212328,122,
212337,143,
212355,176,
212373,58,
212382,126,
212391,112,
212434,539,
212443,,80
212452,48,55
212568,108,
212577,2463,
212601,2859,949
212656,1494,186
212674,2805,
212753,130,
212771,34,129
212805,2522,
212832,1928,325
212869,1264,
212878,11681,
212911,1306,
212975,303,
212984,1705,404
212993,70,
213002,650,
213011,1477,529
213020,11482,1489
213163,65,
213181,391,
213215,149,
213233,459,
213251,1446,11
213303,1322,49
213321,2004,343
213330,30,
213349,7863,517
213358,1291,102
213367,3799,1354
213376,1455,
213385,2611,
213400,1179,299
213446,,67
213455,107,
213473,215,
213491,57,
213507,1685,93
213525,4119,
213534,995,
213543,5516,1169
213552,92,
213570,511,
213589,363,
213598,1616,196
213613,4033,445
213622,75,
213631,,91
213640,,127
213659,3959,
213668,1334,
213774,467,
213783,2146,60
213826,1956,881
213871,265,
213914,477,
213932,135,
213987,2356,193
213996,2861,333
214023,54,
214041,6563,640
214069,2087,519
214111,7509,
214148,387,34
214157,1958,192
214166,1520,58
214175,2756,
214254,893,
214272,2052,482
214290,513,
214379,6966,
214476,36,
214528,354,
214546,55,
214564,,604
214582,745,
214591,4269,100
214607,,275
214616,,175
214625,589,0
214634,373,0
214643,471,4
214652,930,0
214670,804,16
214689,3780,1
214698,668,0
214704,2824,11
214713,3868,468
214731,1337,0
214740,556,0
214759,638,0
214768,785,0
214777,43479,5475
214786,529,0
214795,752,0
214801,3654,3
214810,722,0
214829,929,13
214883,1059,38
214892,360,
214944,426,
214962,35,
214971,196,105
215008,133,
215044,219,
215053,207,
215062,14117,12273
215099,2704,984
215105,1780,184
215114,776,191
215123,,687
215132,1681,313
215239,14504,
215266,1610,
215275,1507,
215284,2787,
215293,19621,7050
215309,324,
215336,63,
215381,503,
215390,261,
215415,2858,
215424,,117
215442,3177,602
215479,98,
215530,68,
215585,2378,
215594,404,
215619,,38
215628,,61
215637,310,
215646,525,
215655,4495,434
215682,862,
215691,491,256
215743,2162,533
215770,5170,2175
215798,1682,146
215813,,59
215886,61,
215929,4013,1377
215947,1813,431
215974,239,
215983,21,
215992,198,
216010,5757,696
216038,7731,821
216047,64,124
216074,101,
216083,491,
216162,193,
216223,79,
216278,2498,
216287,1729,0
216296,1108,
216311,173,
216339,27169,4202
216348,,25
216357,897,
216366,905,1130
216418,869,
216427,72,
216436,273,
216445,284,
216454,214,
216463,,202
216524,1748,
216542,721,46
216551,348,
216579,81,
216597,7674,2037
216630,89,
216649,29,
216667,1474,
216694,1195,269
216746,63,
216764,13777,1624
216773,133,
216782,320,
216807,1277,87
216816,,361
216825,3893,
216852,3362,1203
216931,2417,1436
217013,558,112
217040,61,0
217059,4442,155
217077,2006,
217156,6991,1947
217165,3563,301
217235,8746,542
217305,3198,93
217323,466,
217350,28,
217402,4058,435
217420,6517,661
217475,9189,
217484,13419,1554
217493,2040,667
217518,4217,193
217536,2104,351
217572,100,
217581,123,
217606,295,10
217615,1690,
217624,660,
217633,2624,286
217688,3115,316
217712,1610,
217721,2597,
217749,2763,198
217776,1182,474
217794,98,
217819,10090,601
217828,74,
217837,770,
217864,3147,577
217873,1974,62
217882,18391,3808
217891,163,
217907,1061,74
217925,531,308
217934,1332,124
217961,855,523
217989,838,
217998,633,83
218025,4143,
218043,118,
218061,3201,257
218070,2806,115
218113,8141,
218140,5232,
218159,174,
218195,135,
218229,2512,38
218238,2616,47
218335,420,1952
218353,8075,
218399,810,
218414,1089,
218441,2413,158
218487,1922,
218520,3714,
218539,1030,
218645,2915,125
218654,1770,
218663,24650,4991
218672,1158,
218681,696,
218690,644,
218706,388,
218724,9477,517
218733,2364,291
218742,4960,139
218751,,
218821,778,
218830,3472,
218858,2493,
218867,28,
218885,4862,
218894,10657,
218919,431,
218955,457,
218964,4832,665
218973,1744,
218991,3457,
219000,1579,141
219037,171,
219046,2791,204
219082,1824,200
219091,830,59
219125,129,
219143,1892,
219170,20,
219189,1170,
219198,737,117
219204,1150,
219213,340,
219240,,100
219259,1888,148
219277,910,18
219295,644,
219338,25,
219347,2162,229
219356,9644,790
219374,406,20
219383,1187,164
219392,48,
219408,95,
219426,1921,
219453,164,
219471,5870,1477
219480,817,
219505,109,
219578,273,37
219587,55,
219596,300,
219602,7485,604
219639,946,
219709,6043,456
219718,3695,1101
219790,1066,96
219806,1823,772
219824,5993,
219833,1476,522
219842,91,194
219851,28,
219879,2314,
219888,3494,
219903,1177,
219921,226,
219949,1253,274
219976,3064,1086
219994,621,
220002,141,
220057,1663,
220075,10236,1947
220118,196,
220127,563,
220163,43,
220181,810,36
220206,247,5
220215,1341,326
220251,268,
220279,376,
220312,259,
220321,381,
220394,220,
220400,2902,
220464,60,
220473,874,206
220491,266,
220516,2616,444
220552,1148,404
220598,1383,
220604,873,
220613,3973,376
220631,1353,1377
220640,514,
220701,1020,4
220710,1231,
220756,190,
220765,445,
220792,,51
220808,304,46
220853,946,
220862,13682,2371
220871,,186
220978,17514,1644
220996,,248
221050,636,
221096,3534,
221102,438,
221148,1956,
221157,214,
221184,6457,
221236,345,
221254,159,
221281,329,
221333,534,
221351,2180,24
221388,197,
221397,3608,
221430,249,
221485,6161,
221494,603,
221519,1840,107
221582,219,
221591,376,
221607,212,
221616,422,
221625,691,
221634,205,
221643,6790,
221661,2391,389
221670,,
221731,1007,22
221740,9267,812
221759,21112,4435
221768,5911,257
221795,132,
221829,249,
221838,6442,1365
221847,8933,738
221892,1528,852
221908,4118,
221953,1701,179
221971,2430,934
221999,6804,3618
222026,55,
222053,5408,
222062,3881,
222099,175,
222105,203,
222178,3547,735
222567,3866,
222576,5916,
222628,229,911
222822,3225,
222831,5598,1031
222877,174,12
222886,218,
222938,1596,
222983,1460,18
222992,24551,
223001,,118
223056,85,
223083,677,
223117,34,41
223223,,869
223232,14431,1864
223320,2665,
223427,22860,
223463,1133,
223472,347,
223506,2557,
223524,6683,
223773,3797,
223816,11698,
223852,74,
223898,2325,
223922,894,
224004,1568,549
224013,44,
224110,5934,
224147,8453,1293
224156,356,
224226,2708,1311
224244,231,
224271,263,
224305,,1419
224323,1360,813
224350,4762,
224527,1002,78
224545,1140,294
224554,6475,3168
224572,8081,
224615,5183,
224642,17588,
224660,551,
224679,583,
224712,,81
224758,52,
224776,937,7
224828,135,
224891,920,
224961,1359,
225070,3151,
225201,972,11
225247,1526,225
225308,3404,
225371,2028,
225399,2144,662
225414,4252,2260
225423,36098,
225432,9778,823
225502,2323,752
225511,29153,4915
225520,2062,
225548,978,62
225575,892,19
225627,6253,1221
225779,47,
225788,156,
225876,400,
225885,908,
225991,158,
226019,3598,
226091,8416,5875
226107,1545,
226116,960,
226125,164,
226134,8567,
226152,5259,601
226204,4774,
226231,1825,354
226277,1128,
226374,65,
226383,1299,291
226408,2572,
226471,2857,534
226578,5830,
226587,955,2
226675,316,
226772,34,
226806,3793,
226833,4604,536
226860,66,
226879,212,
226903,319,
226930,5191,
227003,398,
227058,83,
227146,6291,
227155,26,
227182,47665,
227191,5951,
227216,27079,5124
227225,1997,
227289,,89
227298,313,
227304,3430,
227313,213,
227322,246,
227331,1339,1324
227368,20814,3063
227377,1446,
227386,1916,
227401,3427,
227429,445,
227526,6650,1003
227687,1486,
227748,336,
227757,3962,3350
227766,11170,
227836,847,
227845,3642,455
227854,7109,
227863,1452,1116
227881,15689,1686
227924,13373,
227979,13500,
228042,1143,50
228088,34,
228149,2267,350
228158,6433,
228185,58,
228194,,
228200,345,
228219,387,
228246,6462,3239
228282,148,
228316,3393,
228325,1492,160
228343,1530,
228431,9899,1238
228459,29011,3327
228468,727,20
228486,143,
228501,1823,633
228529,9474,941
228547,32182,
228608,3438,
228635,,1107
228644,1037,1022
228653,892,1590
228699,2495,
228705,5631,2254
228723,44642,10136
228769,25350,8352
228778,35813,8315
228787,14108,6945
228796,16569,2288
228802,5217,1879
228866,,
228875,8763,909
228884,804,
228909,,1134
228981,1233,16
229018,3925,485
229027,21779,2777
229036,539,
229063,6000,965
229115,27331,4791
229160,1666,545
229179,8219,3581
229267,2282,205
229300,938,2036
229337,2258,2498
229355,8242,
229416,2725,
229425,213,
229504,1898,
229522,112,
229540,2351,
229656,212,
229780,3280,1019
229799,3860,
229814,6279,1610
229832,1100,
229841,4852,
229887,1214,0
229957,58,
230010,630,
230038,30477,2746
230047,3577,
230056,151,4
230065,167,
230135,63,
230144,81,
230162,1613,
230171,6391,
230199,33,
230205,51,
230214,298,
230366,387,
230418,2053,
230490,1184,
230597,3793,
230603,6532,743
230621,300,
230630,279,
230676,596,
230728,20812,1811
230737,25452,205
230746,17765,
230764,21046,6055
230782,16441,522
230807,2206,450
230816,708,136
230834,1863,170
230852,2999,453
230861,2821,
230889,168,316
230898,591,129
230913,1138,123
230931,1126,34
230940,196,0
230959,2780,266
230977,467,
230995,2280,948
231004,119,
231059,2092,223
231068,,304
231077,220,55
231086,449,
231095,155,
231147,,164
231165,1332,
231174,10849,806
231280,100,
231411,613,
231420,836,10
231536,2619,
231554,931,10
231581,1898,
231624,6236,1598
231651,2307,2326
231688,44,
231697,2566,
231712,4976,116
231721,57,
231785,460,
231828,470,
231837,763,296
231873,714,
231882,2224,
231970,,715
232016,287,
232025,999,26
232043,1182,346
232052,417,
232089,1076,
232186,21429,6143
232195,4300,
232256,1092,
232265,3698,611
232308,694,198
232414,6817,
232423,19340,1436
232450,5527,
232502,155,
232557,41697,22635
232566,4518,334
232575,3945,
232609,2121,382
232618,108,
232672,1219,223
232681,4014,230
232706,2290,818
232724,19,
232788,1784,
232797,1157,66
232867,2824,
232885,336,
232919,754,
232937,4151,438
232946,34016,
232982,17505,2498
233019,1816,
233037,832,
233082,127,
233091,363,
233116,2983,
233277,8679,808
233286,86,
233295,1391,
233301,672,18
233310,1903,
233329,546,
233338,1249,
233356,393,
233374,3378,238
233408,203,
233426,2258,
233480,29,
233541,2101,1038
233611,546,
233639,2798,
233648,1817,
233666,21,
233684,3626,1408
233718,244,2
233754,6020,
233772,17353,
233842,,140
233897,1589,
233903,1501,
233921,26424,5906
233949,4568,
234030,21623,4522
234076,16441,6354
234085,1936,
234119,35,
234137,265,32
234155,4290,291
234164,1300,379
234173,1546,
234191,123,
234207,1735,0
234359,183,
234377,1781,
234401,35,
234492,1153,
234650,42,
234669,10788,
234696,2059,
234711,1867,
234739,121,
234827,11296,563
234845,2197,
234915,681,721
234924,168,
234933,7863,
234951,4047,
234979,5092,
235024,711,5
235088,439,
235097,10555,910
235103,6395,
235149,6543,
235158,161,
235167,3709,264
235237,4684,
235307,144,
235316,5383,1392
235334,1700,
235343,7530,
235352,68,
235422,729,397
235431,5656,
235501,522,
235547,227,378
235583,200,
235671,3008,
235699,2628,
235750,2316,
235954,34,
236018,78,
236072,4216,
236133,907,271
236188,5700,
236212,1104,
236230,2930,346
236258,1854,
236328,2347,152
236382,2702,
236452,1148,247
236504,4657,
236513,5503,
236531,77,
236577,3206,715
236595,4621,1441
236610,4735,
236638,3864,
236656,3965,
236692,6772,
236708,4788,
236744,69,
236753,6241,
236887,3933,
236896,1638,201
236939,22644,3583
236948,30124,10428
236975,2814,
237011,13628,574
237039,3109,
237057,1466,
237066,2477,280
237109,3463,
237118,1087,238
237127,33,
237136,241,1
237145,26,
237172,162,
237181,783,20
237215,1298,
237242,79,
237303,123,
237312,1680,299
237321,169,
237330,2082,256
237358,883,
237367,3285,130
237385,1218,
237437,624,
237473,138,
237491,54,
237525,8683,2268
237543,112,
237552,127,
237561,75,
237570,117,
237598,206,
237613,76,
237640,405,30
237686,1884,
237701,1199,
237729,170,
237783,564,160
237792,3133,145
237817,1259,
237844,116,
237880,,
237899,2164,44
237905,45,7
237932,1975,239
237950,1082,
237969,1334,135
237978,80,
237987,212,
237996,567,
238005,77,
238014,1291,
238032,22580,4037
238078,930,157
238096,36,
238166,102,
238175,159,
238193,1338,351
238263,8840,48
238324,337,35
238333,1353,
238397,1630,
238430,1405,745
238458,2890,300
238476,3005,59
238573,149,0
238616,3449,2153
238661,1726,566
238722,5116,
238759,4175,
238786,60,
238810,55,
238980,1708,473
239008,1529,
239017,2865,
239071,818,88
239080,1436,353
239105,8216,1304
239169,,308
239220,1904,
239248,10634,
239309,624,
239318,2604,119
239372,2770,
239390,768,331
239424,,65
239442,712,
239460,3115,
239488,5639,
239512,557,
239628,848,
239637,,95
239716,2143,36
239743,280,190
239877,48,
239910,1470,
239929,519,
240055,8658,
240107,1643,870
240116,3654,
240125,3732,
240170,2997,
240189,10390,829
240198,1898,
240213,,62
240240,155,
240268,9406,280
240277,4897,158
240329,9433,641
240338,1193,71
240365,9670,590
240374,3625,87
240392,2517,397
240417,7426,712
240426,2043,88
240444,28671,6390
240453,19565,3042
240462,7360,455
240471,5041,327
240480,8188,202
240505,2484,
240514,1150,
240596,940,
240620,2745,
240657,1282,
240666,2046,
240693,1869,
240709,50,
240718,821,
240727,9219,1326
240736,1009,
240745,1648,
240754,3102,202
240790,977,
240879,554,
240985,270,
241100,504,38
241128,667,35
241146,1070,
241182,770,
241191,1318,47
241216,1583,85
241225,1212,258
241304,1192,103
241331,205,919
241377,1221,173
241386,360,22
241395,576,242
241410,5175,933
241517,1210,
241614,181,38
241720,1219,
241739,9314,1667
241766,343,26
241793,,139
241836,986,60
241906,287,
241951,452,
242042,691,
242112,1936,
242121,591,
242130,465,
242149,448,
242316,205,
242413,417,
242422,14629,
242556,762,
242565,581,
242583,533,
242617,3585,381
242626,3493,162
242635,3231,292
242644,1708,32
242653,6071,1527
242662,4052,228
242680,1652,127
242699,1590,61
242705,3695,69
242723,,27
242750,155,
242820,1089,
242945,397,
242954,107,
242972,5157,273
242981,1503,34
243072,2425,
243081,,341
243106,2934,
243115,3714,
243133,4378,
243142,2873,
243151,3492,
243179,3654,
243188,1342,
243197,11418,411
243203,429,973
243212,3386,
243221,11352,1309
243346,8781,830
243443,3869,265
243498,,127
243568,124,45
243577,3214,515
243586,1176,78
243601,11461,1983
243638,1723,
243647,440,
243665,1802,109
243744,7412,6860
243780,30235,8086
243799,53,
243823,248,12
243832,1477,111
243841,669,
244233,434,
244279,290,
244437,14842,
244446,2846,
244491,128,
244561,421,
244613,400,
245069,44,
245281,50,
245290,95,
245342,1638,
245421,81,
245430,90,
245625,1253,
245652,376,79
245731,17,17
245777,102,42
245838,194,580
245847,149,189
245865,,386
245883,63,308
245892,33,84
245953,1374,301
245962,268,
245980,70,
245999,1446,
246017,239,
246035,235,
246071,93,
246202,541,
246266,905,
246345,,87
246354,5678,
246406,24,
246415,57,
246460,113,
246789,,24
246813,2604,
246895,620,
246974,514,
247010,39,
247047,94,
247065,724,
247153,171,
247162,8,45
247409,303,
247603,1927,
247649,462,
247700,258,
247773,68,8
247825,13,8
247834,18266,
247940,2191,
248192,13,
248305,88,
248527,52,
248606,779,
248624,105,
248633,70,
248660,232,
248703,162,
248846,98,
248882,205,
248925,931,
248934,12135,108
249140,261,
249238,378,
249566,371,
249609,279,
250027,319,
250072,84,
250285,553,
250601,372,
250744,580,
250902,64,
250993,270,
251075,295,
251260,3897,
251312,1001,215
260293,785,99
260336,44,
260354,75,
260363,27,
260372,216,
260664,180,
260691,1401,
260789,1043,
260813,294,
260901,39698,8746
260910,495,45
260929,178,
260947,29,
260956,,111
260965,80,
260992,634,
261436,1044,
261676,173,
261685,190,
261719,256,
261773,20,
261861,141,
262022,,116
262031,4807,
262086,2930,3011
262129,960,
262165,77,
262332,1852,
262341,1404,
262369,145,
262402,98,
262466,50,
262509,525,
362700,313,
362782,280,
363013,113,
363077,140,
363147,161,
363165,819,
363439,245,
363590,403,
363633,759,
363679,171,
363712,32,
363721,,
363882,76,
363907,746,142
363916,314,18
363934,802,19
364016,4641,
364025,7828,
364122,6,
364168,300,
364335,104,
364548,338,
364575,33,
364627,345,
364636,81,
364751,162,
364760,52,
364946,260,
364955,779,
364964,123,
364973,822,
365055,417,
365091,215,
365125,141,
365198,531,
365204,7990,
365213,522,
365240,31,
365374,1035,
365383,162,
365426,,243
365480,580,
365505,63,
365693,98,
365763,80,
365824,288,
365833,421,
366003,108,43
366155,22,
366191,1990,
366252,5067,
366261,302,
366270,601,
366289,269,
366340,357,
366368,,108
366395,18056,
366401,5612,
366438,73,
366465,1765,
366535,530,
366553,1218,
366571,35,
366605,,110
366623,127,
366632,38,
366711,9816,468
366748,491,335
366793,,46
366960,619,
367024,1189,105
367051,106,
367088,79,
367097,167,
367103,89,
367112,631,
367158,144,
367194,362,13
367334,220,
367361,94,
367398,274,
367431,54,
367459,4883,
367839,105,37
367875,137,
367884,1299,174
367909,235,
367936,375,607
367954,,836
367972,147,
367981,86,
368036,17,
368230,151,
368364,167,
368407,107,
368443,738,
368452,341,
368540,28,
368629,1098,
368647,34,
368771,92,
368780,529,
368832,46,
368911,1175,
369002,,
369109,57,
369400,3574,
369419,936,
369446,71,
369455,130,
369516,504,0
369659,,347
369668,281,
369686,188,
369695,138,
369783,655,
369862,297,
369905,344,
369950,129,
371034,18,
371052,684,
371690,487,
371830,67,
371928,199,
371964,373,
372000,52,
372028,183,
372073,566,
372082,243,
372240,30,
372329,1798,
372356,53,
372462,116,
372718,207,
372772,443,
372921,1148,
372958,655,
373058,208,
373085,215,
373216,42,
373456,17,
373526,266,
373678,157,
373696,132,
373711,94,
373784,1191,
374024,,190
374316,68,
374343,90,
374440,19,
374574,475,
374592,43,
374875,1302,
374927,85,
374972,312,
374990,72,
375106,94,
375230,109,
375300,249,
375319,106,
375373,235,
375407,83,
375416,626,
375489,325,
375540,42,
375568,26,
375647,59,
375656,154,
375683,823,
375692,122,
375708,129,
375717,55,
375726,294,
375735,205,
375744,383,
375753,19,
375762,41,
375841,438,
375939,372,
375966,127,
375984,320,
376224,741,
376242,470,
376288,96,
376321,2557,
376330,486,
376385,1232,
376446,89,
376631,46,
376677,106,
376695,791,
377111,608,
377193,27,
377218,202,
377272,52,
377281,76,
377315,90,
377342,768,
377449,335,
377458,346,
377485,41,
377546,115,
377555,4682,411
377564,3962,575
377652,453,
377661,178,
377670,141,
377722,388,
377759,32,
378105,247,
378576,116,414
378886,135,
378956,955,
379621,60,
379746,41,
379782,197,0
380067,147,
380094,63,
380359,333,
380368,1188,
380377,527,
380438,389,
380456,112,
380465,300,248
380474,463,
381255,99,
381282,146,
381325,138,
381352,,158
381361,90,
381370,174,
381404,261,
381459,,132
381486,18,
381529,320,
381699,40,
381732,111,
381866,38,
381945,546,
382063,124,175
382258,93,
382267,89,
382276,422,
382416,107,
382461,54,
382504,704,
382771,433,
382780,225,
382896,700,
382902,65,
382911,92,
382957,689,
383020,10,40
383084,1843,
383163,341,
383172,21,
383190,1707,
383279,158,
383297,181,
383312,72,
383330,76,
383367,189,
383464,106,
383525,191,
383765,136,
383792,252,
383899,580,
383950,341,
383996,326,
384236,454,
384245,810,
384254,266,
384306,,216
384333,5362,
384342,3662,
384412,121,11
384421,102,
385008,226,
385132,94,
385503,495,
385549,158,
385619,1246,167
386153,337,
386472,534,
387660,6,
387819,75,
387925,307,
388043,539,
388520,308,
388663,70,
389727,363,
389860,222,
390701,3331,156
390905,158,
391005,259,
391546,180,
391564,118,
391759,53,
392257,1785,
392354,27,
392415,414,
392798,40,
392840,211,
393180,94,
393524,72,
393649,1027,
393861,456,
393977,37,
395195,41,
395362,1124,
395690,683,
397270,108,31
397942,1233,
398130,312,
399212,6358,
399869,876,
399911,445,10
400080,814,
400187,314,
401223,99,142
401250,,342
401481,37,
401764,216,
402563,329,
402776,109,1
402800,148,
403414,30,
403469,720,
403478,706,
403487,2071,
404037,27,
404055,262,
404222,,
404338,68,214
404365,521,
404374,378,
404383,653,
404426,2050,
404499,158,
404505,200,
404514,131,
404684,323,
404718,39,
404806,343,
404912,1242,
404994,4260,
405012,117,
405021,65,
405058,155,
405076,402,
405748,73,
405854,194,
405872,2262,
405997,509,97
406024,1188,
406033,1495,
406149,88,
406325,135,
406361,27,
406413,81,
406422,112,
406486,96,
406495,155,
406547,366,
407009,2992,341
407054,227,
407090,236,
407142,110,
407151,139,
407179,143,
407285,73,0
407328,141,
407355,282,
407391,114,
407407,116,
407425,97,
407434,50,
407452,35,
407461,118,
407470,163,
407489,69,
407513,149,
407522,8,
407568,145,
407577,261,
407595,122,
407601,87,
407610,14,
407629,,319
407683,196,
407708,257,
407735,58,
407832,180,
408039,279,
408066,143,
408163,69,
408312,173,
408385,553,
408729,137,
408844,4299,56
408862,453,
409032,494,
409120,144,
409193,618,
409254,,166
409315,21653,
409537,58,
409591,67,
409616,,
409698,6274,404
410070,918,
410283,481,
410496,384,
410502,1142,
410520,211,
410788,186,
410797,159,
410964,38,
411684,161,
411754,49,
412003,48,
412173,489,
412535,49,
412544,125,
412599,823,
412650,139,
413176,41,
413343,23,
413413,7021,16640
413617,248,
413626,214,
413680,349,
413778,199,
413802,246,
413820,35,
413893,375,
413945,105,
413972,63,
414054,74,
414063,142,
414124,396,
414452,30,
414461,3883,
414489,81,
414540,245,
414595,123,456
414823,1728,
414869,152,
414878,419,218
414911,1288,
414939,244,
414966,,59
415039,98,
415057,145,
415729,8,
415987,338,
416458,537,
416670,99,
416801,354,14
417008,122,
417062,127,
417105,307,
417123,196,
417178,64,
417187,34,
417248,70,
417257,39,
417275,10,
417318,13,
417327,290,
417381,157,
417406,64,
417442,165,
417503,195,
417549,256,
417600,33,
417628,34,
417637,94,
417646,33,
417655,34,
417673,29,
417682,28,
417716,169,
417725,81,
417734,130,
417752,79,
417789,99,
417804,87,
417831,102,
417840,476,
417868,68,
417886,104,
417910,227,
417947,54,
417983,34,
417992,80,
418001,158,
418010,53,
418029,33,
418038,163,
418056,144,
418065,319,
418083,81,
418126,463,248
418171,58,
418199,85,
418205,285,
418223,126,
418250,147,
418269,108,
418278,36,
418296,754,
418302,393,
418320,716,
418339,340,
418348,318,
418357,64,
418384,22,
418409,459,
418427,112,
418445,28,
418454,130,
418481,32,
418515,187,
418524,81,
418533,480,
418542,145,
418560,107,
418588,48,
418603,50,
418612,29,
418658,592,
418755,44,
418764,102,
418773,636,
418782,396,
418870,394,
418889,67,
418913,39,
418968,50,
419031,40,
419095,58,
419147,30,
419156,26,
419183,457,
419217,133,
419226,407,
419235,177,
419244,116,
419253,166,
419271,8,
419280,66,
419314,18,
419332,10,
419341,60,
419411,285,
419420,81,
419457,71,207
419484,33,
419633,104,
419660,423,
419703,498,
419712,167,
419721,231,
420006,255,14
420024,316,
420042,948,130
420103,216,
420130,253,
420200,60,
420246,,
420255,111,
420307,2617,52
420316,572,
420325,99,4
420343,959,
420370,509,
420398,11032,
420431,1146,
420440,911,
420459,247,
420468,485,
420495,154,
420538,1088,
420556,606,
420574,3564,300
420608,98,
420705,,65
420723,224,
420866,63,53
420981,442,
421513,96,
421540,253,
421559,156,
421610,53,
421665,15,
421708,856,
421717,27,
421771,56,
421832,484,
421841,335,
421878,174,
421896,628,
422190,72,
422695,316,
422835,303,
423120,563,
423397,44,
423643,,1160
423652,272,
423980,2102,
425250,179,
425889,325,
425986,252,
426314,6204,2079
427308,186,
427335,13,
427894,121,
427919,106,
427973,333,
427982,285,
427991,481,
428000,127,
428019,181,
428055,253,
428073,22,
428125,134,
428143,189,
428170,827,
428259,148,41
428268,108,196
428286,671,
428295,132,
428392,1158,
428444,1099,
429012,433,
429085,,159
429094,,214
429100,73,
429128,370,
430096,177,
430157,163,
430166,194,
430184,1755,520
430218,118,
430227,133,
430245,466,
430254,98,
430306,46,
430342,107,
430403,207,
430421,237,
430485,99,
430564,30,
430582,277,
430670,38,55
430704,27,315
430795,242,
430810,343,75
430883,48,
430908,93,
430935,647,
430971,73,
431017,117,
431071,95,
431099,73,
431105,155,
431123,546,
431141,1994,
431169,124,
431187,58,
431196,100,
431202,41,
431266,61,
431275,77,
431284,63,
431309,28,
431558,226,
431594,,20
431600,77,
431691,36,
431707,41,
431716,314,
431770,33,
431886,724,
431929,352,
431956,82,
431965,116,
431983,117,
432074,155,
432117,143,
432223,223,26
432241,144,12
432269,86,
432302,361,
432348,,
432357,,114
432384,733,
432524,167,
432533,959,
433004,267,3
433013,641,
433040,39,
433068,304,
433101,683,
433138,128,
433165,4,
433174,335,
433217,,10
433387,42672,12078
433420,356,22
433466,373,
433536,524,30
433563,101,
433660,11729,692
433970,106,
434016,73,
434061,5039,
434140,1481,
434159,388,
434274,131,
434283,68,
434292,1,
434308,852,
434317,226,
434344,198,
434362,39,
434380,46,
434432,40,
434441,,260
434469,123,
434496,56,
434502,107,
434520,293,
434539,266,
434584,98,
434672,12915,
434690,246,
434715,,
434751,74,
434812,114,
434821,1104,
434830,432,
434900,839,
434937,35,
434973,154,20
435000,43,371
436003,106,
436012,341,
436021,,45
436030,183,
436067,51,
436094,168,159
436100,22,
436182,128,
436191,332,
436261,,157
436270,207,
436304,1261,
436429,2737,
436438,179,120
436465,339,
436483,245,
436553,354,
436599,49,
436614,56,8
436632,174,
436641,220,
436650,418,
436775,287,
436818,2025,
436827,643,
436836,1339,
437060,438,
437097,1229,694
437103,5709,
437237,116,
437316,375,
437325,218,20
437529,131,
437556,741,
437608,201,
437635,441,
437653,208,
437705,10,
437732,266,
437750,237,
437769,187,
437778,439,
437857,156,
437936,856,
438151,1323,173
438179,320,
438212,238,
438221,286,
438258,624,
438267,207,
438285,459,
438337,312,
438498,3348,1228
438504,2573,
438586,601,80
438647,397,
438656,635,
438674,82,
438708,438,
438735,240,
438805,439,
438869,45,
438902,229,21
438984,56,
439020,32,91
439057,57,38
439118,435,
439127,274,
439145,2899,
439190,2644,
439288,1282,28
439297,145,9
439367,811,
439394,11,246
439446,132,340
439455,328,
439473,305,
439482,287,
439491,389,
439507,230,
439570,1071,
439613,155,
439622,882,
439631,72,
439668,94,
439686,207,
439701,400,154
439738,644,
439747,205,
439774,44,
439783,93,174
439792,601,
439817,,90
439844,61,
439862,68,2
439871,108,
439899,48,
439905,449,
439914,,59
439932,29,
439969,28,173
439978,53,
439996,110,
440004,,42
440031,,374
440059,989,
440077,29,
440086,242,
440101,159,
440174,159,
440217,26,
440226,68,
440262,370,
440271,154,
440323,245,
440332,528,
440341,872,
440396,149,13
440402,1888,
440411,2,92
440420,71,12
440457,73,0
440466,56,1
440651,1487,
440721,156,
440730,482,
440749,140,
440758,126,
440767,248,
440776,48,
440794,373,
440819,71,
440828,470,178
440855,226,
440873,1074,
440882,275,
440891,221,
440907,314,
440916,,
440925,120,
440952,250,
440989,416,
441016,619,
441025,534,
441052,1774,
441070,70,
441089,698,
441104,,245
441131,,238
441168,141,
441201,26,
441210,113,
441229,874,
441256,148,
441308,,849
441317,42,
441335,25,
441353,8,
441362,277,
441371,338,
441380,199,
441405,111,
441414,140,
441423,372,
441478,92,131
441487,185,
441496,237,
441502,481,
441511,744,214
441548,120,
441575,672,
441593,49,
441609,171,
441618,15,
441636,465,
441645,185,
441663,355,
441672,29,
441690,191,18
441706,114,
441742,680,
441760,1996,
441779,89,
441788,763,
441830,99,
441858,259,
441876,255,
441900,2754,
441919,357,
441928,569,
441937,5187,205
441973,984,
441982,366,
442037,307,
442046,497,
442064,,97
442073,512,
442134,728,
442161,317,42
442204,132,
442213,60,
442222,181,105
442240,344,
442295,,
442329,870,
442356,963,31
442383,231,
442392,,113
442408,288,
442426,541,
442435,93,
442523,55,
442569,7912,1122
442578,99,
442602,406,
442611,2052,
442620,349,
442639,35,94
442657,325,
442718,254,
442727,474,
442745,74,
442781,138,
442790,445,
442806,,127
442815,294,
442842,46,129
442879,565,
442888,238,
442897,60,12
442930,1304,25
442949,39,
442967,174,
442976,74,
442985,212,
443021,111,
443030,,80
443049,217,169
443058,12,
443076,,122
443100,135,
443128,,1042
443137,266,
443146,49,
443173,29,
443207,625,
443216,228,
443225,76,
443234,245,
443252,1216,
443261,153,
443270,179,
443289,222,
443298,23,
443322,424,
443331,1785,0
443340,53,9
443359,132,
443377,186,
443395,182,
443410,1168,63
443483,116,
443492,1365,
443544,73,1
443562,1237,132
443571,115,
443599,296,131
443623,1572,
443632,79,
443641,193,
443650,419,
443669,443,
443678,82,
443696,32,
443702,,21
443748,406,
443766,1195,337
443784,1282,274
443827,553,
443836,695,
443854,533,
443942,175,
443951,115,
443979,98,
444024,651,
444042,1521,42
444051,188,
444088,174,
444103,,11
444130,105,6670
444194,274,
444200,286,
444219,5602,
444228,22,
444237,277,
444255,162,
444264,162,
444282,97,
444291,101,
444307,95,
444316,118,
444325,52,
444334,29,
444343,125,
444361,142,
444370,100,
444398,146,
444404,58,
444413,105,20
444422,189,
444440,56,
444468,37,
444486,469,
444510,150,
444529,146,
444547,24,
444556,415,
444565,432,
444583,1167,
444592,73,
444608,56,
444635,97,
444644,68,
444653,69,
444662,84,
444671,251,
444680,323,
444699,,50
444705,36,
444714,216,
444732,181,
444769,180,
444778,66,23
444787,218,
444796,108,
444811,238,
444857,34,
444866,192,
444893,790,
444909,16,
444927,351,
444936,43,
444945,225,
444954,1500,
444972,284,
444990,379,
445027,11890,1437
445054,,11
445090,581,
445115,758,
445124,41,
445133,440,124
445188,6427,459
445203,626,
445212,315,
445230,1454,
445249,432,
445258,266,
445267,2251,197
445300,157,
445319,37,1
445328,483,
445346,249,
445364,844,
445391,62,0
445434,613,
445461,886,
445498,37,
445540,74,
445559,523,
445577,160,
445638,36,
445647,62,
445656,114,
445692,756,0
445708,2215,
445726,383,
445735,575,36
445744,623,
445762,225,
445780,56,
445799,2306,
445814,575,
445841,140,
445850,150,
445869,,61
445911,555,
445920,146,
445948,405,
445957,146,
445984,82,
446002,,49
446039,,29
446048,1116,30
446075,14,
446084,207,
446093,143,
446109,391,
446118,629,
446127,233,
446136,363,
446163,72,
446190,19,
446206,22,
446224,58,
446233,202,1
446242,197,
446251,35,
446260,203,
446288,93,
446303,137,
446349,9,
446385,191,
446394,11,7
446446,103,
446455,62,
446516,51,
446525,178,
446534,68,
446552,1645,
446561,1545,166
446589,139,
446598,56,
446604,1691,
446613,9,
446640,349,1681
446668,306,
446677,132,
446729,8,0
446774,1979,
446792,140,
446808,221,
446835,1243,
446844,537,
446880,248,
446996,60,
447014,316,
447023,632,
447050,186,131
447102,465,
447120,413,
447148,200,
447166,71,
447175,108,
447209,243,
447263,602,
447272,256,155
447290,384,
447360,76,
447379,229,
447403,1160,
447421,227,
447430,146,
447449,45,
447458,580,
447467,151,
447476,15,
447494,127,
447519,156,
447528,89,
447582,1377,
447591,598,
447607,503,
447616,492,
447634,496,
447670,144,
447689,9518,
447698,,128
447704,58,
447713,76,
447722,55,
447731,120,
447759,177,
447768,2086,
447777,692,
447795,45,
447801,,129
447810,319,
447847,153,
447865,21,
447874,468,
447883,311,
447892,143,
447908,24,
447917,31,
447935,342,
447953,639,62
447962,229,
447971,96,
447980,75,
447999,129,
448008,22,
448017,68,
448026,118,
448035,38,
448044,19,
448071,191,
448123,357,
448150,86,
448196,110,
448220,125,
448239,211,
448248,1152,
448257,17,
448275,34,
448284,548,742
448309,276,75
448345,793,
448354,129,
448424,89,
448433,2297,
448567,177,8
448576,1468,
448585,212,
448594,2506,
448600,397,
448619,311,
448646,81,
448664,293,
448673,1296,
448691,,43
448707,283,
448716,250,
448734,147,170
448752,361,
448761,170,
448770,427,
448798,69,
448822,5,0
448840,3671,442
448859,206,
448886,9211,1588
448895,570,
448974,149,
448983,290,
449010,763,
449038,1499,469
449074,1069,
449083,364,
449092,277,
449117,300,
449126,67,
449135,394,
449144,311,
449250,549,
449269,512,
449302,46,
449311,141,
449320,706,
449339,31798,6370
449348,70,14
449357,67,
449366,400,
449384,721,
449393,68,
449445,194,
449454,37,
449463,65,
449472,49,
449481,,64
449490,167,
449506,519,
449524,180,
449533,195,
449597,23,
449603,120,
449612,202,
449658,124,
449667,101,
449676,113,
449685,125,
449700,609,
449719,215,
449728,119,
449764,95,
449773,104,
449782,34,
449807,259,
449816,166,
449834,,24
449852,43,
449861,172,
449870,94,121
449889,,2555
449898,606,442
449904,290,
449922,,
449931,457,325
449959,302,
449968,317,
449977,247,
449986,341,
449995,225,
450003,104,
450021,375,
450049,207,
450058,1023,
450067,653,
450076,634,
450085,516,
450094,689,
450119,350,
450128,661,
450173,17012,
450182,218,
450191,363,
450289,352,
450298,198,40
450304,,132
450377,349,195
450395,163,
450401,637,
450456,53,1
450465,174,
450483,127,1
450526,307,176
450535,133,160
450544,177,126
450571,786,
450599,102,
450605,97,
450614,100,
450632,72,
450641,166,
450650,218,
450669,80,
450678,82,
450696,656,
450702,597,
450711,85,
450720,283,
450739,162,
450757,87,
450766,32,58
450933,10953,3975
450942,,
450951,187,
450960,81,
450979,3264,2193
450988,165,
451006,67,
451033,12,
451042,72,
451051,49,
451060,383,31
451079,,67
451097,239,
451103,1054,
451121,113,
451130,,206
451149,702,
451158,712,
451167,132,
451194,25,
451228,178,
451237,149,
451255,74,
451264,84,
451282,93,
451291,20,
451307,77,
451334,217,
451343,146,
451352,354,
451361,12,
451370,66,
451398,234,
451404,363,
451413,279,
451459,83,
451468,217,
451477,197,
451495,23,
451501,274,
451510,,
451529,57,
451538,253,
451547,54,
451556,2275,
451565,213,
451574,158,
451583,250,
451617,33,
451626,60,
451635,66,
451644,16,
451653,18,
451662,8041,
451671,1674,163
451699,617,
451705,63,
451714,319,
451741,777,
451750,640,
451769,169,
451796,792,
451820,1067,
451848,211,
451857,442,
451866,397,
451875,92,
451884,128,
451909,954,
451918,116,
452009,96,
452018,202,
452027,540,
452036,496,
452045,649,
452054,456,
452063,1219,
452072,218,
452081,466,
452090,69,93
452106,90,
452115,580,
452124,569,
452373,371,
452771,2,
452780,2,
452887,143,
452948,516,
453109,223,
453163,2440,806
453215,540,123
453297,15,
453455,129,
453464,114,
453473,106,
453552,191,
453747,155,
453756,112,
453792,206,
453817,119,
454184,501,
454227,12187,5150
454236,824,
454245,711,
454306,133,
454458,177,
454537,48,
454546,108,
454555,277,
454573,349,
454582,253,32
454591,59,
454607,276,
454616,220,
454625,339,
454652,149,
454689,6,363
454698,508,
454722,53,
454740,106,
454759,41,
454768,218,
454777,223,
454786,886,
454795,164,
454801,116,
454810,638,
454829,686,558
454838,,37
454847,35,
454856,983,
454865,522,
454874,99,
454883,475,
454892,28,
454908,211,
454917,206,
454926,412,
454935,48,
454944,166,
454953,29,
454962,30,
454971,203,
454980,92,
454999,140,
455008,145,
455017,18,
455026,69,
455035,46,
455053,32,
455062,66,
455071,45,
455080,168,
455099,,43
455105,91,
455114,5480,
455141,207,
455169,,
455178,,135
455187,67,
455196,2916,
455202,305,
455211,251,
455220,64,
455239,90,
455257,428,
455275,263,
455284,267,
455327,109,
455336,253,
455345,57,
455354,262,
455381,92,
455390,223,
455406,,
455433,,104
455460,353,
455479,1005,
455488,553,
455512,1761,
455549,106,
455558,141,
455567,498,
455585,94,
455600,222,
455619,420,
455628,807,
455655,359,
455664,53,1186
455707,46,
455716,696,
455725,356,
455734,123,
455752,194,
455761,420,
455770,139,
455798,170,
455804,,92
455813,,36
455831,131,
455840,159,
455859,217,
455868,246,
455877,221,
455886,138,
455895,166,
455901,229,
455910,45,
455929,85,
455947,127,
455956,176,
455965,168,
455974,144,
455983,277,
455992,,478
456001,72,
456010,108,
456029,150,
456038,631,
456056,413,
456065,174,
456074,236,
456092,128,
456126,83,
456135,113,
456144,75,
456153,123,
456180,420,
456205,440,
456214,312,
456287,90,
456296,482,
456302,178,
456320,453,
456339,640,
456348,5698,1427
456454,545,
456481,57,46
456490,85,17
456506,204,
456515,356,
456542,,122
456551,43,
456560,204,
456579,643,
456588,73,
456597,119,
456612,446,
456621,127,23
456782,133,
456791,498,
456807,128,
456816,125,
456825,148,
456834,10,171
456861,495,
456922,245,
456931,283,
456940,661,
456959,398,
456968,439,
456977,138,
457004,63,
457022,274,
457031,65,
457077,600,
457086,130,
457101,383,
457110,323,
457129,1056,
457174,302,
457192,212,
457208,160,
457226,21,
457244,86,
457253,75,
457271,,70
457299,188,
457314,236,
457323,425,
457332,38,
457341,144,
457350,19,
457378,144,
457387,240,
457396,134,
457402,12,4
457411,317,
457420,153,
457439,169,
457448,117,
457466,86,
457475,98,
457484,74,11
457493,34,
457527,247,
457536,217,
457545,146,
457554,40,
457563,205,
457572,136,
457581,213,
457606,68,
457615,29,
457624,29,
457633,158,
457642,60,
457651,61,
457679,41,
457688,170,6
457697,63,4
457703,80,
457721,25,
457749,115,
457767,194,
457776,199,
457785,152,
457794,99,
457800,396,
457819,389,
457828,279,
457837,121,
457846,66,
457855,92,
457864,203,
457873,54,
457891,48,
457916,67,
457925,30,
457943,86,
457952,161,
457961,26,
457989,32,
457998,44,
458007,36,
458016,147,
458034,31,
458043,96,
458052,42,
458061,95,
458070,223,
458098,82,
458104,59,
458113,49,
458122,15,
458131,351,
458140,100,
458159,,62
458168,91,
458186,472,
458195,48,
458210,2078,134
458229,1384,
458256,872,
458265,333,
458274,364,
458283,807,
458380,222,
458405,704,
458423,48,
458432,240,
458441,542,
458450,205,
458469,1504,1
458478,359,
458496,555,
458502,396,
458557,135,
458575,102,
458593,527,
458681,392,
458690,552,
458706,470,
458733,185,
458779,120,
458803,145,
458812,71,
458821,77,
458830,178,
458849,130,
458858,166,
458867,279,
458885,124,57
458919,3704,902
458955,145,51
458964,1169,410
458973,1128,242
458982,1087,
458991,148,
459000,122,
459019,85,
459037,85,
459046,88,
459055,81,
459064,133,
459073,64,
459082,,
459091,102,
459107,394,
459116,201,
459125,17,
459143,57,
459161,71,
459170,94,
459189,114,
459198,329,
459204,1171,
459213,1511,
459222,21,30
459231,284,
459259,592,100
459268,601,121
459277,651,
459286,367,
459295,76,
459301,153,
459310,146,
459329,211,
459347,31,
459356,48,
459365,66,
459374,168,
459392,154,
459408,50,
459417,153,
459426,64,
459444,50,
459462,220,
459471,15,
459480,25,
459499,19,
459514,106,
459532,91,
459541,33,
459550,200,
459578,140,
459727,426,536
459736,,522
459745,,250
459824,116,600
459842,513,11
459851,443,9
459949,2618,567
459958,710,
459967,609,
459985,576,
459994,2990,1609
460011,186,
460020,598,
460039,533,
460048,290,
460057,33,
460075,29,323
460093,250,
460109,369,
460118,343,
460127,213,
460136,1371,
460145,189,
460172,535,
460181,653,
460190,350,
460206,555,
460215,282,
460349,394,353
460358,563,
460376,77,1024
460385,22,
460394,5293,
460446,95,
460455,60,
460464,5526,
460482,310,
460516,206,
460525,234,
460534,606,
460543,1605,
460552,58,
460561,69,
460570,153,
460589,43,
460598,436,
460604,57,
460613,605,
460640,77,
460659,48,
460677,493,
460695,249,
460701,135,
460729,1388,
460738,768,851
460747,339,
460756,411,
460765,57,
460774,573,
460783,281,
460808,18,
460817,593,
460826,416,
460835,761,
460844,352,
460853,293,
460862,298,
460871,546,
460899,415,
460905,61,
460914,218,
460923,465,
460932,93,
460950,59,
460969,183,
460978,175,
460987,121,
460996,103,
461005,441,
461014,1063,
461023,691,67
461032,75,
461041,90,
461111,30,
461120,,27
461139,,78
461148,1667,3042
461157,67,
461175,173,
461193,293,
461218,164,
461227,156,
461236,123,102
461245,77,
461254,54,
461263,102,
461272,75,
461281,40,2
461290,96,
461306,106,
461315,68,
461324,227,
461333,9,
461342,55,
461351,346,
461360,54,
461379,11,
461388,63,
461412,56,
461421,219,
461430,778,
461449,147,
461485,,54
461494,149,
461500,93,
461528,88,9
461537,33,
461546,30,
461555,208,
461564,75,
461573,145,
461582,86,
461591,181,
461607,93,
461625,30,
461643,30,13
461652,66,
461689,418,
461698,148,
461704,207,
461713,26,
461722,83,
461731,86,
461740,37,
461759,150,
461768,107,
461786,40,
461795,441,139
461801,64,
461810,47,
461829,587,
461838,107,
461856,445,
461865,326,
461874,137,
461883,58,130
461892,74,
461908,109,
461917,158,
461926,128,
461935,35,
461944,65,
461953,92,
461962,416,
461980,109,
461999,49,
462008,367,
462017,107,
462026,31,
462035,144,
462044,,37
462053,148,
462062,77,
462071,175,
462309,86,
462318,43,
462327,32,
462336,70,
462345,92,
462354,229,62
465812,7896,462
466152,104,
466161,150,
466170,161,
466189,179,
466514,144,
466523,114,
466921,625,
466930,772,
467094,226,
467368,413,
467784,526,
467793,89,
467863,240,
467872,226,
467906,182,
468006,,45
468015,169,
468024,387,200
468246,264,
468255,124,
468398,231,
468705,134,
468723,1157,21
468732,254,
468769,103,
468848,490,
468875,118,
468893,148,
468909,601,
468963,436,
469054,532,
469124,325,
469133,354,
469142,368,
469151,124,
469160,286,
469197,104,
469407,101,
469416,874,
469586,134,
469610,670,
469629,361,
469638,182,
469647,137,
469911,145,
469920,128,
469957,161,
469993,21,
470038,799,
470047,35,
470092,268,
470162,489,
470296,37,
470393,74,
474863,1237,112
474881,97,
474890,908,
474906,172,
474915,556,
474924,225,
474933,70,
474942,93,
474997,574,
475015,213,
475024,403,
475033,,1427
475042,206,
475060,450,
475079,64,
475097,90,
475121,7260,4100
475130,396,
475185,147,
475194,259,
475200,232,20
475228,,
475255,37,
475273,1111,453
475282,119,
475291,86,
475325,537,
475352,556,
475370,748,
475389,52,
475398,41,34
475404,50,
475413,56,
475422,86,
475431,88,
475459,621,
475468,87,
475477,185,
475486,364,
475495,,396
475501,61,
475510,,31
475529,15,
475538,35,
475547,133,
475556,175,
475565,894,
475574,50,
475583,122,
475592,23,
475608,154,40
475617,510,
475626,45,
475635,17,
475644,36,
475653,3,
475662,138,
475699,171,
475705,25,
475714,276,
475723,165,
475732,1051,
475741,265,
475750,269,
475811,,4601
475839,166,
475866,467,
476063,181,
476179,169,
476230,152,
476294,188,
476337,147,
476346,283,
476355,92,
476470,383,
476489,83,
476498,163,
476513,99,
476522,129,
476531,68,
476540,99,
476559,78,
476568,25,
476577,280,
476586,60,
476595,61,
476601,58,
476610,50,
476629,135,
476674,58,
476683,150,
476692,25,
476708,98,
476717,502,
476726,276,
476735,83,
476744,78,
476753,212,
476771,32,
476780,165,
476799,121,
476805,65,
476814,95,
476823,47,
476841,218,
476850,81,
476869,350,
476878,57,
476887,158,
476896,97,
476902,72,
476911,150,
476939,103,
476948,290,
476957,15,
476966,157,
476975,5590,1812
476984,220,
476993,209,
477002,53,
477039,578,1
477950,244,
477996,84,
478005,103,
478014,98,
478582,157,
478591,154,
478616,93,
478634,571,
478661,161,
478917,70,
478953,221,
479053,144,
479062,6,
479248,76,
479424,143,
479956,5151,1714
479965,105,
479974,66,
479983,50,
479992,27,
480000,72,
480019,191,
480028,76,
480037,758,
480064,822,44
480073,351,45
480082,391,39
480091,4160,
480107,389,
480125,212,
480134,315,72
480143,404,
480161,30,
480170,70,
480189,682,
480198,544,87
480204,689,
480301,,
480310,131,
480329,435,
480338,256,
480347,99,
480471,364,
480480,47,
480499,6,10
480514,582,
480523,164,
480532,221,
480550,207,
480569,1897,740
480657,231,
480693,43,
480727,63,
480736,36,
480781,158,70
480790,,
480815,407,
480824,314,
480833,663,
480842,18,
480851,117,
480879,50,
480888,286,
480903,697,
480912,21,
480921,47,
480930,172,
480967,171,
480976,67,
480985,166,4
480994,69,
481003,144,
481021,41,
481030,,15
481049,35,
481058,68,74
481085,179,
481094,,123
481100,75,
481128,496,
481137,55,
481146,194,
481155,153,
481164,80,
481182,21,
481191,141,
481207,238,
481225,22,
481234,237,
481243,106,
481289,88,
481298,83,
481313,44,
481322,56,
481331,88,
481340,73,
481359,29,
481368,31,
481377,37,
481386,64,
481395,35,
481401,53,110
481410,78,
481429,218,
481438,74,
481447,38,
481456,16,
481465,78,
481474,43,
481483,91,
481508,217,
481517,98,
481526,73,
481544,63,
481562,180,
481571,10,
481599,202,
481669,27,
481678,77,
481720,412,56
481739,102,
481748,119,
481766,164,
481845,126,
481854,651,
481863,295,
481890,119,
481906,243,
481915,361,
481942,258,
481960,184,
481988,524,
482015,526,
482024,119,
482033,107,
482060,539,
482097,233,
482103,104,
482149,4567,1757
482158,6143,
482167,48,
482176,337,
482185,100,
482194,107,
482200,101,
482228,55,12
482246,21,
482255,333,
482291,869,
482307,83,
482316,112,
482325,122,
482334,144,
482343,85,
482361,159,
482370,100,
482398,448,
482413,1414,627
482422,976,201
482431,5175,946
482440,547,109
482459,1350,465
482468,1677,526
482477,15358,4095
482486,103,55
482538,343,115
482547,203,79
482556,1094,162
482565,301,131
482574,1758,349
482583,113,37
482608,503,123
482617,169,75
482635,1269,459
482653,523,327
482680,14162,285
482699,2157,
482705,3513,5520
482927,228,
482936,864,25
482954,377,
482963,398,
482972,30,
482981,169,
482990,537,
483009,144,
483018,252,
483036,1419,431
483045,5974,
483054,56,
483106,119,
483124,13879,3415
483212,2483,
483221,283,
483230,80,
483258,38,
483276,48,
483319,367,
483328,203,
483337,155,
483346,33,
483355,369,
483364,293,
483373,65,
483382,109,
483425,57,
483443,81,
483470,74,
483504,352,
483513,43,
483522,39,
483559,44,
483568,34,
483577,8,
483586,13,77
483595,,36
483610,122,
483629,187,
483638,96,
483647,31,
483665,59,
483674,141,
483692,61,
483708,153,
483717,46,
483726,30,
483735,36,
483744,63,
483753,35,
483780,155,130
483799,40,
483805,78,
483814,199,
483823,288,
483841,219,
483850,34,
483869,82,
483878,90,
483887,27,
483896,104,
483902,51,
483911,18,
483920,128,
483939,24,
483948,59,
483957,43,
483966,20,
483975,,
483984,104,
484002,615,
484011,119,
484020,22,
484039,53,
484048,26,
484057,86,
484066,256,
484075,23,
484084,37,
484093,33,
484109,84,
484118,56,
484127,96,
484136,42,
484145,92,
484154,212,
484163,116,
484172,50,
484181,105,
484190,44,
484206,159,
484303,9,0
484321,90,
484330,148,
484349,290,
484358,382,
484367,245,
484376,406,
484385,237,
484394,129,
484473,1276,
484598,21,
484604,327,
484613,82671,20161
484622,125,4
484631,10676,1998
484640,576,94
484668,1243,277
484677,985,130
484686,244,50
484695,345,74
484701,279,20
484710,765,154
484729,274,47
484738,119,9
484747,763,99
484756,2330,368
484765,508,118
484783,290,5
484826,90,
484835,350,
484844,117,
484862,1,8
484871,108,
484880,327,
484899,287,
484905,1542,193
484923,66,
484932,1422,
484950,183,
484978,350,
484996,89,
485014,84,
485032,231,
485078,108,7
485111,8107,
485120,87,
485139,290,
485166,77,
485193,35,
485236,18,
485245,17,
485263,1320,
485272,344,
485281,126,
485290,,247
485306,41,
485342,23,
485351,111,
485360,17,
485379,204,
485388,246,
485397,150,
485403,,29
485412,57,
485421,217,
485458,1619,
485476,44,
485485,138,
485494,87,
485500,28,
485519,295,
485528,11,
485537,,19
485546,33,295
485564,70,
485573,31,
485582,70,
485591,34,
485607,44,
485704,8,
485731,15,
485768,66,82
485801,73,
485810,27,
485856,25,
485874,66,
485908,107,
485953,25,
485962,9,
485999,130,
486017,42,
486026,83,
486053,121,74
486080,,10
486099,67,
486105,4,
486123,36,
486141,29,
486150,66,
486169,116,
486187,54,
486196,219,
486202,38,
486220,7,
486239,145,12
486248,113,
486257,213,
486284,161,17
486309,16,
486327,22,
486345,84,
486354,36,
486372,32,
486381,46,
486390,178,
486406,16,
486415,64,
486424,59,
486433,,125
486442,67,
486460,,22
486488,38,
486497,60,
486503,35,
486512,99,
486521,2,
486530,104,
486558,242,
486567,209,
486576,206,
486594,68,
486600,29,
486619,41,
486691,107,
486707,282,
486716,96,
486725,29,
486734,50,
486752,172,
486770,393,
486798,801,
486813,148,
486822,309,
486840,26722,2117
486859,89,
486868,19,
486877,12,
486886,6,
486901,824,262
486938,232,
486947,219,
486956,192,
486965,86,
486983,31,
487010,246,1274
487047,176,
487065,65,
487083,37,
487092,1043,
487144,30,
487153,,
487162,2496,
487232,68,
487250,11,
487296,391,74
487302,653,
487311,300,
487320,6960,
487348,145,
487357,70,
487366,40,
487375,61,
487384,548,
487393,550,
487409,620,
487418,1018,
487427,438,
487436,486,
487445,440,
487454,470,
487463,157,
487472,818,
487481,166,
487490,602,
487506,67,
487524,2432,320
487533,94,
487588,187,
487597,589,
487603,522,62
487621,13,
487630,30,
487649,,8
487658,59,
487667,217,46
487676,135,
487746,51,
487773,48,
487782,186,
487791,155,
487807,6,
487816,11,
487825,111,
487834,73,
487843,32,
487852,31,
487861,40,
487870,12,
487889,47,
487898,12,
487904,44,
487913,12,
487922,41,
487959,33,
487968,13,
487977,568,
487986,7,
487995,22,56
488004,91,
488013,21,
488022,20,
488031,11,11
488040,27,
488059,25,
488068,38,8
488077,840,
488086,75,
488095,59,
488101,109,
488110,30,
488129,10,
488138,17,
488147,29,
488156,17,
488165,15,
488174,4,
488183,32,
488192,6,
488217,82,
488226,7,
488235,19,
488253,61,
488262,20,
488271,72,
488280,63,
488299,85,
488305,138,
488314,57,
488323,27,
488332,107,
488341,66,
488350,83,
488369,12,
488378,6,
488387,,56
488396,22,
488411,64,
488420,25,
488439,143,
488448,49,33
488572,,
488679,6753,3803
488730,1913,
488749,142,
488800,,878
488819,57,46
488846,1039,
488891,137,
488907,,36
488916,15,
488925,51,
488934,2675,
488943,1252,
488952,46,
488961,39,
488970,74,
488989,39,
488998,82,
489043,5,
489104,39,
489122,26,
489131,18,
489140,20,
489159,40,
489201,3465,
489238,66,
489247,13,
489256,207,
489283,201,
489326,2,
489344,22,
489353,5,
489371,25,
489399,0,
489414,177,
489760,83,
489812,34,
489821,197,
489830,76,
489849,80,
489858,,275
489900,6,
489937,272,154
490009,87,
490018,35,