,UNITID,University,Type,City,State,XF2A01,F2A01,XF2A19,F2A19,XF2A20,F2A20,XF2A02,F2A02,XF2A03,F2A03,XF2A03A,F2A03A,XF2A04,F2A04,XF2A05,F2A05,XF2A05A,F2A05A,XF2A05B,F2A05B,XF2A06,F2A06,XF2A11,F2A11,XF2A12,F2A12,XF2A13,F2A13,XF2A15,F2A15,XF2A16,F2A16,XF2A17,F2A17,XF2A18,F2A18,XF2B01,F2B01,XF2B02,F2B02,XF2B03,F2B03,XF2B04,F2B04,XF2B05,F2B05,XF2B06,F2B06,XF2B07,F2B07,XF2C01,F2C01,XF2C02,F2C02,XF2C03,F2C03,XF2C04,F2C04,XF2C05,F2C05,XF2C06,F2C06,XF2C07,F2C07,XF2C08,F2C08,XF2C09,F2C09,XF2C10,F2C10,XF2D01,F2D01,XF2D012,F2D012,XF2D013,F2D013,XF2D014,F2D014,XF2D02,F2D02,XF2D022,F2D022,XF2D023,F2D023,XF2D024,F2D024,XF2D03,F2D03,XF2D032,F2D032,XF2D033,F2D033,XF2D034,F2D034,XF2D04,F2D04,XF2D042,F2D042,XF2D043,F2D043,XF2D044,F2D044,XF2D05,F2D05,XF2D052,F2D052,XF2D053,F2D053,XF2D054,F2D054,XF2D06,F2D06,XF2D062,F2D062,XF2D063,F2D063,XF2D064,F2D064,XF2D07,F2D07,XF2D072,F2D072,XF2D073,F2D073,XF2D074,F2D074,XF2D08,F2D08,XF2D082,F2D082,XF2D083,F2D083,XF2D084,F2D084,XF2D08A,F2D08A,XF2D082A,F2D082A,XF2D083A,F2D083A,XF2D084A,F2D084A,XF2D08B,F2D08B,XF2D082B,F2D082B,XF2D083B,F2D083B,XF2D084B,F2D084B,XF2D09,F2D09,XF2D092,F2D092,XF2D093,F2D093,XF2D094,F2D094,XF2D10,F2D10,XF2D102,F2D102,XF2D103,F2D103,XF2D104,F2D104,XF2D11,F2D11,XF2D112,F2D112,XF2D12,F2D12,XF2D122,F2D122,XF2D13,F2D13,XF2D132,F2D132,XF2D14,F2D14,XF2D142,F2D142,XF2D143,F2D143,XF2D144,F2D144,XF2D15,F2D15,XF2D152,F2D152,XF2D153,F2D153,XF2D154,F2D154,XF2D16,F2D16,XF2D162,F2D162,XF2D163,F2D163,XF2D164,F2D164,XF2D17,F2D17,XF2D172,F2D172,XF2D173,F2D173,XF2D174,F2D174,XF2D18,F2D18,XF2D182,F2D182,XF2D183,F2D183,XF2D184,F2D184,XF2E011,F2E011,XF2E012,F2E012,XF2E021,F2E021,XF2E022,F2E022,XF2E031,F2E031,XF2E032,F2E032,XF2E041,F2E041,XF2E042,F2E042,XF2E051,F2E051,XF2E052,F2E052,XF2E061,F2E061,XF2E062,F2E062,XF2E071,F2E071,XF2E072,F2E072,XF2E081,F2E081,XF2E091,F2E091,XF2E092,F2E092,XF2E101,F2E101,XF2E102,F2E102,XF2E121,F2E121,XF2E122,F2E122,XF2E131,F2E131,XF2E132,F2E132,XF2E133,F2E133,XF2E134,F2E134,XF2E135,F2E135,XF2E136,F2E136,XF2E137,F2E137,F2FHA,XF2H01,F2H01,XF2H02,F2H02   
0,448886,Arizona State University,Public,Tempe,AZ,,,,,,,,,,,,,,,,,,,,,,,,,,,,,,,,,,,,,,,,,,,,,,,,,,,,,,,,,,,,,,,,,,,,,,,,,,,,,,,,,,,,,,,,,,,,,,,,,,,,,,,,,,,,,,,,,,,,,,,,,,,,,,,,,,,,,,,,,,,,,,,,,,,,,,,,,,,,,,,,,,,,,,,,,,,,,,,,,,,,,,,,,,,,,,,,,,,,,,,,,,,,,,,,,,,,,,,,,,,,,,,,,,,,,,,,,,,,,,,,,,,,,,,,,,,,,,,,,,,,,,,,,,,,,,,,,,,,,,,
1,164924,Boston College,Private (Non-profit),Chestnut Hill,MA,R,2417926288,R,1459918828,R,0,R,4203498039,R,1192291215,R,903518075,R,1465878435,R,1545328389,R,971028355,R,574300034,R,3011206824,R,282570046,R,1428569812,R,458090420,R,154381910,R,0,R,2323612188,R,863693360,R,708242637,R,761246365,R,-13702940,R,-66706668,R,3077913492,R,0,R,3011206824,R,5390061,R,1738818,R,848550,R,0,R,42054101,R,131495899,R,181527429,R,170100028,R,5958921,R,176058949,R,416018316,R,416018316,R,0,R,0,R,0,R,0,R,0,R,0,R,0,R,0,R,0,R,0,R,0,R,0,R,0,R,0,R,31974363,R,31974363,R,0,R,0,R,1591817,R,1591817,R,0,R,0,R,4871081,R,4871081,R,0,R,0,R,178719869,R,20025985,R,96573804,R,62120080,R,164368404,R,5674520,R,96573804,R,62120080,R,14351465,R,14351465,R,0,R,0,R,0,R,0,R,0,R,0,R,-94248129,R,-37666705,R,-55630261,R,-951163,R,5117242,R,5117242,R,154761986,R,154761986,R,0,R,0,R,0,R,0,R,0,R,0,R,9436092,R,9436092,R,0,R,0,R,708242637,R,606130177,R,40943543,R,61168917,R,0,R,107093723,R,-108331062,R,1237339,R,708242637,R,713223900,R,-67387519,R,62406256,R,298570659,R,170302167,R,40356479,R,19605547,R,4528766,R,1121787,R,69897190,R,26182970,R,60088847,R,25157361,R,121756656,R,60839491,R,166047768,R,40072336,R,0,R,0,R,0,R,0,R,0,R,0,R,0,R,761246365,R,343281659,R,106474410,R,59931920,R,61892710,R,35598282,R,154067384,1,R,2258601496,R,2109860476
2,164988,Boston University,Private (Non-profit),Boston,MA,R,1758418000,R,2279000000,Z,0,R,5201961000,R,2303957000,R,1280823000,R,1709160000,R,1188844000,R,618847000,R,569997000,R,2898004000,R,99991000,R,2827903000,R,470558000,R,244717000,R,56224000,R,3699393000,R,1420393000,R,1779013132,R,1721213132,R,0,R,57800000,R,2840204000,R,0,R,2898004000,R,11596372,R,11590435,R,1175500,R,67510,R,23514910,R,310423981,R,358368708,R,332221000,R,4740000,R,336961000,R,985920000,R,985920000,Z,0,Z,0,Z,0,Z,0,Z,0,Z,0,Z,0,Z,0,Z,0,Z,0,Z,0,Z,0,Z,0,Z,0,R,239158997,R,239158997,R,0,R,0,R,3353744,R,3353744,Z,0,Z,0,R,548058,R,548058,Z,0,Z,0,R,160558515,R,126632515,R,838000,R,33088000,R,81911000,R,47985000,R,838000,R,33088000,R,78647515,R,78647515,R,0,R,0,Z,0,Z,0,Z,0,Z,0,R,-70351000,R,-17180000,R,-55177000,R,2006000,R,95842000,R,95842000,R,271888000,R,271888000,Z,0,Z,0,Z,0,Z,0,Z,0,Z,0,R,92094818,R,87581818,R,1589000,R,2924000,R,1779013132,R,1793745132,R,-52750000,R,38018000,R,0,R,35659000,R,-35659000,Z,0,R,1779013132,R,1829404132,R,-88409000,R,38018000,R,939942173,R,447805226,R,169809808,R,102496441,R,43056510,R,19534518,R,111613228,R,51509297,R,84185057,R,37079100,R,164547435,R,96036254,R,194047298,R,10385324,R,14011623,Z,0,Z,0,Z,0,Z,0,R,0,R,0,R,1721213132,R,764846160,R,223730107,R,188775608,R,106895800,R,67942693,R,369022764,1,R,1644117000,R,1654531000
3,165015,Brandeis University,Private (Non-profit),Waltham,MA,R,899917986,R,346858405,R,0,R,1329427255,R,316932682,R,243586017,R,177796409,R,834698164,R,599023952,R,235674212,R,1012494573,R,44446763,R,552653054,R,84176082,R,16630461,R,25347434,R,723253794,R,376395389,R,268422155,R,333597059,R,434160,R,-64740744,R,1077235317,R,0,R,1012494573,R,3034405,R,1247043,R,614300,R,0,R,14792210,R,80012324,R,99700282,R,94804534,R,0,R,94804534,R,148035535,R,148035535,Z,0,Z,0,R,0,R,0,Z,0,Z,0,R,0,R,0,Z,0,Z,0,R,0,R,0,Z,0,Z,0,R,44104805,R,44104805,R,0,R,0,R,0,R,0,Z,0,Z,0,R,0,R,0,Z,0,Z,0,R,55836701,R,25863135,R,13615915,R,16357651,R,36287799,R,6314233,R,13615915,R,16357651,R,19548902,R,19548902,R,0,R,0,R,0,R,0,Z,0,Z,0,R,-28739298,R,-4378956,R,-24079861,R,-280481,R,43049,R,43049,R,40798672,R,40798672,R,0,R,0,R,8342691,R,8342691,Z,0,Z,0,R,0,R,0,R,0,R,0,R,268422155,R,262808931,R,-10463946,R,16077170,R,0,R,53096996,R,-53096996,R,0,R,268422155,R,315905927,R,-63560942,R,16077170,R,118461772,R,74723217,R,56187176,R,26530938,R,0,R,0,R,45753329,R,22132877,R,34883392,R,13327003,R,42040889,R,19518419,R,35369807,R,3807084,R,0,R,0,R,0,R,0,R,0,R,900694,R,0,R,333597059,R,160039538,R,36103736,R,29513120,R,27441512,R,10466624,R,70032529,1,R,915087056,R,866777826
4,217156,Brown University,Private (Non-profit),Providence,RI,R,3530605000,R,1062798000,R,1833000,R,5000183000,R,1197902000,R,755270000,R,891985000,R,2910296000,R,1439190000,R,1471106000,R,3802281000,R,83940000,R,1639775000,R,187667000,R,67757000,R,0,R,1979139000,R,916341000,R,783271000,R,854890000,R,-45741000,R,-117360000,R,3919641000,R,0,R,3802281000,R,4721000,R,5986000,R,0,R,0,R,55913000,R,119263000,R,185883000,R,158515000,R,0,R,158515000,R,323950000,R,323950000,R,0,R,0,R,0,R,0,R,0,R,0,R,0,R,0,R,0,R,0,R,0,R,0,R,0,R,0,R,138893000,R,138893000,R,0,R,0,R,1021000,R,1021000,R,0,R,0,R,0,R,0,R,0,R,0,R,237363000,R,86387000,R,95701000,R,55275000,R,216246000,R,65270000,R,95701000,R,55275000,R,21117000,R,21117000,R,0,R,0,R,0,R,0,R,0,R,0,R,-36965000,R,-7181000,R,-25361000,R,-4423000,R,1107000,R,1107000,R,92655000,R,92655000,R,0,R,0,R,0,R,0,R,0,R,0,R,25247000,R,25247000,R,0,R,0,R,783271000,R,662079000,R,70340000,R,50852000,R,0,R,-138390000,R,138390000,Z,0,R,783271000,R,523689000,R,208730000,R,50852000,R,319079000,R,148605000,R,116431000,R,42825000,R,3370000,R,1701000,R,134656000,R,43686000,R,69598000,R,24849000,R,94501000,R,47856000,R,100594000,R,27498000,R,16661000,R,0,R,0,R,0,R,0,R,0,R,0,R,854890000,R,337020000,R,99605000,R,53622000,R,73156000,R,29012000,R,262475000,1,R,3073349000,R,2963366000
5,110404,California Institute of Technology,Private (Non-profit),Pasadena,CA,R,3028378000,R,862460000,R,0,R,4949956000,R,2322312000,R,572233000,R,424153000,R,2203491000,R,1437103000,R,766388000,R,2627644000,R,67799000,R,1064918000,R,577899000,R,70462000,Z,0,R,1781078000,R,918618000,R,2771684000,R,2538636000,R,-30018000,R,203030000,R,2424614000,R,0,R,2627644000,R,516000,R,6702000,R,0,R,0,R,24184000,R,27134000,R,58536000,R,58020000,R,0,R,58020000,R,40814000,R,40814000,Z,0,Z,0,Z,0,Z,0,Z,0,Z,0,Z,0,Z,0,Z,0,Z,0,Z,0,Z,0,Z,0,Z,0,R,287329000,R,287329000,R,0,R,0,Z,0,Z,0,Z,0,Z,0,Z,0,Z,0,Z,0,Z,0,R,320579000,R,77559000,R,106851000,R,136169000,R,292861000,R,49841000,R,106851000,R,136169000,R,27718000,R,27718000,R,0,R,0,Z,0,Z,0,Z,0,Z,0,R,201899000,R,102846000,R,97828000,R,1225000,Z,0,Z,0,R,28933000,R,28933000,Z,0,Z,0,R,1870621000,R,1870621000,Z,0,Z,0,R,21509000,R,21509000,R,0,R,0,R,2771684000,R,2429611000,R,204679000,R,137394000,R,0,R,117100000,R,-117100000,R,0,R,2771684000,R,2546711000,R,87579000,R,137394000,R,220440000,R,106418765,R,237005000,R,74722322,R,0,Z,0,R,48434000,R,22682739,R,20546000,R,10340833,R,82168000,R,52251320,R,34122000,R,7930387,R,0,R,0,Z,0,R,1870621000,Z,0,R,25300000,R,20639746,R,2538636000,R,294986112,R,72701851,R,0,R,65047635,R,20924805,R,2084975597,1,R,2078954000,R,2217372000
6,211440,Carnegie Mellon University,Private (Non-profit),Pittsburgh,PA,R,1913663867,R,817394989,R,0,R,3907762995,R,1569626965,R,485222109,R,935317922,R,1402818108,R,712552643,R,690265465,R,2338136030,R,61227779,R,1229656092,R,256716539,R,48944566,R,0,R,1596544976,R,779149987,R,1210715454,R,1096053023,R,0,R,114662431,R,2223473599,R,0,R,2338136030,R,3259026,R,0,R,451891,R,0,R,14808923,R,116983157,R,135502997,R,131792080,R,0,R,131792080,R,479399697,R,479399697,Z,0,R,0,R,0,R,0,R,0,R,0,R,0,R,0,R,0,R,0,R,0,R,0,R,0,R,0,R,190508081,R,190508081,R,0,R,0,R,2339887,R,2339887,R,0,R,0,R,0,R,0,R,0,R,0,R,239796316,R,72196955,R,118416380,R,49182981,R,195188494,R,27589133,R,118416380,R,49182981,R,44607822,R,44607822,R,0,R,0,R,0,R,0,R,0,R,0,R,-16855779,R,-250479,R,-16492344,R,-112956,R,0,R,0,R,59966520,R,59966520,R,0,R,0,R,152846626,R,152846626,R,0,R,0,R,102714106,R,102917166,R,150055,R,-353115,R,1210715454,R,1059924453,R,102074091,R,48716910,R,0,R,111870772,R,-111870772,R,0,R,1210715454,R,1171795225,R,-9796681,R,48716910,R,401775222,R,244396229,R,198221570,R,117417102,R,0,R,0,R,128881442,R,54178747,R,51670649,R,20642523,R,117747687,R,64504322,R,49037969,R,3205670,R,0,R,0,R,0,R,141773253,R,72956316,R,6945231,R,0,R,1096053023,R,577300909,R,124207681,R,47916824,R,62471350,R,9670442,R,274485817,1,R,1318050068,R,1288196389
7,201645,Case Western Reserve University,Private (Non-profit),Cleveland,OH,R,1298507608,R,776317456,R,3272284,R,2952128678,R,874200915,R,527602500,R,152656858,R,1925270905,R,1009086386,R,916184519,R,2077927763,R,59573316,R,1306921730,R,339929601,R,48466927,Z,0,R,1754891574,R,978574118,R,864170719,R,915644304,R,-43188569,R,-94662154,R,2172589917,R,0,R,2077927763,R,3491912,R,1063574,R,557660,Z,0,R,28896522,R,136809399,R,170819067,R,170819067,Z,0,R,170819067,R,255612760,R,255612760,Z,0,Z,0,Z,0,Z,0,Z,0,Z,0,R,2726960,R,2726960,Z,0,Z,0,Z,0,Z,0,Z,0,Z,0,R,325577384,R,325577384,R,0,R,0,R,6191048,R,6191048,Z,0,Z,0,R,2141852,R,2141852,Z,0,Z,0,R,205082243,R,91590249,R,91063691,R,22428303,R,131512310,R,18020316,R,91063691,R,22428303,R,73569933,R,73569933,R,0,R,0,Z,0,Z,0,Z,0,Z,0,R,-69073069,R,10354075,R,-56515622,R,-22911522,R,13068672,R,13068672,R,70030658,R,70030658,Z,0,Z,0,Z,0,Z,0,Z,0,Z,0,R,52812211,R,52538314,R,0,R,273897,R,864170719,R,829831972,R,34548069,R,-209322,R,0,R,79616694,R,-88276660,R,8659966,R,864170719,R,909448666,R,-53728591,R,8450644,R,311880106,R,179288314,R,363077805,R,97934425,Z,0,Z,0,R,21875899,R,5189398,R,29477086,R,13320237,R,110751144,R,38961544,R,78582264,R,9061819,Z,0,Z,0,Z,0,Z,0,Z,0,R,0,R,0,R,915644304,R,343755737,R,95296275,R,54230510,R,69146063,R,13523672,R,339692047,1,R,1775999000,R,1662739000
8,217882,Clemson University,Public,Clemson,SC,,,,,,,,,,,,,,,,,,,,,,,,,,,,,,,,,,,,,,,,,,,,,,,,,,,,,,,,,,,,,,,,,,,,,,,,,,,,,,,,,,,,,,,,,,,,,,,,,,,,,,,,,,,,,,,,,,,,,,,,,,,,,,,,,,,,,,,,,,,,,,,,,,,,,,,,,,,,,,,,,,,,,,,,,,,,,,,,,,,,,,,,,,,,,,,,,,,,,,,,,,,,,,,,,,,,,,,,,,,,,,,,,,,,,,,,,,,,,,,,,,,,,,,,,,,,,,,,,,,,,,,,,,,,,,,,,,,,,,,
9,126818,Colorado State University,Public,Fort Collins,CO,,,,,,,,,,,,,,,,,,,,,,,,,,,,,,,,,,,,,,,,,,,,,,,,,,,,,,,,,,,,,,,,,,,,,,,,,,,,,,,,,,,,,,,,,,,,,,,,,,,,,,,,,,,,,,,,,,,,,,,,,,,,,,,,,,,,,,,,,,,,,,,,,,,,,,,,,,,,,,,,,,,,,,,,,,,,,,,,,,,,,,,,,,,,,,,,,,,,,,,,,,,,,,,,,,,,,,,,,,,,,,,,,,,,,,,,,,,,,,,,,,,,,,,,,,,,,,,,,,,,,,,,,,,,,,,,,,,,,,,
10,190150,Columbia University,Private (Non-profit),New York,NY,R,9929894000,R,4058667000,R,0,R,16742753000,R,3461993000,R,1629792000,R,5963691000,R,7317069000,R,3012110000,R,4304959000,R,13280760000,R,460168000,R,4405779000,R,422901000,R,1377881000,R,0,R,6666729000,R,2608062000,R,3716139000,R,4044402000,R,-66086000,R,-394349000,R,13675109000,R,0,R,13280760000,R,8396000,R,10852000,R,181000,R,0,R,109191000,R,241615000,R,370235000,R,361839000,R,0,R,361839000,R,1003600000,R,1003600000,Z,0,Z,0,R,7313000,R,7313000,Z,0,Z,0,R,2940000,R,2940000,Z,0,Z,0,R,0,R,0,Z,0,Z,0,R,782640000,R,782640000,R,0,R,0,R,7150000,R,7150000,Z,0,Z,0,R,420000,R,420000,Z,0,Z,0,R,558361000,R,262890000,R,170430000,R,125041000,R,367107000,R,71636000,R,170430000,R,125041000,R,191254000,R,191254000,R,0,R,0,Z,0,Z,0,Z,0,Z,0,R,-186315000,R,108589000,R,-294841000,R,-63000,R,1373491000,R,1373491000,R,166160000,R,166160000,Z,0,Z,0,Z,0,Z,0,Z,0,Z,0,R,379000,R,379000,R,0,R,0,R,3716139000,R,3715572000,R,-124411000,R,124978000,R,0,R,319596000,R,-319596000,Z,0,R,3716139000,R,4035168000,R,-444007000,R,124978000,R,2465409000,R,1313392000,R,619443000,R,246342000,R,176148000,R,25097000,R,117529000,R,28163000,R,143945000,R,60098000,R,323193000,R,187132000,R,198735000,R,50550000,R,0,R,0,R,0,R,0,R,0,R,0,R,0,R,4044402000,R,1910774000,R,461417000,R,233368000,R,207114000,R,44116000,R,1187613000,1,R,9639065000,R,9041027000
11,190415,Cornell University,Private (Non-profit),Ithaca,NY,R,4910089192,R,2907916417,R,0,R,9716737583,R,2548246649,R,849467335,R,2339751441,R,4828739493,R,2440804918,R,2387934575,R,7168490934,R,20122530,R,3659093041,R,1119983717,R,387675723,R,0,R,5186875011,R,2278958594,R,2082458065,R,2154076702,R,-170703473,R,-242322110,R,7410813044,R,0,R,7168490934,R,9952622,R,3570469,R,5129230,R,0,R,81520643,R,298500977,R,398673941,R,337330367,Z,0,R,337330367,R,623719053,R,623719053,Z,0,Z,0,R,17948246,R,17948246,Z,0,Z,0,R,348271923,R,348271923,Z,0,Z,0,R,0,R,0,Z,0,Z,0,R,299242394,R,299242394,R,0,R,0,R,21424855,R,21424855,Z,0,Z,0,R,50952951,R,50952951,Z,0,Z,0,R,454997542,R,152335596,R,182379477,R,120282469,R,427089084,R,124427138,R,182379477,R,120282469,R,27908458,R,27908458,R,0,R,0,R,0,R,0,Z,0,Z,0,R,-94664706,R,18225483,R,-124471800,R,11581611,R,164140709,R,164140709,R,134000983,R,134000983,Z,0,Z,0,Z,0,Z,0,Z,0,Z,0,R,62424115,R,62424115,R,0,R,0,R,2082458065,R,1892686308,R,57907677,R,131864080,R,0,R,195194933,R,-195194933,Z,0,R,2082458065,R,2087881241,R,-137287256,R,131864080,R,631822529,R,355891190,R,362429663,R,149843021,R,151076812,R,66101782,R,232417482,R,92014245,R,163262339,R,58768069,R,339298297,R,147949767,R,227613336,R,45494170,R,46156244,Z,0,Z,0,Z,0,Z,0,R,0,R,0,R,2154076702,R,916062244,R,353353063,R,156492655,R,173829206,R,44653291,R,509686243,1,R,4760560410,R,4524419293
12,198419,Duke University,Private (Non-profit),Durham,NC,R,10903426000,R,3688461000,Z,0,R,17249055000,R,5263538000,R,3072923000,R,6548920000,R,5436597000,R,2827282000,R,2609315000,R,11985517000,R,309096000,R,4833782000,R,2302296000,R,547161000,Z,0,R,7992335000,R,4303874000,R,5040245000,R,5451195000,R,-599750000,R,-1010700000,R,12996217000,R,0,R,11985517000,R,3757000,R,23321000,R,805000,R,0,R,105693000,R,199372000,R,332948000,R,279874000,R,593000,R,280467000,R,455792000,R,455792000,Z,0,Z,0,Z,0,Z,0,Z,0,Z,0,Z,0,Z,0,Z,0,Z,0,Z,0,Z,0,Z,0,Z,0,R,512672000,R,512672000,R,0,R,0,R,45073000,R,45073000,Z,0,Z,0,Z,0,Z,0,Z,0,Z,0,R,899995000,R,691391000,R,83259000,R,125345000,R,328395000,R,119791000,R,83259000,R,125345000,R,571600000,R,571600000,R,0,R,0,Z,0,Z,0,Z,0,Z,0,R,-300274000,R,9214000,R,-311546000,R,2058000,Z,0,Z,0,R,211766000,R,211766000,R,2977113000,R,2977113000,Z,0,Z,0,Z,0,Z,0,R,238108000,R,238108000,R,0,R,0,R,5040245000,R,5141129000,R,-228287000,R,127403000,R,0,R,103250000,R,-103250000,Z,0,R,5040245000,R,5244379000,R,-331537000,R,127403000,R,1023632000,R,586386000,R,891625000,R,333805000,Z,0,Z,0,R,183919000,R,117669000,R,76327000,R,34765000,R,228795000,R,146818000,R,244627000,R,51311000,R,42243000,R,2753816000,R,991490000,Z,0,Z,0,R,6211000,R,1765000,R,5451195000,R,2264009000,R,574805000,R,163369000,R,352010000,R,122821000,R,1974181000,1,R,7296545000,R,6839780000
13,139658,Emory University,Private (Non-profit),Atlanta,GA,R,8087587000,R,3009906000,Z,0,R,12728242000,R,4461678000,R,1793874000,R,3618643000,R,4647921000,R,2045107000,R,2602814000,R,8266564000,R,201898000,R,3164393000,R,2564053000,R,265145000,R,0,R,6195489000,R,3185583000,R,4766416000,R,4713082000,R,-2030000,R,51304000,R,8215260000,R,0,R,8266564000,R,6350000,R,18790000,R,4478000,Z,0,R,36133000,R,180339000,R,246090000,R,220489000,R,0,R,220489000,R,382073000,R,382073000,Z,0,Z,0,Z,0,Z,0,Z,0,Z,0,Z,0,Z,0,Z,0,Z,0,Z,0,Z,0,Z,0,Z,0,R,428396000,R,428396000,R,0,R,0,Z,0,Z,0,Z,0,Z,0,Z,0,Z,0,Z,0,Z,0,R,231647000,R,147161000,R,40862000,R,43624000,R,137869000,R,53383000,R,40862000,R,43624000,R,93778000,R,93778000,R,0,R,0,Z,0,Z,0,Z,0,Z,0,R,227279000,R,218841000,R,-91070000,R,99508000,R,424420000,R,424420000,R,65392000,R,65392000,R,2935464000,R,2935464000,R,23440000,R,23440000,Z,0,Z,0,R,8054000,R,7290000,R,764000,R,0,R,4726165000,R,4632477000,R,-49444000,R,143132000,R,0,R,156596000,R,-156596000,Z,0,R,4726165000,R,4789073000,R,-206040000,R,143132000,R,652084000,R,470389000,R,447777000,R,191484000,R,95509000,R,43302000,R,140149000,R,63014000,R,80205000,R,38589000,R,217710000,R,156829000,R,38802000,R,4803000,R,14774000,R,2919448000,R,1334894000,R,21872000,R,7776000,R,45712000,R,0,R,4674042000,R,2311080000,R,497215000,R,54902000,R,233726000,R,76018000,R,1501101000,1,R,6787163000,R,6902625000
14,133951,Florida International University,Public,Miami,FL,,,,,,,,,,,,,,,,,,,,,,,,,,,,,,,,,,,,,,,,,,,,,,,,,,,,,,,,,,,,,,,,,,,,,,,,,,,,,,,,,,,,,,,,,,,,,,,,,,,,,,,,,,,,,,,,,,,,,,,,,,,,,,,,,,,,,,,,,,,,,,,,,,,,,,,,,,,,,,,,,,,,,,,,,,,,,,,,,,,,,,,,,,,,,,,,,,,,,,,,,,,,,,,,,,,,,,,,,,,,,,,,,,,,,,,,,,,,,,,,,,,,,,,,,,,,,,,,,,,,,,,,,,,,,,,,,,,,,,,
15,134097,Florida State University,Public,Tallahassee,FL,,,,,,,,,,,,,,,,,,,,,,,,,,,,,,,,,,,,,,,,,,,,,,,,,,,,,,,,,,,,,,,,,,,,,,,,,,,,,,,,,,,,,,,,,,,,,,,,,,,,,,,,,,,,,,,,,,,,,,,,,,,,,,,,,,,,,,,,,,,,,,,,,,,,,,,,,,,,,,,,,,,,,,,,,,,,,,,,,,,,,,,,,,,,,,,,,,,,,,,,,,,,,,,,,,,,,,,,,,,,,,,,,,,,,,,,,,,,,,,,,,,,,,,,,,,,,,,,,,,,,,,,,,,,,,,,,,,,,,,
16,232186,George Mason University,Public,Fairfax,VA,,,,,,,,,,,,,,,,,,,,,,,,,,,,,,,,,,,,,,,,,,,,,,,,,,,,,,,,,,,,,,,,,,,,,,,,,,,,,,,,,,,,,,,,,,,,,,,,,,,,,,,,,,,,,,,,,,,,,,,,,,,,,,,,,,,,,,,,,,,,,,,,,,,,,,,,,,,,,,,,,,,,,,,,,,,,,,,,,,,,,,,,,,,,,,,,,,,,,,,,,,,,,,,,,,,,,,,,,,,,,,,,,,,,,,,,,,,,,,,,,,,,,,,,,,,,,,,,,,,,,,,,,,,,,,,,,,,,,,,
17,131469,George Washington University,Private (Non-profit),Washington,DC,R,2008389000,R,1748718000,R,7945000,R,4153260000,R,2030263000,R,1460720000,R,1415327000,R,707670000,R,270955000,R,436715000,R,2122997000,R,190660000,R,1935430000,R,254904000,R,173988000,R,0,R,2554982000,R,806264000,R,1173091000,R,1247717000,R,-2717000,R,-77343000,R,2200340000,R,0,R,2122997000,R,6688000,R,6983000,R,575000,R,0,R,9126000,R,263829000,R,287201000,R,270361000,R,0,R,270361000,R,671608000,R,671608000,R,0,R,0,R,0,R,0,R,0,R,0,R,0,R,0,R,0,R,0,R,0,R,0,R,0,R,0,R,153224000,R,153224000,R,0,R,0,R,1639000,R,1639000,R,0,R,0,R,0,R,0,R,0,R,0,R,80070000,R,42248000,R,34834000,R,2988000,R,54263000,R,16441000,R,34834000,R,2988000,R,25807000,R,25807000,R,0,R,0,R,0,R,0,R,0,R,0,R,-15032000,R,-3017000,R,-10458000,R,-1557000,R,0,R,0,R,103394000,R,103394000,R,0,R,0,R,82912000,R,82912000,R,0,R,0,R,95276000,R,95264000,R,0,R,12000,R,1173091000,R,1147272000,R,24376000,R,1443000,R,0,R,49492000,R,-49517000,R,25000,R,1173091000,R,1196764000,R,-25141000,R,1468000,R,499255000,R,258944000,R,180080000,R,66598000,R,0,R,0,R,181608000,R,76099000,R,106567000,R,45341000,R,126064000,R,68818000,R,91896000,R,5328000,R,16840000,R,0,R,0,R,45407000,R,0,R,0,R,0,R,1247717000,R,521128000,R,113849000,R,74050000,R,80978000,R,58536000,R,399176000,1,R,1616357000,R,1570278000
18,131496,Georgetown University,Private (Non-profit),Washington,DC,R,1537905000,R,1020155000,R,0,R,2991236000,R,1506338000,R,933258000,R,-164353000,R,1649251000,R,1182693000,R,466558000,R,1484898000,R,71340000,R,1604425000,R,90713000,R,20767000,R,64153000,R,1851398000,R,831243000,R,1296379000,R,1412062000,R,0,R,-115683000,R,1600581000,R,0,R,1484898000,R,3886000,R,2503000,R,61000,R,46000,R,30532000,R,140600000,R,177628000,R,130450000,R,40682000,R,171132000,R,582511000,R,582511000,Z,0,Z,0,Z,0,Z,0,Z,0,Z,0,Z,0,Z,0,Z,0,Z,0,Z,0,Z,0,Z,0,Z,0,R,117494000,R,117494000,R,0,R,0,Z,0,Z,0,Z,0,Z,0,R,4239000,R,4239000,Z,0,Z,0,R,219236000,R,124551000,R,41639000,R,53046000,R,127200000,R,32515000,R,41639000,R,53046000,R,92036000,R,92036000,R,0,R,0,Z,0,Z,0,Z,0,Z,0,R,45040000,R,30593000,R,14500000,R,-53000,R,65191000,R,65191000,R,109460000,R,109460000,Z,0,Z,0,Z,0,Z,0,Z,0,Z,0,R,153208000,R,129026000,R,22337000,R,1845000,R,1296379000,R,1163065000,R,78476000,R,54838000,R,0,R,69975000,R,-69975000,Z,0,R,1296379000,R,1233040000,R,8501000,R,54838000,R,481278000,R,228761000,R,185278000,R,69307000,R,15744000,R,5245000,R,172754000,R,14594000,R,120764000,R,10202000,R,128817000,R,60038000,R,49063000,R,16177000,R,99000,R,0,R,0,R,0,R,0,R,258265000,R,94638000,R,1412062000,R,498962000,R,133380000,R,99709000,R,53734000,R,39649000,R,586628000,1,R,1528869000,R,1483502000
19,139755,Georgia Institute of Technology,Public,Atlanta,GA,,,,,,,,,,,,,,,,,,,,,,,,,,,,,,,,,,,,,,,,,,,,,,,,,,,,,,,,,,,,,,,,,,,,,,,,,,,,,,,,,,,,,,,,,,,,,,,,,,,,,,,,,,,,,,,,,,,,,,,,,,,,,,,,,,,,,,,,,,,,,,,,,,,,,,,,,,,,,,,,,,,,,,,,,,,,,,,,,,,,,,,,,,,,,,,,,,,,,,,,,,,,,,,,,,,,,,,,,,,,,,,,,,,,,,,,,,,,,,,,,,,,,,,,,,,,,,,,,,,,,,,,,,,,,,,,,,,,,,,
20,139940,Georgia State University,Public,Atlanta,GA,,,,,,,,,,,,,,,,,,,,,,,,,,,,,,,,,,,,,,,,,,,,,,,,,,,,,,,,,,,,,,,,,,,,,,,,,,,,,,,,,,,,,,,,,,,,,,,,,,,,,,,,,,,,,,,,,,,,,,,,,,,,,,,,,,,,,,,,,,,,,,,,,,,,,,,,,,,,,,,,,,,,,,,,,,,,,,,,,,,,,,,,,,,,,,,,,,,,,,,,,,,,,,,,,,,,,,,,,,,,,,,,,,,,,,,,,,,,,,,,,,,,,,,,,,,,,,,,,,,,,,,,,,,,,,,,,,,,,,,
21,190576,"Graduate Center, CUNY",Public,New York,NY,,,,,,,,,,,,,,,,,,,,,,,,,,,,,,,,,,,,,,,,,,,,,,,,,,,,,,,,,,,,,,,,,,,,,,,,,,,,,,,,,,,,,,,,,,,,,,,,,,,,,,,,,,,,,,,,,,,,,,,,,,,,,,,,,,,,,,,,,,,,,,,,,,,,,,,,,,,,,,,,,,,,,,,,,,,,,,,,,,,,,,,,,,,,,,,,,,,,,,,,,,,,,,,,,,,,,,,,,,,,,,,,,,,,,,,,,,,,,,,,,,,,,,,,,,,,,,,,,,,,,,,,,,,,,,,,,,,,,,,
22,166027,Harvard University,Private (Non-profit),Cambridge,MA,R,67346408000,R,6529540000,R,0,R,76904354000,R,33506941000,R,4036476000,R,10572339000,R,32825074000,R,7883697000,R,24941377000,R,43397413000,R,783864000,R,8254018000,R,1224016000,R,680602000,R,0,R,10942500000,R,4412960000,R,2684058000,R,4700225000,R,11454000,R,-2004713000,R,45402126000,R,0,R,43397413000,R,5408000,R,40622000,R,657000,R,0,R,318352000,R,193719000,R,558758000,R,397524000,R,0,R,397524000,R,815213000,R,815213000,R,0,R,0,Z,0,Z,0,Z,0,Z,0,Z,0,Z,0,Z,0,Z,0,Z,0,Z,0,Z,0,Z,0,R,597236000,R,597236000,R,0,R,0,R,3266000,R,3266000,Z,0,Z,0,R,926000,R,926000,Z,0,Z,0,R,1177647000,R,258820000,R,522250000,R,396577000,R,933620000,R,150577000,R,386466000,R,396577000,R,244027000,R,108243000,R,135784000,R,0,Z,0,Z,0,Z,0,Z,0,R,-739084000,R,-195425000,R,-511066000,R,-32593000,R,406072000,R,406072000,R,391249000,R,391249000,R,0,R,0,R,0,R,0,Z,0,Z,0,R,31533000,R,31533000,R,0,R,0,R,2684058000,R,2308890000,R,11184000,R,363984000,R,0,R,1994942000,R,-1994942000,Z,0,R,2684058000,R,4303832000,R,-1983758000,R,363984000,R,1255703000,R,615914000,R,918258000,R,254041000,R,0,R,0,R,831005000,R,353049000,R,196706000,R,76792000,R,779006000,R,333474000,R,577478000,R,173010000,R,142069000,Z,0,Z,0,Z,0,Z,0,R,0,R,0,R,4700225000,R,1806280000,R,530047000,R,345345000,R,338173000,R,235303000,R,1445077000,1,R,37615545000,R,35665743000
23,151351,Indiana University Bloomington,Public,Bloomington,IN,,,,,,,,,,,,,,,,,,,,,,,,,,,,,,,,,,,,,,,,,,,,,,,,,,,,,,,,,,,,,,,,,,,,,,,,,,,,,,,,,,,,,,,,,,,,,,,,,,,,,,,,,,,,,,,,,,,,,,,,,,,,,,,,,,,,,,,,,,,,,,,,,,,,,,,,,,,,,,,,,,,,,,,,,,,,,,,,,,,,,,,,,,,,,,,,,,,,,,,,,,,,,,,,,,,,,,,,,,,,,,,,,,,,,,,,,,,,,,,,,,,,,,,,,,,,,,,,,,,,,,,,,,,,,,,,,,,,,,,
24,153603,Iowa State University,Public,Ames,IA,,,,,,,,,,,,,,,,,,,,,,,,,,,,,,,,,,,,,,,,,,,,,,,,,,,,,,,,,,,,,,,,,,,,,,,,,,,,,,,,,,,,,,,,,,,,,,,,,,,,,,,,,,,,,,,,,,,,,,,,,,,,,,,,,,,,,,,,,,,,,,,,,,,,,,,,,,,,,,,,,,,,,,,,,,,,,,,,,,,,,,,,,,,,,,,,,,,,,,,,,,,,,,,,,,,,,,,,,,,,,,,,,,,,,,,,,,,,,,,,,,,,,,,,,,,,,,,,,,,,,,,,,,,,,,,,,,,,,,,
25,162928,Johns Hopkins University,Private (Non-profit),Baltimore,MD,R,4273127000,R,2026615000,R,0,R,9228229000,R,3627867000,R,1338443000,R,2402328000,R,3198034000,R,2014559000,R,1183475000,R,5600362000,R,202513000,R,3111969000,R,1325221000,R,76228000,R,0,R,4715931000,R,2689316000,R,5456308000,R,5332285000,R,-138951000,R,-14928000,R,5615290000,R,0,R,5600362000,R,3654000,R,16675000,R,1833000,R,0,R,33534000,R,242928000,R,298624000,R,290499000,R,0,R,290499000,R,575736000,R,575736000,Z,0,Z,0,Z,0,Z,0,Z,0,Z,0,R,19326000,R,19326000,Z,0,Z,0,Z,0,Z,0,Z,0,Z,0,R,1168614000,R,1168614000,R,0,R,0,R,23593000,R,23593000,Z,0,Z,0,R,9555000,R,9555000,Z,0,Z,0,R,877615000,R,595693000,R,124773000,R,157149000,R,409256000,R,127334000,R,124773000,R,157149000,R,468359000,R,468359000,R,0,R,0,R,517152000,R,517152000,Z,0,Z,0,R,7873000,R,115477000,R,-104428000,R,-3176000,Z,0,Z,0,R,96166000,R,96166000,Z,0,Z,0,R,1351141000,R,1351141000,Z,0,Z,0,R,809537000,R,809537000,R,0,R,0,R,5456308000,R,5281990000,R,20345000,R,153973000,R,0,R,87262000,R,-87262000,Z,0,R,5456308000,R,5369252000,R,-66917000,R,153973000,R,1879545000,R,847883000,R,1425131000,R,642892000,R,0,R,0,R,47182000,R,21284000,R,104213000,R,47012000,R,497311000,R,224342000,R,94393000,R,42582000,Z,0,Z,0,R,0,R,1284510000,R,593061000,R,0,R,0,R,5332285000,R,2419056000,R,755926000,R,289882000,R,209972000,R,51733000,R,1605716000,1,R,3326932000,R,3306987000
26,155399,Kansas State University,Public,Manhattan,KS,,,,,,,,,,,,,,,,,,,,,,,,,,,,,,,,,,,,,,,,,,,,,,,,,,,,,,,,,,,,,,,,,,,,,,,,,,,,,,,,,,,,,,,,,,,,,,,,,,,,,,,,,,,,,,,,,,,,,,,,,,,,,,,,,,,,,,,,,,,,,,,,,,,,,,,,,,,,,,,,,,,,,,,,,,,,,,,,,,,,,,,,,,,,,,,,,,,,,,,,,,,,,,,,,,,,,,,,,,,,,,,,,,,,,,,,,,,,,,,,,,,,,,,,,,,,,,,,,,,,,,,,,,,,,,,,,,,,,,,
27,159391,Louisiana State University,Public,Baton Rouge,LA,,,,,,,,,,,,,,,,,,,,,,,,,,,,,,,,,,,,,,,,,,,,,,,,,,,,,,,,,,,,,,,,,,,,,,,,,,,,,,,,,,,,,,,,,,,,,,,,,,,,,,,,,,,,,,,,,,,,,,,,,,,,,,,,,,,,,,,,,,,,,,,,,,,,,,,,,,,,,,,,,,,,,,,,,,,,,,,,,,,,,,,,,,,,,,,,,,,,,,,,,,,,,,,,,,,,,,,,,,,,,,,,,,,,,,,,,,,,,,,,,,,,,,,,,,,,,,,,,,,,,,,,,,,,,,,,,,,,,,,
28,166683,Massachusetts Institute of Technology,Private (Non-profit),Cambridge,MA,R,17478438000,R,3092429000,Z,0,R,22294378000,R,5159876000,R,2892093000,R,6839521000,R,10294981000,R,3084159000,R,7210822000,R,17134502000,R,148044000,R,3737492000,R,346001000,R,340720000,R,0,R,4572257000,R,1479828000,R,3288057000,R,3349899000,R,-542644000,R,-604486000,R,17738988000,R,0,R,17134502000,R,3347000,R,3353000,R,180000,R,0,R,119611000,R,175809000,R,302300000,R,295420000,R,0,R,295420000,R,340005000,R,340005000,Z,0,Z,0,R,0,R,0,Z,0,Z,0,R,0,R,0,Z,0,Z,0,R,0,R,0,Z,0,Z,0,R,1416592000,R,1416592000,R,0,R,0,R,28495000,R,28495000,Z,0,Z,0,R,0,R,0,Z,0,Z,0,R,714304000,R,407399000,R,125872000,R,181033000,R,469162000,R,162257000,R,125872000,R,181033000,R,245142000,R,245142000,R,0,R,0,R,0,R,0,Z,0,Z,0,R,397970000,R,766767000,R,-394369000,R,25572000,R,0,R,0,R,117460000,R,117460000,R,0,R,0,R,0,R,0,Z,0,Z,0,R,273231000,R,211339000,R,268497000,R,-206605000,R,3288057000,R,3288057000,Z,0,Z,0,R,0,R,0,Z,0,Z,0,R,3288057000,R,3288057000,R,0,R,0,R,805883000,R,405120000,R,1431537000,R,610898000,R,1363000,R,522000,R,352224000,R,75388000,R,86647000,R,36217000,R,530758000,R,184525000,R,141487000,R,22354000,R,0,R,0,R,0,R,0,Z,0,R,0,R,0,R,3349899000,R,1335024000,R,331557000,R,369087000,R,158443000,R,116478000,R,1039310000,1,R,13474743000,R,13181515000
29,171100,Michigan State University,Public,East Lansing,MI,,,,,,,,,,,,,,,,,,,,,,,,,,,,,,,,,,,,,,,,,,,,,,,,,,,,,,,,,,,,,,,,,,,,,,,,,,,,,,,,,,,,,,,,,,,,,,,,,,,,,,,,,,,,,,,,,,,,,,,,,,,,,,,,,,,,,,,,,,,,,,,,,,,,,,,,,,,,,,,,,,,,,,,,,,,,,,,,,,,,,,,,,,,,,,,,,,,,,,,,,,,,,,,,,,,,,,,,,,,,,,,,,,,,,,,,,,,,,,,,,,,,,,,,,,,,,,,,,,,,,,,,,,,,,,,,,,,,,,,
30,193900,New York University,Private (Non-profit),New York,NY,R,3615417000,R,5254346000,R,5930000,R,11383803000,R,6249586000,R,3581466000,R,2069943000,R,3064274000,R,1915947000,R,1148327000,R,5134217000,R,182170000,R,6475423000,R,846128000,R,1071316000,Z,0,R,8575037000,R,3320691000,R,5608126000,R,5548777000,R,-1533000,R,57816000,R,5076401000,R,0,R,5134217000,R,25121000,R,10061000,R,1749000,R,39000,R,83685000,R,530277000,R,650932000,R,613962000,R,0,R,613962000,R,1662911730,R,1662911730,Z,0,Z,0,Z,0,Z,0,Z,0,Z,0,R,4259692,R,4259692,Z,0,Z,0,Z,0,Z,0,Z,0,Z,0,R,362802630,R,362802630,R,0,R,0,R,17545421,R,17545421,Z,0,Z,0,R,3072273,R,3072273,Z,0,Z,0,R,798820678,R,544443857,R,129874475,R,124502346,R,384505670,R,130128849,R,129874475,R,124502346,R,414315008,R,414315008,R,0,R,0,Z,0,Z,0,Z,0,Z,0,R,128140000,R,149322000,R,-21182000,Z,0,Z,0,Z,0,R,459829280,R,459829280,Z,0,Z,0,Z,0,Z,0,Z,0,Z,0,R,2170744296,R,2169121117,R,-338475,R,1961654,R,5608126000,R,5373308000,R,108354000,R,126464000,R,0,R,0,Z,0,Z,0,R,5608126000,R,5373308000,R,108354000,R,126464000,R,1498449000,R,763803000,R,984702000,R,322538000,R,10930000,Z,0,R,79729000,R,25656000,R,129320000,R,51028000,R,547051000,R,187635000,R,508894000,R,25356000,Z,0,Z,0,Z,0,Z,0,Z,0,R,1789702000,R,1243844000,R,5548777000,R,2619860000,R,739999000,R,429820000,R,308439000,R,114005000,R,1336654000,1,R,3475939000,R,3587113000
31,199193,North Carolina State University,Public,Raleigh,NC,,,,,,,,,,,,,,,,,,,,,,,,,,,,,,,,,,,,,,,,,,,,,,,,,,,,,,,,,,,,,,,,,,,,,,,,,,,,,,,,,,,,,,,,,,,,,,,,,,,,,,,,,,,,,,,,,,,,,,,,,,,,,,,,,,,,,,,,,,,,,,,,,,,,,,,,,,,,,,,,,,,,,,,,,,,,,,,,,,,,,,,,,,,,,,,,,,,,,,,,,,,,,,,,,,,,,,,,,,,,,,,,,,,,,,,,,,,,,,,,,,,,,,,,,,,,,,,,,,,,,,,,,,,,,,,,,,,,,,,
32,167358,Northeastern University,Private (Non-profit),Boston,MA,R,840271000,R,1280326000,R,0,R,2727690000,R,1266088000,R,929952000,R,1019250000,R,442352000,R,227656000,R,214696000,R,1461602000,R,23348000,R,1415466000,R,304085000,R,160397000,R,38410000,R,1941706000,R,661380000,R,1068119000,R,1043002000,R,-21895000,R,3222000,R,1458380000,R,0,R,1461602000,R,11173000,R,3994000,R,2062000,R,0,R,11431000,R,275561000,R,304221000,R,292192000,R,0,R,292192000,R,780170000,R,780170000,R,0,R,0,R,0,R,0,R,0,R,0,R,0,R,0,R,0,R,0,R,0,R,0,R,0,R,0,R,88466000,R,88466000,R,0,R,0,R,2688000,R,2688000,R,0,R,0,R,0,R,0,R,0,R,0,R,41019000,R,19601000,R,14292000,R,7126000,R,25309000,R,3891000,R,14292000,R,7126000,R,15710000,R,15710000,R,0,R,0,R,0,R,0,R,0,R,0,R,-21849000,R,-14428000,R,-8027000,R,606000,R,62000,R,62000,R,139172000,R,139172000,R,0,R,0,R,0,R,0,R,0,R,0,R,38391000,R,38391000,R,0,R,0,R,1068119000,R,1054122000,R,6265000,R,7732000,R,0,R,25941000,R,-25941000,Z,0,R,1068119000,R,1080063000,R,-19676000,R,7732000,R,405882000,R,220909735,R,104012000,R,50114145,R,4891000,R,1746889,R,138819000,R,61847053,R,127136000,R,42164593,R,127570000,R,62091302,R,129167000,R,12168828,R,5525000,R,0,R,0,R,0,R,0,R,0,R,0,R,1043002000,R,451042545,R,106025385,R,90882283,R,49924162,R,26460085,R,318667540,1,R,743032000,R,701958000
33,147767,Northwestern University,Private (Non-profit),Evanston,IL,R,10312782000,R,2368598000,R,0,R,13660177000,R,2645768000,R,1679164000,R,6986925000,R,4027484000,R,1555312000,R,2472172000,R,11014409000,R,29089000,R,2712816000,R,552482000,R,606726000,R,0,R,3901113000,R,1532515000,R,2387585000,R,2166154000,R,0,R,221431000,R,10792978000,R,0,R,11014409000,R,5283000,R,27790000,R,1152000,R,0,R,66599000,R,287324000,R,388148000,R,381713000,R,0,R,381713000,R,581288000,R,581288000,Z,0,Z,0,Z,0,Z,0,Z,0,Z,0,Z,0,Z,0,Z,0,Z,0,Z,0,Z,0,Z,0,Z,0,R,444304000,R,444304000,R,0,R,0,R,3510000,R,3510000,Z,0,Z,0,Z,0,Z,0,Z,0,Z,0,R,574886000,R,349852000,R,82903000,R,142131000,R,425926000,R,200892000,R,82903000,R,142131000,R,148960000,R,148960000,R,0,R,0,Z,0,Z,0,Z,0,Z,0,R,396521000,R,347702000,R,48819000,Z,0,R,161615000,R,161615000,R,79036000,R,79036000,Z,0,Z,0,Z,0,Z,0,Z,0,Z,0,R,146425000,R,143087000,R,4756000,R,-1418000,R,2387585000,R,2110394000,R,136478000,R,140713000,R,0,R,219721000,R,-219721000,Z,0,R,2387585000,R,2330115000,R,-83243000,R,140713000,R,822619000,R,443064000,R,463049000,R,186580000,R,0,R,0,R,283428000,R,112174000,R,198730000,R,62977000,R,290479000,R,183629000,R,107849000,R,7650000,R,0,R,0,R,0,R,0,R,0,R,0,R,0,R,2166154000,R,996074000,R,231878000,R,182829000,R,123225000,R,40248000,R,591900000,1,R,7588029000,R,7478167000
34,204796,Ohio State University,Public,Columbus,OH,,,,,,,,,,,,,,,,,,,,,,,,,,,,,,,,,,,,,,,,,,,,,,,,,,,,,,,,,,,,,,,,,,,,,,,,,,,,,,,,,,,,,,,,,,,,,,,,,,,,,,,,,,,,,,,,,,,,,,,,,,,,,,,,,,,,,,,,,,,,,,,,,,,,,,,,,,,,,,,,,,,,,,,,,,,,,,,,,,,,,,,,,,,,,,,,,,,,,,,,,,,,,,,,,,,,,,,,,,,,,,,,,,,,,,,,,,,,,,,,,,,,,,,,,,,,,,,,,,,,,,,,,,,,,,,,,,,,,,,
35,209542,Oregon State University,Public,Corvallis,OR,,,,,,,,,,,,,,,,,,,,,,,,,,,,,,,,,,,,,,,,,,,,,,,,,,,,,,,,,,,,,,,,,,,,,,,,,,,,,,,,,,,,,,,,,,,,,,,,,,,,,,,,,,,,,,,,,,,,,,,,,,,,,,,,,,,,,,,,,,,,,,,,,,,,,,,,,,,,,,,,,,,,,,,,,,,,,,,,,,,,,,,,,,,,,,,,,,,,,,,,,,,,,,,,,,,,,,,,,,,,,,,,,,,,,,,,,,,,,,,,,,,,,,,,,,,,,,,,,,,,,,,,,,,,,,,,,,,,,,,
36,214777,Pennsylvania State University,Public,University Park,PA,R,5255567000,R,4414468000,R,0,R,12529222000,R,4421405000,R,1045004000,R,6049389000,R,2058428000,R,1509394000,R,549034000,R,8107817000,R,115161000,R,6154978000,R,1326015000,R,497256000,R,0,R,8093410000,R,3678942000,R,5547305000,R,5315015000,R,0,R,232290000,R,7875527000,R,0,R,8107817000,R,83390000,R,5006000,R,0,R,0,R,71620000,R,100133000,R,260149000,R,176580000,R,0,R,176580000,R,1637887000,R,1637887000,R,0,R,0,R,22181000,R,22181000,R,0,R,0,R,274969000,R,274969000,R,0,R,0,R,0,R,0,R,0,R,0,R,446878000,R,446878000,R,0,R,0,R,108030000,R,108030000,R,0,R,0,R,0,R,0,R,0,R,0,R,317550000,R,231931000,R,11196000,R,74423000,R,147570000,R,61951000,R,11196000,R,74423000,R,169980000,R,169980000,R,0,R,0,R,0,R,0,R,0,R,0,R,-16581000,R,85871000,R,-112460000,R,10008000,R,76051000,R,76051000,R,419294000,R,419294000,R,1996546000,R,1996546000,R,33497000,R,33497000,R,0,R,0,R,231003000,R,216339000,R,4733000,R,9931000,R,5547305000,R,5549474000,R,-96531000,R,94362000,R,0,R,11649000,R,-11649000,R,0,R,5547305000,R,5561123000,R,-108180000,R,94362000,R,1256803000,R,589346000,R,787409000,R,315609000,R,79503000,R,56225000,R,387530000,R,230901000,R,183496000,R,67603000,R,333296000,R,142368000,R,391299000,R,87905000,R,0,R,1843196000,R,806133000,R,30676000,R,0,R,21807000,R,0,R,5315015000,R,2296090000,R,509573000,R,238441000,R,319453000,R,33675000,R,1917783000,1,R,2395857000,R,2362197000
37,186131,Princeton University,Private (Non-profit),Princeton,NJ,R,22630121000,R,3952390000,R,1400000,R,27380403000,R,4672961000,R,2365283000,R,9693143000,R,13014299000,R,1951449000,R,11062850000,R,22707442000,R,114272000,R,4123404000,R,884609000,R,331167000,R,0,R,5453452000,R,1501062000,R,1046343000,R,1670740000,R,-4136000,R,-628533000,R,23335975000,R,0,R,22707442000,R,3554199,R,10298541,R,635668,R,4727289,R,219443976,R,48592327,R,287252000,R,226235000,R,0,R,226235000,R,111161000,R,111161000,Z,0,Z,0,Z,0,Z,0,Z,0,Z,0,Z,0,Z,0,Z,0,Z,0,Z,0,Z,0,Z,0,Z,0,R,163615002,R,163615002,R,0,R,0,R,1012998,R,1012998,Z,0,Z,0,Z,0,Z,0,Z,0,Z,0,R,264051000,R,156605000,R,23655000,R,83791000,R,227311000,R,119865000,R,23655000,R,83791000,R,36740000,R,36740000,R,0,R,0,Z,0,Z,0,Z,0,Z,0,R,120889000,R,617937000,R,-493078000,R,-3970000,R,30626000,R,30626000,R,90359000,R,90359000,Z,0,Z,0,R,125610000,R,125610000,Z,0,Z,0,R,139019000,R,139019000,R,0,R,0,R,1046343000,R,1435945000,R,-469423000,R,79821000,R,0,R,0,Z,0,Z,0,R,1046343000,R,1435945000,R,-469423000,R,79821000,R,477140000,R,186678000,R,373245000,R,146029000,R,8101000,R,0,R,221863000,R,58402000,R,133976000,R,37982000,R,176105000,R,97371000,R,93683000,R,18052000,R,61017000,R,0,R,0,R,125610000,R,53307000,R,0,R,0,R,1670740000,R,597821000,R,269413000,R,132342000,R,150326000,R,143286000,R,377552000,1,R,22291269899,R,21703487582
38,243780,Purdue University,Public,West Lafayette,IN,,,,,,,,,,,,,,,,,,,,,,,,,,,,,,,,,,,,,,,,,,,,,,,,,,,,,,,,,,,,,,,,,,,,,,,,,,,,,,,,,,,,,,,,,,,,,,,,,,,,,,,,,,,,,,,,,,,,,,,,,,,,,,,,,,,,,,,,,,,,,,,,,,,,,,,,,,,,,,,,,,,,,,,,,,,,,,,,,,,,,,,,,,,,,,,,,,,,,,,,,,,,,,,,,,,,,,,,,,,,,,,,,,,,,,,,,,,,,,,,,,,,,,,,,,,,,,,,,,,,,,,,,,,,,,,,,,,,,,,
39,227757,Rice University,Private (Non-profit),Houston,TX,R,5777441000,R,1284450000,R,0,R,7390150000,R,1227499000,R,931061000,R,2921996000,R,3240655000,R,1119662000,R,2120993000,R,6162651000,R,23803000,R,1474699000,R,435987000,R,63181000,R,103976000,R,2101646000,R,817196000,R,433227000,R,662149000,R,3988000,R,-224934000,R,6387585000,R,0,R,6162651000,R,2428167,R,1596950,R,2336413,R,0,R,28533035,R,89739435,R,124634000,R,98237000,R,6394000,R,104631000,R,162949000,R,162949000,R,0,R,0,R,0,R,0,R,0,R,0,R,0,R,0,R,0,R,0,R,0,R,0,R,0,R,0,R,88395000,R,88395000,R,0,R,0,R,8858000,R,8858000,R,0,R,0,R,0,R,0,R,0,R,0,R,124419000,R,76677000,R,26732000,R,21010000,R,86495000,R,38753000,R,26732000,R,21010000,R,37924000,R,37924000,R,0,R,0,R,0,R,0,R,0,R,0,R,-20819000,R,14680000,R,-31704000,R,-3795000,R,24954000,R,24954000,R,44471000,R,44471000,R,0,R,0,R,0,R,0,R,0,R,0,R,0,R,0,R,0,R,0,R,433227000,R,420984000,R,-4972000,R,17215000,R,0,R,147108000,R,-147345000,R,237000,R,433227000,R,568092000,R,-152317000,R,17452000,R,310373371,R,197464879,R,110906886,R,42040958,R,0,R,0,R,44731913,R,11267498,R,69613904,R,23619167,R,49679408,R,37330953,R,56840518,R,9063349,R,20003000,R,0,R,0,R,0,R,0,R,0,R,0,R,662149000,R,320786804,R,77927000,R,45794922,R,68414170,R,34895441,R,114330663,1,R,5573038000,R,5354508000
40,186380,Rutgers University-New Brunswick,Public,New Brunswick,NJ,,,,,,,,,,,,,,,,,,,,,,,,,,,,,,,,,,,,,,,,,,,,,,,,,,,,,,,,,,,,,,,,,,,,,,,,,,,,,,,,,,,,,,,,,,,,,,,,,,,,,,,,,,,,,,,,,,,,,,,,,,,,,,,,,,,,,,,,,,,,,,,,,,,,,,,,,,,,,,,,,,,,,,,,,,,,,,,,,,,,,,,,,,,,,,,,,,,,,,,,,,,,,,,,,,,,,,,,,,,,,,,,,,,,,,,,,,,,,,,,,,,,,,,,,,,,,,,,,,,,,,,,,,,,,,,,,,,,,,,
41,243744,Stanford University,Private (Non-profit),Stanford,CA,R,29085787000,R,5168720000,R,0,R,37767407000,R,6048229000,R,2462295000,R,17255819000,R,14463359000,R,7394745000,R,7068614000,R,31719178000,R,517255000,R,5817312000,R,1553215000,R,475327000,R,985915000,R,9349024000,R,4180304000,R,5999715000,R,4914610000,R,200597000,R,1285702000,R,30433476000,R,0,R,31719178000,R,4726000,R,43822000,R,96000,R,0,R,148092000,R,225630000,R,422366000,R,269613000,R,0,R,269613000,R,431233000,R,431233000,Z,0,Z,0,Z,0,Z,0,Z,0,Z,0,Z,0,Z,0,Z,0,Z,0,Z,0,Z,0,Z,0,Z,0,R,1162349000,R,1162349000,R,0,R,0,R,33767000,R,33767000,Z,0,Z,0,R,0,R,0,Z,0,Z,0,R,1578600000,R,531685000,R,284923000,R,761992000,R,1321848000,R,274933000,R,284923000,R,761992000,R,256752000,R,256752000,R,0,R,0,Z,0,Z,0,Z,0,Z,0,R,1189663000,R,1439939000,R,-321587000,R,71311000,R,385277000,R,385277000,R,312340000,R,312340000,R,906486000,R,906486000,R,0,R,0,R,0,R,0,R,0,R,0,R,0,R,0,R,5999715000,R,5203076000,R,-36664000,R,833303000,R,0,R,0,Z,0,Z,0,R,5999715000,R,5203076000,R,-36664000,R,833303000,R,1679233000,R,703513000,R,1215828000,R,509370000,R,0,R,0,R,146821000,R,61511000,R,235150000,R,98516000,R,497236000,R,208317000,R,987590000,R,413750000,R,152752000,R,0,R,0,R,0,R,0,R,0,R,0,R,4914610000,R,1994977000,R,1096680000,R,240144000,R,345977000,R,93353000,R,1143479000,1,R,22222957000,R,22398130000
42,196097,Stony Brook University,Public,Stony Brook,NY,,,,,,,,,,,,,,,,,,,,,,,,,,,,,,,,,,,,,,,,,,,,,,,,,,,,,,,,,,,,,,,,,,,,,,,,,,,,,,,,,,,,,,,,,,,,,,,,,,,,,,,,,,,,,,,,,,,,,,,,,,,,,,,,,,,,,,,,,,,,,,,,,,,,,,,,,,,,,,,,,,,,,,,,,,,,,,,,,,,,,,,,,,,,,,,,,,,,,,,,,,,,,,,,,,,,,,,,,,,,,,,,,,,,,,,,,,,,,,,,,,,,,,,,,,,,,,,,,,,,,,,,,,,,,,,,,,,,,,,
43,196413,Syracuse University,Private (Non-profit),Syracuse,NY,R,1210910397,R,1109868303,R,0,R,2685450651,R,865486336,R,440799525,R,1188229721,R,631734594,R,435846095,R,195888499,R,1819964315,R,83833923,R,1694287281,R,329778563,R,29219006,Z,0,R,2137118773,R,1027250470,R,896631964,R,905148753,R,-9711242,R,-18228031,R,1838192346,R,0,R,1819964315,R,16244679,R,2576466,R,1007177,R,0,R,12308286,R,302447403,R,334584011,R,307662536,R,6835941,R,314498477,R,522622073,R,522622073,R,0,R,0,R,0,R,0,R,0,R,0,R,1511412,R,1511412,R,0,R,0,R,0,R,0,R,0,R,0,R,46224180,R,46224180,R,0,R,0,R,12749571,R,12749571,R,0,R,0,R,40979,R,40979,R,0,R,0,R,102199282,R,62296146,R,15013105,R,24890031,R,82973610,R,43070474,R,15013105,R,24890031,R,19225672,R,19225672,R,0,R,0,R,0,R,0,R,0,R,0,R,-20856119,R,-20856119,R,0,R,0,R,6265879,R,6265879,R,219100294,R,219100294,R,0,R,0,R,6774413,R,6774413,R,0,R,0,R,0,R,0,R,0,R,0,R,896631964,R,856728828,R,15013105,R,24890031,R,0,R,13533049,R,-13533049,R,0,R,896631964,R,870261877,R,1480056,R,24890031,R,356730248,R,174738776,R,65365464,R,25827959,R,0,Z,0,R,125143369,R,61490127,R,66669963,R,22346117,R,105560398,R,50266617,R,185679311,R,63461120,R,0,R,0,R,0,R,0,R,0,R,0,R,0,R,905148753,R,398130716,R,126026013,R,104736115,R,56103946,R,16890273,R,203261690,1,R,1166108676,R,1156828006
44,216339,Temple University,Public,Philadelphia,PA,R,830438000,R,1797237000,R,21875000,R,4436061000,R,2236530000,R,1258272000,R,1675850000,R,523681000,R,418020000,R,105661000,R,2199531000,R,112732000,R,2173058000,R,1139107000,R,97911000,R,0,R,3522808000,R,1725571000,R,3072421000,R,2988604000,R,-68937000,R,14880000,R,2184651000,R,0,R,2199531000,R,41468000,R,1815000,R,0,R,0,R,14444000,R,110124000,R,167851000,R,119578000,R,0,R,119578000,R,739960000,R,739960000,R,0,R,0,R,0,R,0,R,0,R,0,R,136355000,R,136355000,R,0,R,0,R,0,R,0,R,0,R,0,R,132273000,R,132273000,R,0,R,0,R,25239000,R,25239000,R,0,R,0,R,3566000,R,3566000,R,0,R,0,R,106391000,R,65096000,R,21295000,R,20000000,R,66456000,R,25161000,R,21295000,R,20000000,R,39935000,R,39935000,R,0,R,0,R,0,R,0,R,0,R,0,R,9357000,R,35194000,R,-16455000,R,-9382000,R,10278000,R,10278000,R,109001000,R,109001000,R,1747965000,R,1747965000,R,0,R,0,R,0,R,0,R,52036000,R,52036000,R,0,R,0,R,3072421000,R,3056963000,R,4840000,R,10618000,R,0,R,0,R,0,R,0,R,3072421000,R,3056963000,R,4840000,R,10618000,R,472154000,R,284408000,R,185926000,R,65082000,R,19100000,R,8841000,R,170407000,R,84899000,R,82328000,R,33593000,R,134877000,R,71123000,R,133366000,R,20751000,R,11885000,R,1778561000,R,809997000,R,0,R,0,R,0,R,0,R,2988604000,R,1378694000,R,373812000,R,129029000,R,140616000,R,57802000,R,908651000,1,R,423845000,R,533151000
45,228723,Texas A&M University,Public,College Station,TX,,,,,,,,,,,,,,,,,,,,,,,,,,,,,,,,,,,,,,,,,,,,,,,,,,,,,,,,,,,,,,,,,,,,,,,,,,,,,,,,,,,,,,,,,,,,,,,,,,,,,,,,,,,,,,,,,,,,,,,,,,,,,,,,,,,,,,,,,,,,,,,,,,,,,,,,,,,,,,,,,,,,,,,,,,,,,,,,,,,,,,,,,,,,,,,,,,,,,,,,,,,,,,,,,,,,,,,,,,,,,,,,,,,,,,,,,,,,,,,,,,,,,,,,,,,,,,,,,,,,,,,,,,,,,,,,,,,,,,,
46,229115,Texas Tech University,Public,Lubbock,TX,,,,,,,,,,,,,,,,,,,,,,,,,,,,,,,,,,,,,,,,,,,,,,,,,,,,,,,,,,,,,,,,,,,,,,,,,,,,,,,,,,,,,,,,,,,,,,,,,,,,,,,,,,,,,,,,,,,,,,,,,,,,,,,,,,,,,,,,,,,,,,,,,,,,,,,,,,,,,,,,,,,,,,,,,,,,,,,,,,,,,,,,,,,,,,,,,,,,,,,,,,,,,,,,,,,,,,,,,,,,,,,,,,,,,,,,,,,,,,,,,,,,,,,,,,,,,,,,,,,,,,,,,,,,,,,,,,,,,,,
47,168148,Tufts University,Private (Non-profit),Medford,MA,R,1955846184,R,963996033,R,0,R,3158763088,R,1016880571,R,649632222,R,1105481783,R,1036400734,R,611474894,R,424925840,R,2141882517,R,53160268,R,1266435269,R,216602623,R,140637104,R,0,R,1676835264,R,712839231,R,775369025,R,835958007,R,-32624775,R,-93213757,R,2235096274,R,0,R,2141882517,R,2703208,R,3992699,R,453613,R,0,R,11799483,R,114033147,R,132982150,R,132982150,R,0,R,132982150,R,361621880,R,361621880,R,0,R,0,R,0,R,0,R,0,R,0,R,5000000,R,5000000,R,0,R,0,R,0,R,0,R,0,R,0,R,124689657,R,124689657,R,0,R,0,R,4149622,R,4149622,R,0,R,0,R,0,R,0,R,0,R,0,R,117255463,R,74754206,R,18825215,R,23676042,R,74630830,R,32129573,R,18825215,R,23676042,R,42624633,R,42624633,R,0,R,0,R,0,R,0,R,0,R,0,R,-23416023,R,6949582,R,-31097403,R,731798,R,95545763,R,95545763,R,59091561,R,59091561,R,0,R,0,R,10921551,R,10921551,R,0,R,0,R,20509551,R,20509551,R,0,R,0,R,775369025,R,763233373,R,-12272188,R,24407840,R,0,R,21869404,R,-21869404,R,0,R,775369025,R,785102777,R,-34141592,R,24407840,R,253254075,R,140538541,R,151269871,R,64703738,R,0,R,0,R,213577349,R,68030718,R,28719951,R,15568775,R,116316216,R,72284663,R,61898994,R,12780676,R,0,R,0,R,0,R,10921551,R,7041355,R,0,R,0,R,835958007,R,380948466,R,90088311,R,47346153,R,51120256,R,25510457,R,240944364,1,R,1593019000,R,1562968000
48,160755,Tulane University,Private (Non-profit),New Orleans,LA,R,1201498000,R,884643000,Z,0,R,2337930000,R,917830000,Z,0,R,164064000,R,1256036000,R,599227000,R,656809000,R,1420100000,R,23598000,R,1123114000,R,402338000,R,23853000,R,0,R,1572903000,R,688260000,R,830523000,R,894464000,R,0,R,-63941000,R,1484041000,R,0,R,1420100000,R,0,R,0,Z,0,Z,0,R,15435000,R,164701000,R,180136000,R,160548000,R,4153000,R,164701000,R,330654000,R,330654000,Z,0,Z,0,Z,0,Z,0,Z,0,Z,0,Z,0,Z,0,Z,0,Z,0,Z,0,Z,0,Z,0,Z,0,R,102414000,R,102414000,R,0,R,0,R,20842000,R,20842000,Z,0,Z,0,Z,0,Z,0,Z,0,Z,0,R,83426000,R,41361000,R,26987000,R,15078000,R,55382000,R,13317000,R,26987000,R,15078000,R,28044000,R,28044000,R,0,R,0,Z,0,Z,0,Z,0,Z,0,R,-21149000,R,-4073000,R,-17076000,Z,0,Z,0,Z,0,R,59348000,R,59348000,R,133344000,R,133344000,Z,0,Z,0,Z,0,Z,0,R,121644000,R,121644000,R,0,R,0,R,830523000,R,805534000,R,9911000,R,15078000,R,0,R,52690000,R,-52690000,R,0,R,830523000,R,858224000,R,-42779000,R,15078000,R,313979000,R,169332000,R,138215000,R,48293000,R,23583000,R,4387000,R,25789000,R,6166000,R,78012000,R,25935000,R,109912000,R,54540000,R,72453000,R,4302000,R,0,R,125271000,R,80373000,R,0,R,0,R,7250000,R,2857000,R,894464000,R,396185000,R,67712000,R,70573000,R,54989000,R,24177000,R,280828000,1,R,1209322000,R,1162217000
49,196060,"University at Albany, SUNY",Public,Albany,NY,,,,,,,,,,,,,,,,,,,,,,,,,,,,,,,,,,,,,,,,,,,,,,,,,,,,,,,,,,,,,,,,,,,,,,,,,,,,,,,,,,,,,,,,,,,,,,,,,,,,,,,,,,,,,,,,,,,,,,,,,,,,,,,,,,,,,,,,,,,,,,,,,,,,,,,,,,,,,,,,,,,,,,,,,,,,,,,,,,,,,,,,,,,,,,,,,,,,,,,,,,,,,,,,,,,,,,,,,,,,,,,,,,,,,,,,,,,,,,,,,,,,,,,,,,,,,,,,,,,,,,,,,,,,,,,,,,,,,,,
50,196088,University at Buffalo,Public,Buffalo,NY,,,,,,,,,,,,,,,,,,,,,,,,,,,,,,,,,,,,,,,,,,,,,,,,,,,,,,,,,,,,,,,,,,,,,,,,,,,,,,,,,,,,,,,,,,,,,,,,,,,,,,,,,,,,,,,,,,,,,,,,,,,,,,,,,,,,,,,,,,,,,,,,,,,,,,,,,,,,,,,,,,,,,,,,,,,,,,,,,,,,,,,,,,,,,,,,,,,,,,,,,,,,,,,,,,,,,,,,,,,,,,,,,,,,,,,,,,,,,,,,,,,,,,,,,,,,,,,,,,,,,,,,,,,,,,,,,,,,,,,
51,100663,University of Alabama at Birmingham,Public,Birmingham,AL,,,,,,,,,,,,,,,,,,,,,,,,,,,,,,,,,,,,,,,,,,,,,,,,,,,,,,,,,,,,,,,,,,,,,,,,,,,,,,,,,,,,,,,,,,,,,,,,,,,,,,,,,,,,,,,,,,,,,,,,,,,,,,,,,,,,,,,,,,,,,,,,,,,,,,,,,,,,,,,,,,,,,,,,,,,,,,,,,,,,,,,,,,,,,,,,,,,,,,,,,,,,,,,,,,,,,,,,,,,,,,,,,,,,,,,,,,,,,,,,,,,,,,,,,,,,,,,,,,,,,,,,,,,,,,,,,,,,,,,
52,104179,University of Arizona,Public,Tucson,AZ,,,,,,,,,,,,,,,,,,,,,,,,,,,,,,,,,,,,,,,,,,,,,,,,,,,,,,,,,,,,,,,,,,,,,,,,,,,,,,,,,,,,,,,,,,,,,,,,,,,,,,,,,,,,,,,,,,,,,,,,,,,,,,,,,,,,,,,,,,,,,,,,,,,,,,,,,,,,,,,,,,,,,,,,,,,,,,,,,,,,,,,,,,,,,,,,,,,,,,,,,,,,,,,,,,,,,,,,,,,,,,,,,,,,,,,,,,,,,,,,,,,,,,,,,,,,,,,,,,,,,,,,,,,,,,,,,,,,,,,
53,106397,University of Arkansas,Public,Fayetteville,AR,,,,,,,,,,,,,,,,,,,,,,,,,,,,,,,,,,,,,,,,,,,,,,,,,,,,,,,,,,,,,,,,,,,,,,,,,,,,,,,,,,,,,,,,,,,,,,,,,,,,,,,,,,,,,,,,,,,,,,,,,,,,,,,,,,,,,,,,,,,,,,,,,,,,,,,,,,,,,,,,,,,,,,,,,,,,,,,,,,,,,,,,,,,,,,,,,,,,,,,,,,,,,,,,,,,,,,,,,,,,,,,,,,,,,,,,,,,,,,,,,,,,,,,,,,,,,,,,,,,,,,,,,,,,,,,,,,,,,,,
54,110635,"University of California, Berkeley",Public,Berkeley,CA,,,,,,,,,,,,,,,,,,,,,,,,,,,,,,,,,,,,,,,,,,,,,,,,,,,,,,,,,,,,,,,,,,,,,,,,,,,,,,,,,,,,,,,,,,,,,,,,,,,,,,,,,,,,,,,,,,,,,,,,,,,,,,,,,,,,,,,,,,,,,,,,,,,,,,,,,,,,,,,,,,,,,,,,,,,,,,,,,,,,,,,,,,,,,,,,,,,,,,,,,,,,,,,,,,,,,,,,,,,,,,,,,,,,,,,,,,,,,,,,,,,,,,,,,,,,,,,,,,,,,,,,,,,,,,,,,,,,,,,
55,110644,"University of California, Davis",Public,Davis,CA,,,,,,,,,,,,,,,,,,,,,,,,,,,,,,,,,,,,,,,,,,,,,,,,,,,,,,,,,,,,,,,,,,,,,,,,,,,,,,,,,,,,,,,,,,,,,,,,,,,,,,,,,,,,,,,,,,,,,,,,,,,,,,,,,,,,,,,,,,,,,,,,,,,,,,,,,,,,,,,,,,,,,,,,,,,,,,,,,,,,,,,,,,,,,,,,,,,,,,,,,,,,,,,,,,,,,,,,,,,,,,,,,,,,,,,,,,,,,,,,,,,,,,,,,,,,,,,,,,,,,,,,,,,,,,,,,,,,,,,
56,110653,"University of California, Irvine",Public,Irvine,CA,,,,,,,,,,,,,,,,,,,,,,,,,,,,,,,,,,,,,,,,,,,,,,,,,,,,,,,,,,,,,,,,,,,,,,,,,,,,,,,,,,,,,,,,,,,,,,,,,,,,,,,,,,,,,,,,,,,,,,,,,,,,,,,,,,,,,,,,,,,,,,,,,,,,,,,,,,,,,,,,,,,,,,,,,,,,,,,,,,,,,,,,,,,,,,,,,,,,,,,,,,,,,,,,,,,,,,,,,,,,,,,,,,,,,,,,,,,,,,,,,,,,,,,,,,,,,,,,,,,,,,,,,,,,,,,,,,,,,,,
57,110662,"University of California, Los Angeles",Public,Los Angeles,CA,,,,,,,,,,,,,,,,,,,,,,,,,,,,,,,,,,,,,,,,,,,,,,,,,,,,,,,,,,,,,,,,,,,,,,,,,,,,,,,,,,,,,,,,,,,,,,,,,,,,,,,,,,,,,,,,,,,,,,,,,,,,,,,,,,,,,,,,,,,,,,,,,,,,,,,,,,,,,,,,,,,,,,,,,,,,,,,,,,,,,,,,,,,,,,,,,,,,,,,,,,,,,,,,,,,,,,,,,,,,,,,,,,,,,,,,,,,,,,,,,,,,,,,,,,,,,,,,,,,,,,,,,,,,,,,,,,,,,,,
58,110671,"University of California, Riverside",Public,Riverside,CA,,,,,,,,,,,,,,,,,,,,,,,,,,,,,,,,,,,,,,,,,,,,,,,,,,,,,,,,,,,,,,,,,,,,,,,,,,,,,,,,,,,,,,,,,,,,,,,,,,,,,,,,,,,,,,,,,,,,,,,,,,,,,,,,,,,,,,,,,,,,,,,,,,,,,,,,,,,,,,,,,,,,,,,,,,,,,,,,,,,,,,,,,,,,,,,,,,,,,,,,,,,,,,,,,,,,,,,,,,,,,,,,,,,,,,,,,,,,,,,,,,,,,,,,,,,,,,,,,,,,,,,,,,,,,,,,,,,,,,,
59,110680,"University of California, San Diego",Public,La Jolla,CA,,,,,,,,,,,,,,,,,,,,,,,,,,,,,,,,,,,,,,,,,,,,,,,,,,,,,,,,,,,,,,,,,,,,,,,,,,,,,,,,,,,,,,,,,,,,,,,,,,,,,,,,,,,,,,,,,,,,,,,,,,,,,,,,,,,,,,,,,,,,,,,,,,,,,,,,,,,,,,,,,,,,,,,,,,,,,,,,,,,,,,,,,,,,,,,,,,,,,,,,,,,,,,,,,,,,,,,,,,,,,,,,,,,,,,,,,,,,,,,,,,,,,,,,,,,,,,,,,,,,,,,,,,,,,,,,,,,,,,,
60,110705,"University of California, Santa Barbara",Public,Santa Barbara,CA,,,,,,,,,,,,,,,,,,,,,,,,,,,,,,,,,,,,,,,,,,,,,,,,,,,,,,,,,,,,,,,,,,,,,,,,,,,,,,,,,,,,,,,,,,,,,,,,,,,,,,,,,,,,,,,,,,,,,,,,,,,,,,,,,,,,,,,,,,,,,,,,,,,,,,,,,,,,,,,,,,,,,,,,,,,,,,,,,,,,,,,,,,,,,,,,,,,,,,,,,,,,,,,,,,,,,,,,,,,,,,,,,,,,,,,,,,,,,,,,,,,,,,,,,,,,,,,,,,,,,,,,,,,,,,,,,,,,,,,
61,110714,"University of California, Santa Cruz",Public,Santa Cruz,CA,,,,,,,,,,,,,,,,,,,,,,,,,,,,,,,,,,,,,,,,,,,,,,,,,,,,,,,,,,,,,,,,,,,,,,,,,,,,,,,,,,,,,,,,,,,,,,,,,,,,,,,,,,,,,,,,,,,,,,,,,,,,,,,,,,,,,,,,,,,,,,,,,,,,,,,,,,,,,,,,,,,,,,,,,,,,,,,,,,,,,,,,,,,,,,,,,,,,,,,,,,,,,,,,,,,,,,,,,,,,,,,,,,,,,,,,,,,,,,,,,,,,,,,,,,,,,,,,,,,,,,,,,,,,,,,,,,,,,,,
62,132903,University of Central Florida,Public,Orlando,FL,,,,,,,,,,,,,,,,,,,,,,,,,,,,,,,,,,,,,,,,,,,,,,,,,,,,,,,,,,,,,,,,,,,,,,,,,,,,,,,,,,,,,,,,,,,,,,,,,,,,,,,,,,,,,,,,,,,,,,,,,,,,,,,,,,,,,,,,,,,,,,,,,,,,,,,,,,,,,,,,,,,,,,,,,,,,,,,,,,,,,,,,,,,,,,,,,,,,,,,,,,,,,,,,,,,,,,,,,,,,,,,,,,,,,,,,,,,,,,,,,,,,,,,,,,,,,,,,,,,,,,,,,,,,,,,,,,,,,,,
63,144050,University of Chicago,Private (Non-profit),Chicago,IL,R,6556579865,R,3294448852,R,0,R,11323564920,R,5200434541,R,3403425464,R,879143413,R,5243986966,R,2027779239,R,3216207727,R,6123130379,R,199228345,R,3888635503,R,905587021,R,286074913,R,0,R,5279525782,R,1985076930,R,2929453717,R,3486828762,R,0,R,-557375045,R,6680505424,R,0,R,6123130379,R,2803420,R,21202493,R,456268,R,2356201,R,70444846,R,293814071,R,391077299,R,383447438,Z,0,R,383447438,R,395773075,R,395773075,Z,0,Z,0,Z,0,Z,0,Z,0,Z,0,Z,0,Z,0,Z,0,Z,0,Z,0,Z,0,Z,0,Z,0,R,356294636,R,356294636,R,0,R,0,R,6988146,R,6988146,Z,0,Z,0,R,1658166,R,1658166,Z,0,Z,0,R,539439962,R,219824382,R,153819253,R,165796327,R,451220164,R,131604584,R,153819253,R,165796327,R,88219798,R,88219798,R,0,R,0,R,71750000,R,71750000,Z,0,Z,0,R,-151753921,R,207242595,R,-357753411,R,-1243105,R,257327315,R,257327315,R,217419204,R,217419204,Z,0,Z,0,R,1183091053,R,1183091053,Z,0,Z,0,R,51466081,R,34912012,R,1350688,R,15203381,R,2929453717,R,2952280584,R,-202583470,R,179756603,R,0,R,83715721,R,-83715721,Z,0,R,2929453717,R,3035996305,R,-286299191,R,179756603,R,1275358367,R,755217252,R,347330609,R,120971875,R,0,R,0,R,105957778,R,12963199,R,94815249,R,39201299,R,265165569,R,129383230,R,215110137,R,29480739,R,0,R,0,R,0,R,1183091053,R,0,R,0,R,0,R,3486828762,R,1087217594,R,294554422,R,156188684,R,193537888,R,112247892,R,1643082282,1,R,6553570933,R,6121266491
64,201885,University of Cincinnati,Public,Cincinnati,OH,,,,,,,,,,,,,,,,,,,,,,,,,,,,,,,,,,,,,,,,,,,,,,,,,,,,,,,,,,,,,,,,,,,,,,,,,,,,,,,,,,,,,,,,,,,,,,,,,,,,,,,,,,,,,,,,,,,,,,,,,,,,,,,,,,,,,,,,,,,,,,,,,,,,,,,,,,,,,,,,,,,,,,,,,,,,,,,,,,,,,,,,,,,,,,,,,,,,,,,,,,,,,,,,,,,,,,,,,,,,,,,,,,,,,,,,,,,,,,,,,,,,,,,,,,,,,,,,,,,,,,,,,,,,,,,,,,,,,,,
65,126614,University of Colorado Boulder,Public,Boulder,CO,,,,,,,,,,,,,,,,,,,,,,,,,,,,,,,,,,,,,,,,,,,,,,,,,,,,,,,,,,,,,,,,,,,,,,,,,,,,,,,,,,,,,,,,,,,,,,,,,,,,,,,,,,,,,,,,,,,,,,,,,,,,,,,,,,,,,,,,,,,,,,,,,,,,,,,,,,,,,,,,,,,,,,,,,,,,,,,,,,,,,,,,,,,,,,,,,,,,,,,,,,,,,,,,,,,,,,,,,,,,,,,,,,,,,,,,,,,,,,,,,,,,,,,,,,,,,,,,,,,,,,,,,,,,,,,,,,,,,,,
66,129020,University of Connecticut,Public,Storrs,CT,,,,,,,,,,,,,,,,,,,,,,,,,,,,,,,,,,,,,,,,,,,,,,,,,,,,,,,,,,,,,,,,,,,,,,,,,,,,,,,,,,,,,,,,,,,,,,,,,,,,,,,,,,,,,,,,,,,,,,,,,,,,,,,,,,,,,,,,,,,,,,,,,,,,,,,,,,,,,,,,,,,,,,,,,,,,,,,,,,,,,,,,,,,,,,,,,,,,,,,,,,,,,,,,,,,,,,,,,,,,,,,,,,,,,,,,,,,,,,,,,,,,,,,,,,,,,,,,,,,,,,,,,,,,,,,,,,,,,,,
67,130943,University of Delaware,Public,Newark,DE,R,1646593501,R,1479213336,R,0,R,3478423510,R,1266297404,R,540323532,R,1212730411,R,999395695,R,406283504,R,593112191,R,2212126106,R,129814268,R,1787703166,R,519561283,R,38821030,R,0,R,2475899747,R,996686411,R,878081322,R,949916692,R,-90437674,R,-162273044,R,2374399150,R,0,R,2212126106,R,10914783,R,2105447,R,11225211,R,0,R,2592806,R,133940400,R,160778647,R,147605194,R,0,R,147605194,R,412241060,R,412241060,Z,0,Z,0,R,3726740,R,3726740,Z,0,Z,0,R,121960486,R,121960486,Z,0,Z,0,Z,0,Z,0,Z,0,Z,0,R,106908531,R,106908531,R,0,R,0,R,30743751,R,30743751,R,0,R,0,Z,0,Z,0,Z,0,Z,0,R,70932715,R,32573559,R,18829678,R,19529478,R,39906769,R,1547613,R,18829678,R,19529478,R,31025946,R,31025946,R,0,R,0,R,11131032,R,10131032,R,0,R,1000000,R,-47125241,R,26770025,R,-67537216,R,-6358050,R,19644530,R,19644530,R,129690975,R,129690975,Z,0,Z,0,R,0,R,0,Z,0,Z,0,R,18226743,R,18073562,R,0,R,153181,R,878081322,R,912464251,R,-48707538,R,14324609,R,0,R,20411541,R,-20411541,Z,0,R,878081322,R,932875792,R,-69119079,R,14324609,R,408039717,R,208782919,R,136842786,R,59530363,R,50308260,R,23563244,R,76091262,R,32916577,R,34682501,R,15151269,R,110812654,R,45714051,R,122543767,R,8572417,R,6771322,R,0,R,0,R,0,R,0,R,3824423,R,0,R,949916692,R,394230840,R,174564427,R,57654135,R,68978338,R,21104033,R,233384919,1,R,1341372684,R,1261789686
68,134130,University of Florida,Public,Gainesville,FL,,,,,,,,,,,,,,,,,,,,,,,,,,,,,,,,,,,,,,,,,,,,,,,,,,,,,,,,,,,,,,,,,,,,,,,,,,,,,,,,,,,,,,,,,,,,,,,,,,,,,,,,,,,,,,,,,,,,,,,,,,,,,,,,,,,,,,,,,,,,,,,,,,,,,,,,,,,,,,,,,,,,,,,,,,,,,,,,,,,,,,,,,,,,,,,,,,,,,,,,,,,,,,,,,,,,,,,,,,,,,,,,,,,,,,,,,,,,,,,,,,,,,,,,,,,,,,,,,,,,,,,,,,,,,,,,,,,,,,,
69,139959,University of Georgia,Public,Athens,GA,,,,,,,,,,,,,,,,,,,,,,,,,,,,,,,,,,,,,,,,,,,,,,,,,,,,,,,,,,,,,,,,,,,,,,,,,,,,,,,,,,,,,,,,,,,,,,,,,,,,,,,,,,,,,,,,,,,,,,,,,,,,,,,,,,,,,,,,,,,,,,,,,,,,,,,,,,,,,,,,,,,,,,,,,,,,,,,,,,,,,,,,,,,,,,,,,,,,,,,,,,,,,,,,,,,,,,,,,,,,,,,,,,,,,,,,,,,,,,,,,,,,,,,,,,,,,,,,,,,,,,,,,,,,,,,,,,,,,,,
70,141574,University of Hawaii at Manoa,Public,Honolulu,HI,,,,,,,,,,,,,,,,,,,,,,,,,,,,,,,,,,,,,,,,,,,,,,,,,,,,,,,,,,,,,,,,,,,,,,,,,,,,,,,,,,,,,,,,,,,,,,,,,,,,,,,,,,,,,,,,,,,,,,,,,,,,,,,,,,,,,,,,,,,,,,,,,,,,,,,,,,,,,,,,,,,,,,,,,,,,,,,,,,,,,,,,,,,,,,,,,,,,,,,,,,,,,,,,,,,,,,,,,,,,,,,,,,,,,,,,,,,,,,,,,,,,,,,,,,,,,,,,,,,,,,,,,,,,,,,,,,,,,,,
71,225511,University of Houston,Public,Houston,TX,,,,,,,,,,,,,,,,,,,,,,,,,,,,,,,,,,,,,,,,,,,,,,,,,,,,,,,,,,,,,,,,,,,,,,,,,,,,,,,,,,,,,,,,,,,,,,,,,,,,,,,,,,,,,,,,,,,,,,,,,,,,,,,,,,,,,,,,,,,,,,,,,,,,,,,,,,,,,,,,,,,,,,,,,,,,,,,,,,,,,,,,,,,,,,,,,,,,,,,,,,,,,,,,,,,,,,,,,,,,,,,,,,,,,,,,,,,,,,,,,,,,,,,,,,,,,,,,,,,,,,,,,,,,,,,,,,,,,,,
72,145600,University of Illinois at Chicago,Public,Chicago,IL,,,,,,,,,,,,,,,,,,,,,,,,,,,,,,,,,,,,,,,,,,,,,,,,,,,,,,,,,,,,,,,,,,,,,,,,,,,,,,,,,,,,,,,,,,,,,,,,,,,,,,,,,,,,,,,,,,,,,,,,,,,,,,,,,,,,,,,,,,,,,,,,,,,,,,,,,,,,,,,,,,,,,,,,,,,,,,,,,,,,,,,,,,,,,,,,,,,,,,,,,,,,,,,,,,,,,,,,,,,,,,,,,,,,,,,,,,,,,,,,,,,,,,,,,,,,,,,,,,,,,,,,,,,,,,,,,,,,,,,
73,145637,University of Illinois at Urbana-Champaign,Public,Champaign,IL,,,,,,,,,,,,,,,,,,,,,,,,,,,,,,,,,,,,,,,,,,,,,,,,,,,,,,,,,,,,,,,,,,,,,,,,,,,,,,,,,,,,,,,,,,,,,,,,,,,,,,,,,,,,,,,,,,,,,,,,,,,,,,,,,,,,,,,,,,,,,,,,,,,,,,,,,,,,,,,,,,,,,,,,,,,,,,,,,,,,,,,,,,,,,,,,,,,,,,,,,,,,,,,,,,,,,,,,,,,,,,,,,,,,,,,,,,,,,,,,,,,,,,,,,,,,,,,,,,,,,,,,,,,,,,,,,,,,,,,
74,153658,University of Iowa,Public,Iowa City,IA,,,,,,,,,,,,,,,,,,,,,,,,,,,,,,,,,,,,,,,,,,,,,,,,,,,,,,,,,,,,,,,,,,,,,,,,,,,,,,,,,,,,,,,,,,,,,,,,,,,,,,,,,,,,,,,,,,,,,,,,,,,,,,,,,,,,,,,,,,,,,,,,,,,,,,,,,,,,,,,,,,,,,,,,,,,,,,,,,,,,,,,,,,,,,,,,,,,,,,,,,,,,,,,,,,,,,,,,,,,,,,,,,,,,,,,,,,,,,,,,,,,,,,,,,,,,,,,,,,,,,,,,,,,,,,,,,,,,,,,
75,155317,University of Kansas,Public,Lawrence,KS,,,,,,,,,,,,,,,,,,,,,,,,,,,,,,,,,,,,,,,,,,,,,,,,,,,,,,,,,,,,,,,,,,,,,,,,,,,,,,,,,,,,,,,,,,,,,,,,,,,,,,,,,,,,,,,,,,,,,,,,,,,,,,,,,,,,,,,,,,,,,,,,,,,,,,,,,,,,,,,,,,,,,,,,,,,,,,,,,,,,,,,,,,,,,,,,,,,,,,,,,,,,,,,,,,,,,,,,,,,,,,,,,,,,,,,,,,,,,,,,,,,,,,,,,,,,,,,,,,,,,,,,,,,,,,,,,,,,,,,
76,157085,University of Kentucky,Public,Lexington,KY,,,,,,,,,,,,,,,,,,,,,,,,,,,,,,,,,,,,,,,,,,,,,,,,,,,,,,,,,,,,,,,,,,,,,,,,,,,,,,,,,,,,,,,,,,,,,,,,,,,,,,,,,,,,,,,,,,,,,,,,,,,,,,,,,,,,,,,,,,,,,,,,,,,,,,,,,,,,,,,,,,,,,,,,,,,,,,,,,,,,,,,,,,,,,,,,,,,,,,,,,,,,,,,,,,,,,,,,,,,,,,,,,,,,,,,,,,,,,,,,,,,,,,,,,,,,,,,,,,,,,,,,,,,,,,,,,,,,,,,
77,157289,University of Louisville,Public,Louisville,KY,,,,,,,,,,,,,,,,,,,,,,,,,,,,,,,,,,,,,,,,,,,,,,,,,,,,,,,,,,,,,,,,,,,,,,,,,,,,,,,,,,,,,,,,,,,,,,,,,,,,,,,,,,,,,,,,,,,,,,,,,,,,,,,,,,,,,,,,,,,,,,,,,,,,,,,,,,,,,,,,,,,,,,,,,,,,,,,,,,,,,,,,,,,,,,,,,,,,,,,,,,,,,,,,,,,,,,,,,,,,,,,,,,,,,,,,,,,,,,,,,,,,,,,,,,,,,,,,,,,,,,,,,,,,,,,,,,,,,,,
78,163286,"University of Maryland, College Park",Public,College Park,MD,,,,,,,,,,,,,,,,,,,,,,,,,,,,,,,,,,,,,,,,,,,,,,,,,,,,,,,,,,,,,,,,,,,,,,,,,,,,,,,,,,,,,,,,,,,,,,,,,,,,,,,,,,,,,,,,,,,,,,,,,,,,,,,,,,,,,,,,,,,,,,,,,,,,,,,,,,,,,,,,,,,,,,,,,,,,,,,,,,,,,,,,,,,,,,,,,,,,,,,,,,,,,,,,,,,,,,,,,,,,,,,,,,,,,,,,,,,,,,,,,,,,,,,,,,,,,,,,,,,,,,,,,,,,,,,,,,,,,,,
79,166629,University of Massachusetts Amherst,Public,Amherst,MA,,,,,,,,,,,,,,,,,,,,,,,,,,,,,,,,,,,,,,,,,,,,,,,,,,,,,,,,,,,,,,,,,,,,,,,,,,,,,,,,,,,,,,,,,,,,,,,,,,,,,,,,,,,,,,,,,,,,,,,,,,,,,,,,,,,,,,,,,,,,,,,,,,,,,,,,,,,,,,,,,,,,,,,,,,,,,,,,,,,,,,,,,,,,,,,,,,,,,,,,,,,,,,,,,,,,,,,,,,,,,,,,,,,,,,,,,,,,,,,,,,,,,,,,,,,,,,,,,,,,,,,,,,,,,,,,,,,,,,,
80,135726,University of Miami,Private (Non-profit),Coral Gables,FL,R,1039962607,R,1721900016,R,1127000,R,3805445290,R,2064128038,R,1009591266,R,779312795,R,962004457,R,499901201,R,462103256,R,1741317252,R,205832933,R,1916317110,R,919850280,R,189100000,R,0,R,3231100323,R,1509200307,R,2849608364,R,2833402151,R,-85674962,R,-69468749,R,1810786001,R,0,R,1741317252,R,7474490,R,3386709,R,16296790,R,0,R,11935664,R,204826725,R,243920378,R,207937439,R,14310662,R,222248101,R,517153816,R,517153816,Z,0,Z,0,Z,0,Z,0,Z,0,Z,0,R,16000000,R,16000000,Z,0,Z,0,Z,0,Z,0,Z,0,Z,0,R,228488093,R,228488093,R,0,R,0,R,27021991,R,27021991,Z,0,Z,0,R,162484122,R,162484122,Z,0,Z,0,R,246816885,R,145834134,R,77630810,R,23351941,R,173615799,R,72633048,R,77630810,R,23351941,R,73201086,R,73201086,R,0,R,0,Z,0,Z,0,Z,0,Z,0,R,-50224615,R,8177601,R,-55488588,R,-2913628,R,4790866,R,4790866,R,118456227,R,118456227,R,1137863996,R,1137863996,R,0,R,0,Z,0,Z,0,R,440756983,R,440756983,R,0,R,0,R,2849608364,R,2807027829,R,22142222,R,20438313,R,0,R,33787726,R,-34795924,R,1008198,R,2849608364,R,2840815555,R,-12653702,R,21446511,R,516995412,R,297427298,R,219800057,R,106561433,R,138634528,R,96753555,R,139796724,R,71940198,R,50009435,R,20743639,R,204828561,R,88239779,R,187092092,R,35854742,Z,0,R,826964574,R,253241180,Z,0,Z,0,R,549280768,R,347641324,R,2833402151,R,1318403148,R,377325589,R,124574651,R,136498783,R,39675844,R,836924136,1,R,887329315,R,844642514
81,170976,University of Michigan,Public,Ann Arbor,MI,,,,,,,,,,,,,,,,,,,,,,,,,,,,,,,,,,,,,,,,,,,,,,,,,,,,,,,,,,,,,,,,,,,,,,,,,,,,,,,,,,,,,,,,,,,,,,,,,,,,,,,,,,,,,,,,,,,,,,,,,,,,,,,,,,,,,,,,,,,,,,,,,,,,,,,,,,,,,,,,,,,,,,,,,,,,,,,,,,,,,,,,,,,,,,,,,,,,,,,,,,,,,,,,,,,,,,,,,,,,,,,,,,,,,,,,,,,,,,,,,,,,,,,,,,,,,,,,,,,,,,,,,,,,,,,,,,,,,,,
82,174066,University of Minnesota,Public,Minneapolis,MN,,,,,,,,,,,,,,,,,,,,,,,,,,,,,,,,,,,,,,,,,,,,,,,,,,,,,,,,,,,,,,,,,,,,,,,,,,,,,,,,,,,,,,,,,,,,,,,,,,,,,,,,,,,,,,,,,,,,,,,,,,,,,,,,,,,,,,,,,,,,,,,,,,,,,,,,,,,,,,,,,,,,,,,,,,,,,,,,,,,,,,,,,,,,,,,,,,,,,,,,,,,,,,,,,,,,,,,,,,,,,,,,,,,,,,,,,,,,,,,,,,,,,,,,,,,,,,,,,,,,,,,,,,,,,,,,,,,,,,,
83,176017,University of Mississippi,Public,Oxford,MS,,,,,,,,,,,,,,,,,,,,,,,,,,,,,,,,,,,,,,,,,,,,,,,,,,,,,,,,,,,,,,,,,,,,,,,,,,,,,,,,,,,,,,,,,,,,,,,,,,,,,,,,,,,,,,,,,,,,,,,,,,,,,,,,,,,,,,,,,,,,,,,,,,,,,,,,,,,,,,,,,,,,,,,,,,,,,,,,,,,,,,,,,,,,,,,,,,,,,,,,,,,,,,,,,,,,,,,,,,,,,,,,,,,,,,,,,,,,,,,,,,,,,,,,,,,,,,,,,,,,,,,,,,,,,,,,,,,,,,,
84,178396,University of Missouri,Public,Columbia,MO,,,,,,,,,,,,,,,,,,,,,,,,,,,,,,,,,,,,,,,,,,,,,,,,,,,,,,,,,,,,,,,,,,,,,,,,,,,,,,,,,,,,,,,,,,,,,,,,,,,,,,,,,,,,,,,,,,,,,,,,,,,,,,,,,,,,,,,,,,,,,,,,,,,,,,,,,,,,,,,,,,,,,,,,,,,,,,,,,,,,,,,,,,,,,,,,,,,,,,,,,,,,,,,,,,,,,,,,,,,,,,,,,,,,,,,,,,,,,,,,,,,,,,,,,,,,,,,,,,,,,,,,,,,,,,,,,,,,,,,
85,181464,University of Nebraska-Lincoln,Public,Lincoln,NE,,,,,,,,,,,,,,,,,,,,,,,,,,,,,,,,,,,,,,,,,,,,,,,,,,,,,,,,,,,,,,,,,,,,,,,,,,,,,,,,,,,,,,,,,,,,,,,,,,,,,,,,,,,,,,,,,,,,,,,,,,,,,,,,,,,,,,,,,,,,,,,,,,,,,,,,,,,,,,,,,,,,,,,,,,,,,,,,,,,,,,,,,,,,,,,,,,,,,,,,,,,,,,,,,,,,,,,,,,,,,,,,,,,,,,,,,,,,,,,,,,,,,,,,,,,,,,,,,,,,,,,,,,,,,,,,,,,,,,,
86,187985,University of New Mexico,Public,Albuquerque,NM,,,,,,,,,,,,,,,,,,,,,,,,,,,,,,,,,,,,,,,,,,,,,,,,,,,,,,,,,,,,,,,,,,,,,,,,,,,,,,,,,,,,,,,,,,,,,,,,,,,,,,,,,,,,,,,,,,,,,,,,,,,,,,,,,,,,,,,,,,,,,,,,,,,,,,,,,,,,,,,,,,,,,,,,,,,,,,,,,,,,,,,,,,,,,,,,,,,,,,,,,,,,,,,,,,,,,,,,,,,,,,,,,,,,,,,,,,,,,,,,,,,,,,,,,,,,,,,,,,,,,,,,,,,,,,,,,,,,,,,
87,199120,University of North Carolina at Chapel Hill,Public,Chapel Hill,NC,,,,,,,,,,,,,,,,,,,,,,,,,,,,,,,,,,,,,,,,,,,,,,,,,,,,,,,,,,,,,,,,,,,,,,,,,,,,,,,,,,,,,,,,,,,,,,,,,,,,,,,,,,,,,,,,,,,,,,,,,,,,,,,,,,,,,,,,,,,,,,,,,,,,,,,,,,,,,,,,,,,,,,,,,,,,,,,,,,,,,,,,,,,,,,,,,,,,,,,,,,,,,,,,,,,,,,,,,,,,,,,,,,,,,,,,,,,,,,,,,,,,,,,,,,,,,,,,,,,,,,,,,,,,,,,,,,,,,,,
88,227216,University of North Texas,Public,Denton,TX,,,,,,,,,,,,,,,,,,,,,,,,,,,,,,,,,,,,,,,,,,,,,,,,,,,,,,,,,,,,,,,,,,,,,,,,,,,,,,,,,,,,,,,,,,,,,,,,,,,,,,,,,,,,,,,,,,,,,,,,,,,,,,,,,,,,,,,,,,,,,,,,,,,,,,,,,,,,,,,,,,,,,,,,,,,,,,,,,,,,,,,,,,,,,,,,,,,,,,,,,,,,,,,,,,,,,,,,,,,,,,,,,,,,,,,,,,,,,,,,,,,,,,,,,,,,,,,,,,,,,,,,,,,,,,,,,,,,,,,
89,152080,University of Notre Dame,Private (Non-profit),Notre Dame,IN,R,10639675000,R,1808048000,R,6455000,R,13255649000,R,2665639000,R,222608000,R,4509288000,R,6080722000,R,2136233000,R,3944489000,R,10590010000,R,157006000,R,1636239000,R,285334000,R,463595000,Z,0,R,2542174000,R,734126000,R,1135750000,R,1109511000,R,-111038000,R,-84799000,R,10674809000,R,0,R,10590010000,R,3770000,R,11357000,R,366000,Z,0,R,100925000,R,175958000,R,292376000,R,263849000,R,4751000,R,268600000,R,306742000,R,306742000,Z,0,Z,0,Z,0,Z,0,Z,0,Z,0,Z,0,Z,0,Z,0,Z,0,Z,0,Z,0,Z,0,Z,0,R,94036000,R,94036000,R,0,R,0,R,942000,R,942000,Z,0,Z,0,Z,0,Z,0,Z,0,Z,0,R,484888000,R,102196000,R,103360000,R,279332000,R,452714000,R,70022000,R,103360000,R,279332000,R,32174000,R,32174000,R,0,R,0,Z,0,Z,0,Z,0,Z,0,R,-67567000,R,-43571000,R,-24967000,R,971000,R,2246000,R,2246000,R,261723000,R,261723000,Z,0,Z,0,Z,0,Z,0,Z,0,Z,0,R,52740000,R,52740000,R,0,R,0,R,1135750000,R,777054000,R,78393000,R,280303000,R,0,R,285896000,R,-285896000,Z,0,R,1135750000,R,1062950000,R,-207503000,R,280303000,R,359447000,R,210469185,R,123725000,R,44652177,R,29133000,R,8440559,R,106202000,R,42150000,R,52903000,R,21086179,R,209803000,R,85618856,R,226468000,R,64297593,R,1830000,Z,0,Z,0,Z,0,Z,0,R,0,R,0,R,1109511000,R,476714549,R,145865609,R,81058525,R,63798712,R,33430608,R,308642997,1,R,8784381000,R,8748266000
90,207500,University of Oklahoma,Public,Norman,OK,,,,,,,,,,,,,,,,,,,,,,,,,,,,,,,,,,,,,,,,,,,,,,,,,,,,,,,,,,,,,,,,,,,,,,,,,,,,,,,,,,,,,,,,,,,,,,,,,,,,,,,,,,,,,,,,,,,,,,,,,,,,,,,,,,,,,,,,,,,,,,,,,,,,,,,,,,,,,,,,,,,,,,,,,,,,,,,,,,,,,,,,,,,,,,,,,,,,,,,,,,,,,,,,,,,,,,,,,,,,,,,,,,,,,,,,,,,,,,,,,,,,,,,,,,,,,,,,,,,,,,,,,,,,,,,,,,,,,,,
91,209551,University of Oregon,Public,Eugene,OR,,,,,,,,,,,,,,,,,,,,,,,,,,,,,,,,,,,,,,,,,,,,,,,,,,,,,,,,,,,,,,,,,,,,,,,,,,,,,,,,,,,,,,,,,,,,,,,,,,,,,,,,,,,,,,,,,,,,,,,,,,,,,,,,,,,,,,,,,,,,,,,,,,,,,,,,,,,,,,,,,,,,,,,,,,,,,,,,,,,,,,,,,,,,,,,,,,,,,,,,,,,,,,,,,,,,,,,,,,,,,,,,,,,,,,,,,,,,,,,,,,,,,,,,,,,,,,,,,,,,,,,,,,,,,,,,,,,,,,,
92,215062,University of Pennsylvania,Private (Non-profit),Philadelphia,PA,R,12452410000,R,6202907000,R,29888000,R,21373983000,R,6861394000,R,2560454000,R,8447469000,R,6065120000,R,3435391000,R,2629729000,R,14512589000,R,369758000,R,8129199000,R,2202886000,R,653532000,R,0,R,11355375000,R,5152468000,R,9487790000,R,8139987000,R,-326234000,R,1021569000,R,13491020000,R,0,R,14512589000,R,6967000,R,14226000,R,428000,R,17000,R,89278000,R,211451000,R,322367000,R,322367000,R,0,R,322367000,R,903076000,R,903076000,R,0,R,0,R,0,R,0,R,0,R,0,R,32927000,R,32927000,R,0,R,0,R,0,R,0,R,0,R,0,R,680635000,R,680635000,R,0,R,0,R,12503000,R,12503000,R,0,R,0,R,1852000,R,1852000,R,0,R,0,R,1888566000,R,1549462000,R,202633000,R,136471000,R,1679219000,R,1340115000,R,202633000,R,136471000,R,209347000,R,209347000,R,0,R,0,R,0,R,0,R,0,R,0,R,-126856000,R,-31834000,R,-82844000,R,-12178000,R,577691000,R,577691000,R,118629000,R,118629000,R,5319743000,R,5319743000,R,79024000,R,79024000,R,0,R,0,R,0,R,0,R,0,R,0,R,9487790000,R,9243708000,R,119789000,R,124293000,R,0,R,516775000,R,-516775000,Z,0,R,9487790000,R,9760483000,R,-396986000,R,124293000,R,1187597000,R,588223000,R,700565000,R,295834000,R,36340000,R,12728000,R,833428000,R,642871000,R,86629000,R,37376000,R,282079000,R,159231000,R,141315000,R,25901000,R,0,R,4649085000,R,1837702000,R,70040000,R,5571000,R,152909000,R,0,R,8139987000,R,3605437000,R,1023683000,R,152909000,R,452748000,R,76657000,R,2828553000,1,R,10133569000,R,10715364000
93,215293,University of Pittsburgh,Public,Pittsburgh,PA,R,3546457502,R,1774064792,R,0,R,6229559095,R,2041886499,R,948949288,R,2764269173,R,1423403423,R,708665391,R,714738032,R,4187672596,R,132393543,R,2977584358,R,1048435612,R,93484291,R,0,R,4251897804,R,2477833012,R,1886148285,R,2001138245,R,-97777278,R,-212767238,R,4400439834,R,0,R,4187672596,R,22241638,R,8268904,R,0,R,6728,R,13054435,R,144174227,R,187745932,R,163668744,R,1835550,R,165504294,R,518070707,R,518070707,R,0,R,0,R,0,R,0,R,0,R,0,R,154335454,R,154335454,R,0,R,0,R,0,R,0,R,0,R,0,R,633592087,R,633592087,R,0,R,0,R,31952835,R,31952835,R,0,R,0,R,3403211,R,3403211,R,0,R,0,R,147884677,R,109653916,R,18852970,R,19377791,R,70808146,R,32577385,R,18852970,R,19377791,R,77076531,R,77076531,R,0,R,0,R,0,R,0,R,0,R,0,R,-118703337,R,-27663401,R,-93412913,R,2372977,R,185549243,R,185549243,R,117224395,R,117224395,R,0,R,0,R,0,R,0,R,0,R,0,R,100017015,R,100017015,R,0,R,0,R,1773326287,R,1826135462,R,-74559943,R,21750768,R,0,R,13753268,R,-13753268,R,0,R,1773326287,R,1839888730,R,-88313211,R,21750768,R,523127619,R,302441008,R,675691996,R,268239379,R,83895221,R,36665528,R,234379266,R,88158818,R,136243033,R,48511236,R,128918318,R,78728765,R,114758336,R,14177969,R,0,R,0,R,0,R,0,R,0,R,0,R,0,R,1897013789,R,836922703,R,249228683,R,119403379,R,156357718,R,40794483,R,494306823,1,R,3565683530,R,3501943956
94,195030,University of Rochester,Private (Non-profit),Rochester,NY,R,2308446000,R,1991438000,R,9330000,R,5703327000,R,2522971000,R,1203573000,R,2072141000,R,1108215000,R,522052000,R,586163000,R,3180356000,R,80170000,R,2781836000,R,1477852000,R,131189000,R,46632000,R,4517679000,R,2526241000,R,3487753000,R,3650678000,R,-58375000,R,-221300000,R,3401656000,R,0,R,3180356000,R,5314194,R,624367,R,560561,R,0,R,12176026,R,176946779,R,195621927,R,189123000,R,0,R,189123000,R,269323000,R,269323000,Z,0,Z,0,Z,0,Z,0,Z,0,Z,0,R,1071430,R,1071430,Z,0,Z,0,R,130627,R,130627,Z,0,Z,0,R,263455628,R,263455628,R,0,R,0,R,10966741,R,10966741,Z,0,Z,0,R,3693165,R,3693165,Z,0,Z,0,R,169612599,R,116069599,R,38135000,R,15408000,R,78976000,R,25433000,R,38135000,R,15408000,R,90636599,R,90636599,R,0,R,0,Z,0,Z,0,Z,0,Z,0,R,-88632000,R,-33466000,R,-53488000,R,-1678000,R,14486000,R,14486000,R,117439000,R,117439000,R,2638925000,R,2638925000,Z,0,Z,0,Z,0,Z,0,R,87281810,R,87281810,R,0,R,0,R,3487753000,R,3489376000,R,-15353000,R,13730000,R,0,R,98429000,R,-98429000,Z,0,R,3487753000,R,3587805000,R,-113782000,R,13730000,R,401426000,R,196873845,R,294145000,R,118549724,R,17616000,R,10465184,R,60059000,R,48168804,R,64431000,R,22153954,R,111625000,R,111047915,R,115741000,R,22398835,R,0,R,2585635000,R,1184639527,R,0,R,0,R,0,R,0,R,3650678000,R,1714297788,R,518172980,R,128094888,R,206973659,R,45071964,R,1038066721,1,R,2050199000,R,1927498000
95,218663,University of South Carolina,Public,Columbia,SC,,,,,,,,,,,,,,,,,,,,,,,,,,,,,,,,,,,,,,,,,,,,,,,,,,,,,,,,,,,,,,,,,,,,,,,,,,,,,,,,,,,,,,,,,,,,,,,,,,,,,,,,,,,,,,,,,,,,,,,,,,,,,,,,,,,,,,,,,,,,,,,,,,,,,,,,,,,,,,,,,,,,,,,,,,,,,,,,,,,,,,,,,,,,,,,,,,,,,,,,,,,,,,,,,,,,,,,,,,,,,,,,,,,,,,,,,,,,,,,,,,,,,,,,,,,,,,,,,,,,,,,,,,,,,,,,,,,,,,,
96,137351,University of South Florida,Public,Tampa,FL,,,,,,,,,,,,,,,,,,,,,,,,,,,,,,,,,,,,,,,,,,,,,,,,,,,,,,,,,,,,,,,,,,,,,,,,,,,,,,,,,,,,,,,,,,,,,,,,,,,,,,,,,,,,,,,,,,,,,,,,,,,,,,,,,,,,,,,,,,,,,,,,,,,,,,,,,,,,,,,,,,,,,,,,,,,,,,,,,,,,,,,,,,,,,,,,,,,,,,,,,,,,,,,,,,,,,,,,,,,,,,,,,,,,,,,,,,,,,,,,,,,,,,,,,,,,,,,,,,,,,,,,,,,,,,,,,,,,,,,
97,123961,University of Southern California,Private (Non-profit),Los Angeles,CA,R,5315745000,R,3582465000,R,0,R,10634745000,R,2752323000,R,1343583000,R,3683990000,R,4198432000,R,2405839000,R,1792593000,R,7882422000,R,188139000,R,3785099000,R,960633000,R,802841000,R,0,R,5736712000,R,2154247000,R,4327563000,R,4179379000,R,9291000,R,157475000,R,7724947000,R,0,R,7882422000,R,19109647,R,0,R,0,R,0,R,68886000,R,414182000,R,502177647,R,483068000,R,0,R,483068000,R,1310151000,R,1310151000,R,0,R,0,R,0,R,0,R,0,R,0,R,0,R,0,R,0,R,0,R,0,R,0,R,0,R,0,R,356942000,R,356942000,R,0,R,0,R,31375000,R,31375000,R,0,R,0,R,16654000,R,16654000,R,0,R,0,R,634721000,R,379487000,R,93462000,R,161772000,R,604946000,R,349712000,R,93462000,R,161772000,R,29775000,R,29775000,R,0,R,0,R,0,R,0,R,0,R,0,R,-60410000,R,9929000,R,-63326000,R,-7013000,R,133901000,R,133901000,R,318525000,R,318525000,R,1147821000,R,1147821000,R,319515000,R,319515000,R,0,R,0,R,118368000,R,118368000,R,0,R,0,R,4327563000,R,4142668000,R,30136000,R,154759000,R,0,R,0,R,0,R,0,R,4327563000,R,4142668000,R,30136000,R,154759000,R,1878564000,R,1022289000,R,370828000,R,169769000,R,59307000,R,3938000,R,134014000,R,18869000,R,273276000,R,56473000,R,483786000,R,175739000,R,191107000,R,81975000,R,0,R,788497000,R,360487000,R,0,R,0,R,0,R,0,R,4179379000,R,1889539000,R,562505000,R,166516000,R,208069000,R,71921000,R,1280829000,1,R,4709511000,R,4608714000
98,221759,University of Tennessee,Public,Knoxville,TN,,,,,,,,,,,,,,,,,,,,,,,,,,,,,,,,,,,,,,,,,,,,,,,,,,,,,,,,,,,,,,,,,,,,,,,,,,,,,,,,,,,,,,,,,,,,,,,,,,,,,,,,,,,,,,,,,,,,,,,,,,,,,,,,,,,,,,,,,,,,,,,,,,,,,,,,,,,,,,,,,,,,,,,,,,,,,,,,,,,,,,,,,,,,,,,,,,,,,,,,,,,,,,,,,,,,,,,,,,,,,,,,,,,,,,,,,,,,,,,,,,,,,,,,,,,,,,,,,,,,,,,,,,,,,,,,,,,,,,,
99,228769,University of Texas at Arlington,Public,Arlington,TX,,,,,,,,,,,,,,,,,,,,,,,,,,,,,,,,,,,,,,,,,,,,,,,,,,,,,,,,,,,,,,,,,,,,,,,,,,,,,,,,,,,,,,,,,,,,,,,,,,,,,,,,,,,,,,,,,,,,,,,,,,,,,,,,,,,,,,,,,,,,,,,,,,,,,,,,,,,,,,,,,,,,,,,,,,,,,,,,,,,,,,,,,,,,,,,,,,,,,,,,,,,,,,,,,,,,,,,,,,,,,,,,,,,,,,,,,,,,,,,,,,,,,,,,,,,,,,,,,,,,,,,,,,,,,,,,,,,,,,,
100,228778,University of Texas at Austin,Public,Austin,TX,,,,,,,,,,,,,,,,,,,,,,,,,,,,,,,,,,,,,,,,,,,,,,,,,,,,,,,,,,,,,,,,,,,,,,,,,,,,,,,,,,,,,,,,,,,,,,,,,,,,,,,,,,,,,,,,,,,,,,,,,,,,,,,,,,,,,,,,,,,,,,,,,,,,,,,,,,,,,,,,,,,,,,,,,,,,,,,,,,,,,,,,,,,,,,,,,,,,,,,,,,,,,,,,,,,,,,,,,,,,,,,,,,,,,,,,,,,,,,,,,,,,,,,,,,,,,,,,,,,,,,,,,,,,,,,,,,,,,,,
101,228787,University of Texas at Dallas,Public,Richardson,TX,,,,,,,,,,,,,,,,,,,,,,,,,,,,,,,,,,,,,,,,,,,,,,,,,,,,,,,,,,,,,,,,,,,,,,,,,,,,,,,,,,,,,,,,,,,,,,,,,,,,,,,,,,,,,,,,,,,,,,,,,,,,,,,,,,,,,,,,,,,,,,,,,,,,,,,,,,,,,,,,,,,,,,,,,,,,,,,,,,,,,,,,,,,,,,,,,,,,,,,,,,,,,,,,,,,,,,,,,,,,,,,,,,,,,,,,,,,,,,,,,,,,,,,,,,,,,,,,,,,,,,,,,,,,,,,,,,,,,,,
102,230764,University of Utah,Public,Salt Lake City,UT,,,,,,,,,,,,,,,,,,,,,,,,,,,,,,,,,,,,,,,,,,,,,,,,,,,,,,,,,,,,,,,,,,,,,,,,,,,,,,,,,,,,,,,,,,,,,,,,,,,,,,,,,,,,,,,,,,,,,,,,,,,,,,,,,,,,,,,,,,,,,,,,,,,,,,,,,,,,,,,,,,,,,,,,,,,,,,,,,,,,,,,,,,,,,,,,,,,,,,,,,,,,,,,,,,,,,,,,,,,,,,,,,,,,,,,,,,,,,,,,,,,,,,,,,,,,,,,,,,,,,,,,,,,,,,,,,,,,,,,
103,234076,University of Virginia,Public,Charlottesville,VA,,,,,,,,,,,,,,,,,,,,,,,,,,,,,,,,,,,,,,,,,,,,,,,,,,,,,,,,,,,,,,,,,,,,,,,,,,,,,,,,,,,,,,,,,,,,,,,,,,,,,,,,,,,,,,,,,,,,,,,,,,,,,,,,,,,,,,,,,,,,,,,,,,,,,,,,,,,,,,,,,,,,,,,,,,,,,,,,,,,,,,,,,,,,,,,,,,,,,,,,,,,,,,,,,,,,,,,,,,,,,,,,,,,,,,,,,,,,,,,,,,,,,,,,,,,,,,,,,,,,,,,,,,,,,,,,,,,,,,,
104,236948,University of Washington,Public,Seattle,WA,,,,,,,,,,,,,,,,,,,,,,,,,,,,,,,,,,,,,,,,,,,,,,,,,,,,,,,,,,,,,,,,,,,,,,,,,,,,,,,,,,,,,,,,,,,,,,,,,,,,,,,,,,,,,,,,,,,,,,,,,,,,,,,,,,,,,,,,,,,,,,,,,,,,,,,,,,,,,,,,,,,,,,,,,,,,,,,,,,,,,,,,,,,,,,,,,,,,,,,,,,,,,,,,,,,,,,,,,,,,,,,,,,,,,,,,,,,,,,,,,,,,,,,,,,,,,,,,,,,,,,,,,,,,,,,,,,,,,,,
105,240444,"University of Wisconsin, Madison",Public,Madison,WI,,,,,,,,,,,,,,,,,,,,,,,,,,,,,,,,,,,,,,,,,,,,,,,,,,,,,,,,,,,,,,,,,,,,,,,,,,,,,,,,,,,,,,,,,,,,,,,,,,,,,,,,,,,,,,,,,,,,,,,,,,,,,,,,,,,,,,,,,,,,,,,,,,,,,,,,,,,,,,,,,,,,,,,,,,,,,,,,,,,,,,,,,,,,,,,,,,,,,,,,,,,,,,,,,,,,,,,,,,,,,,,,,,,,,,,,,,,,,,,,,,,,,,,,,,,,,,,,,,,,,,,,,,,,,,,,,,,,,,,
106,240453,"University of Wisconsin, Milwaukee",Public,Milwaukee,WI,,,,,,,,,,,,,,,,,,,,,,,,,,,,,,,,,,,,,,,,,,,,,,,,,,,,,,,,,,,,,,,,,,,,,,,,,,,,,,,,,,,,,,,,,,,,,,,,,,,,,,,,,,,,,,,,,,,,,,,,,,,,,,,,,,,,,,,,,,,,,,,,,,,,,,,,,,,,,,,,,,,,,,,,,,,,,,,,,,,,,,,,,,,,,,,,,,,,,,,,,,,,,,,,,,,,,,,,,,,,,,,,,,,,,,,,,,,,,,,,,,,,,,,,,,,,,,,,,,,,,,,,,,,,,,,,,,,,,,,
107,221999,Vanderbilt University,Private (Non-profit),Nashville,TN,R,4046685606,R,943983872,R,0,R,6355108733,R,949361350,R,222754711,R,2898045880,R,2507701503,R,1283567799,R,1224133704,R,5405747383,R,131786733,R,1294137935,R,348594938,R,121830934,R,0,R,1896350540,R,952366668,R,876797073,R,1129553261,R,-316505624,R,-569261812,R,5975009195,R,0,R,5405747383,R,3955021,R,9674663,R,2667570,R,0,R,48258797,R,188426840,R,252982891,R,215563382,R,33464488,R,249027870,R,279766781,R,279766781,Z,0,Z,0,R,0,R,0,Z,0,Z,0,R,0,R,0,Z,0,Z,0,R,0,R,0,Z,0,Z,0,R,193723074,R,193723074,R,0,R,0,R,3034096,R,3034096,Z,0,Z,0,R,1509973,R,1509973,Z,0,Z,0,R,156281537,R,54157045,R,30099229,R,72025263,R,120304268,R,18179776,R,30099229,R,72025263,R,35977269,R,35977269,R,0,R,0,R,0,R,0,Z,0,Z,0,R,-215062449,R,-56800842,R,-141033644,R,-17227963,R,10935627,R,10935627,R,395024331,R,395024331,R,0,R,0,R,0,R,0,Z,0,Z,0,R,51584103,R,51584103,R,0,R,0,R,876797073,R,932934188,R,-110934415,R,54797300,R,0,R,94221857,R,-94221857,R,0,R,876797073,R,1027156045,R,-205156272,R,54797300,R,347600832,R,200020780,R,175340721,R,80459448,R,33855543,R,5408176,R,112874921,R,48547103,R,130720773,R,49027526,R,188496118,R,117877484,R,140664353,R,30061778,R,0,R,0,R,0,R,0,R,0,R,0,R,0,R,1129553261,R,531402295,R,112483574,R,112958705,R,76908872,R,14838974,R,280960841,1,R,4093388000,R,3795586000
108,234030,Virginia Commonwealth University,Public,Richmond,VA,,,,,,,,,,,,,,,,,,,,,,,,,,,,,,,,,,,,,,,,,,,,,,,,,,,,,,,,,,,,,,,,,,,,,,,,,,,,,,,,,,,,,,,,,,,,,,,,,,,,,,,,,,,,,,,,,,,,,,,,,,,,,,,,,,,,,,,,,,,,,,,,,,,,,,,,,,,,,,,,,,,,,,,,,,,,,,,,,,,,,,,,,,,,,,,,,,,,,,,,,,,,,,,,,,,,,,,,,,,,,,,,,,,,,,,,,,,,,,,,,,,,,,,,,,,,,,,,,,,,,,,,,,,,,,,,,,,,,,,
109,233921,Virginia Tech,Public,Blacksburg,VA,,,,,,,,,,,,,,,,,,,,,,,,,,,,,,,,,,,,,,,,,,,,,,,,,,,,,,,,,,,,,,,,,,,,,,,,,,,,,,,,,,,,,,,,,,,,,,,,,,,,,,,,,,,,,,,,,,,,,,,,,,,,,,,,,,,,,,,,,,,,,,,,,,,,,,,,,,,,,,,,,,,,,,,,,,,,,,,,,,,,,,,,,,,,,,,,,,,,,,,,,,,,,,,,,,,,,,,,,,,,,,,,,,,,,,,,,,,,,,,,,,,,,,,,,,,,,,,,,,,,,,,,,,,,,,,,,,,,,,,
110,236939,Washington State University,Public,Pullman,WA,,,,,,,,,,,,,,,,,,,,,,,,,,,,,,,,,,,,,,,,,,,,,,,,,,,,,,,,,,,,,,,,,,,,,,,,,,,,,,,,,,,,,,,,,,,,,,,,,,,,,,,,,,,,,,,,,,,,,,,,,,,,,,,,,,,,,,,,,,,,,,,,,,,,,,,,,,,,,,,,,,,,,,,,,,,,,,,,,,,,,,,,,,,,,,,,,,,,,,,,,,,,,,,,,,,,,,,,,,,,,,,,,,,,,,,,,,,,,,,,,,,,,,,,,,,,,,,,,,,,,,,,,,,,,,,,,,,,,,,
111,179867,Washington University in St. Louis,Private (Non-profit),Saint Louis,MO,R,7531314000,R,2278488000,R,0,R,11081059000,R,2336278000,R,1616356000,R,4337246000,R,4407535000,R,1708233000,R,2699302000,R,8744781000,R,137906000,R,3506817000,R,493997000,R,274644000,R,0,R,4413364000,R,2134876000,R,2424813000,R,2719577000,R,-9122000,R,-303886000,R,9048667000,R,0,R,8744781000,R,2549979,R,22092930,R,1371243,R,0,R,48507672,R,239860525,R,314382349,R,221217526,R,0,R,221217526,R,380670000,R,380670000,Z,0,Z,0,Z,0,Z,0,Z,0,Z,0,Z,0,Z,0,Z,0,Z,0,Z,0,Z,0,Z,0,Z,0,R,468797807,R,468797807,R,0,R,0,R,5132605,R,5132605,Z,0,Z,0,R,854098,R,854098,Z,0,Z,0,R,299436490,R,91380490,R,108080000,R,99976000,R,261027000,R,52971000,R,108080000,R,99976000,R,38409490,R,38409490,R,0,R,0,Z,0,Z,0,Z,0,Z,0,R,-256188000,R,74993000,R,-329583000,R,-1598000,R,164232000,R,164232000,R,106270000,R,106270000,R,0,R,0,Z,0,Z,0,Z,0,Z,0,R,1255608000,R,1255608000,R,0,R,0,R,2424813000,R,2547938000,R,-221503000,R,98378000,R,0,R,101500000,R,-101500000,Z,0,R,2424813000,R,2649438000,R,-323003000,R,98378000,R,1704956000,R,811437000,R,474337000,R,210262000,R,30416000,R,17817000,R,175261000,R,85920000,R,82444000,R,26052000,R,139263000,R,64646000,R,112900000,R,11614000,Z,0,Z,0,R,0,Z,0,R,0,R,0,R,0,R,2719577000,R,1227748000,R,292135000,R,116018000,R,170443000,R,52311000,R,860922000,1,R,6889230000,R,6526726000
112,172644,Wayne State University,Public,Detroit,MI,,,,,,,,,,,,,,,,,,,,,,,,,,,,,,,,,,,,,,,,,,,,,,,,,,,,,,,,,,,,,,,,,,,,,,,,,,,,,,,,,,,,,,,,,,,,,,,,,,,,,,,,,,,,,,,,,,,,,,,,,,,,,,,,,,,,,,,,,,,,,,,,,,,,,,,,,,,,,,,,,,,,,,,,,,,,,,,,,,,,,,,,,,,,,,,,,,,,,,,,,,,,,,,,,,,,,,,,,,,,,,,,,,,,,,,,,,,,,,,,,,,,,,,,,,,,,,,,,,,,,,,,,,,,,,,,,,,,,,,
113,238032,West Virginia University,Public,Morgantown,WV,,,,,,,,,,,,,,,,,,,,,,,,,,,,,,,,,,,,,,,,,,,,,,,,,,,,,,,,,,,,,,,,,,,,,,,,,,,,,,,,,,,,,,,,,,,,,,,,,,,,,,,,,,,,,,,,,,,,,,,,,,,,,,,,,,,,,,,,,,,,,,,,,,,,,,,,,,,,,,,,,,,,,,,,,,,,,,,,,,,,,,,,,,,,,,,,,,,,,,,,,,,,,,,,,,,,,,,,,,,,,,,,,,,,,,,,,,,,,,,,,,,,,,,,,,,,,,,,,,,,,,,,,,,,,,,,,,,,,,,
114,130794,Yale University,Private (Non-profit),New Haven,CT,R,30910832000,R,4779419000,R,0,R,36957254000,R,10418822000,R,3533672000,R,4017264000,R,22521168000,R,3664811000,R,18856357000,R,26538432000,R,135249000,R,5891011000,R,590745000,R,608010000,R,50058000,R,7275073000,R,2495654000,R,2871306441,R,3364206000,R,-353841441,R,-846741000,R,27385173000,R,0,R,26538432000,R,3477713,R,29791550,R,626635,R,0,R,195710393,R,146525171,R,376131462,R,280640947,R,0,R,280640947,R,244114395,R,244114395,Z,0,Z,0,Z,0,Z,0,Z,0,Z,0,Z,0,Z,0,Z,0,Z,0,Z,0,Z,0,Z,0,Z,0,R,533671402,R,533671402,R,0,R,0,R,34352017,R,34352017,Z,0,Z,0,Z,0,Z,0,Z,0,Z,0,R,586227450,R,181901450,R,250013000,R,154313000,R,434726000,R,30400000,R,250013000,R,154313000,R,151501450,R,151501450,R,0,R,0,Z,0,Z,0,Z,0,Z,0,R,395005971,R,-82544706,R,472146000,R,5404677,R,853561000,R,853561000,Z,0,Z,0,Z,0,Z,0,Z,0,Z,0,Z,0,Z,0,R,224374206,R,223924206,R,450000,R,0,R,2871306441,R,1988979764,R,722609000,R,159717677,R,0,R,957565000,R,-957565000,Z,0,R,2871306441,R,2946544764,R,-234956000,R,159717677,R,1608364707,R,963542368,R,462593925,R,188154560,R,56098666,R,10779943,R,327689464,R,143274285,R,240272772,R,74435458,R,234353035,R,101341983,R,0,R,0,R,95490515,R,0,R,0,R,0,Z,0,R,339342916,R,95423961,R,3364206000,R,1576952558,R,544961000,R,339342916,R,260596192,R,70542650,R,571810684,1,R,25542983000,R,25413149000