UNITID,TUITION1,TUITION2
100654,8130,8130
100663,8040,8040
100690,9000,9000
100706,8996,8996
100724,6936,6936
100751,10470,10470
100760,3510,3510
100812,5730,5730
100830,8880,8880
100858,9072,9072
100937,33200,33200
101028,3510,3510
101073,9920,9920
101116,17210,17210
101143,3510,3510
101161,3510,3510
101189,18320,18320
101240,3510,3510
101286,3510,3510
101295,3510,3510
101301,3510,3510
101365,12560,12560
101435,23237,23237
101453,8952,8952
101462,3510,3510
101471,4212,4212
101480,9000,9000
101499,3510,3510
101505,3510,3510
101514,3510,3510
101541,16248,16248
101569,3510,3510
101587,7286,7286
101602,3510,3510
101648,6000,6000
101675,10632,10632
101693,20200,20200
101709,11370,11370
101736,3510,3510
101879,6336,6336
101897,3510,3510
101912,15714,15714
101949,3510,3510
101958,9450,9450
101994,3510,3510
102030,3510,3510
102049,28552,28552
102058,5491,5491
102067,3510,3510
102076,3510,3510
102094,7248,7248
102234,33634,33634
102261,11340,11340
102270,9548,9548
102298,11192,11192
102313,3510,3510
102368,7224,7224
102377,18560,18560
102395,14220,14220
102429,3510,3510
102553,5936,5936
102580,9000,9000
102614,5936,5936
102632,5936,5936
102669,19900,19900
102845,21004,21004
103778,.,.
103945,18021,18021
104151,9684,9684
104160,1920,1920
104179,10160,10160
104188,22944,22944
104346,2520,2520
104364,12708,12708
104425,1896,1896
104577,2400,2400
104586,32592,32592
104665,.,.
104708,2064,2064
104717,16385,16385
105145,2064,2064
105154,2064,2064
105206,2430,2430
105297,660,660
105330,8698,8698
105349,1680,1680
105367,11880,11880
105428,2064,2064
105525,1884,1884
105589,27528,27528
105668,2064,2064
105747,2064,2064
105792,2064,2064
105899,22986,22986
106102,6000,6000
106148,2280,2280
106245,6495,6495
106263,6300,6300
106306,8760,8760
106342,26050,26050
106397,7204,7204
106412,4710,4710
106449,2352,2352
106458,6060,6060
106467,5256,5256
106485,4650,4650
106546,8104,8104
106625,2136,2136
106704,6223,6223
106713,13500,13500
106795,2055,2445
106810,10500,10500
106829,1350,1350
106883,2520,2820
106980,2640,2940
106999,1680,1980
107044,17940,17940
107071,6420,6450
107080,42090,42090
107141,24218,24218
107318,2160,2160
107327,1876,2156
107460,1632,2208
107488,1890,1890
107512,24400,24400
107521,2790,2790
107549,2112,2112
107558,23750,23750
107585,2610,2850
107600,11804,11804
107619,2100,2490
107637,2640,2640
107664,3900,3900
107725,1920,2130
107743,1848,2184
107840,4104,4104
107877,16200,16200
107974,1992,2304
107983,6690,6690
107992,3240,3240
108092,3840,3840
108232,20952,20952
108269,.,.
108667,1104,1104
108807,1288,1288
108852,32440,32440
108861,.,.
108870,.,.
109086,27600,27600
109208,0,0
109350,1104,1104
109651,40046,40046
109785,35540,35540
109819,1288,1288
109907,1104,1104
110060,7250,7250
110097,36696,36696
110219,10962,10962
110246,1104,1104
110307,.,.
110316,27987,27987
110334,1288,1288
110361,29562,29562
110370,44976,44976
110398,.,.
110404,45846,45846
110413,39310,39310
110422,5472,5472
110468,18703,18703
110486,5472,5472
110495,5472,5472
110510,5472,5472
110529,5472,5472
110538,5472,5472
110547,5472,5472
110556,5472,5472
110565,5472,5472
110574,5472,5472
110583,5472,5472
110592,5472,5472
110608,5472,5472
110617,5472,5472
110635,11220,11220
110644,11220,11220
110653,11220,11220
110662,11220,11220
110671,11220,11220
110680,11220,11220
110699,.,.
110705,11220,11220
110714,11220,11220
110778,21360,21360
110918,8400,8400
111009,13254,13254
111081,45030,45030
111188,5472,5472
111391,.,.
111434,1288,1288
111461,1104,1104
111887,1288,1288
111896,1288,1288
111920,0,0
111939,1104,1104
111948,48310,48310
111966,11717,11717
112075,32130,32130
112084,20635,20635
112127,.,.
112172,1104,1104
112190,0,0
112251,.,.
112260,50700,50700
112385,1104,1104
112394,18096,18096
112446,20700,20700
112525,.,.
112561,1104,1104
112570,20505,20505
112686,1104,1104
112826,1288,1288
113096,0,0
113111,1104,1104
113193,1196,1196
113218,1334,1334
113236,1104,1104
113333,1395,1395
113537,12600,12600
113573,1289,1289
113582,20776,20776
113634,1288,1288
113698,42950,42950
113704,.,.
113856,1220,1220
113980,1104,1104
114114,.,.
114266,1288,1288
114354,30575,30575
114390,30575,30575
114415,30575,30575
114433,0,0
114549,.,.
114585,.,.
114716,1395,1395
114734,.,.
114789,1104,1104
114813,28780,28780
114840,.,.
114859,1104,1104
114938,1104,1104
115001,1104,1104
115083,15120,15120
115126,1104,1104
115214,.,.
115296,1334,1334
115393,1400,1400
115409,52383,52383
115728,36574,36574
115746,.,.
115755,5472,5472
115773,14004,14004
115861,1104,1104
116226,17950,17950
116439,1104,1104
116712,23052,23052
116846,28992,28992
117052,1104,1104
117104,13488,13488
117113,18648,18648
117140,38266,38266
117168,28950,28950
117195,1209,1209
117247,1104,1104
117274,1104,1104
117520,.,.
117557,10200,10200
117575,13860,13860
117627,30600,30600
117636,30240,30240
117645,1104,1104
117672,12248,12248
117690,1220,1220
117706,1220,1220
117715,1220,1220
117724,1220,1220
117733,1220,1220
117751,31550,31550
117788,1220,1220
117803,.,.
117867,1196,1196
117894,1288,1288
117928,18648,18648
117946,43526,43526
118347,1380,1380
118541,34134,34134
118684,1380,1380
118693,39250,39250
118718,1104,1104
118772,1104,1104
118888,44322,44322
118912,1104,1104
118930,1104,1104
118976,1104,1104
119058,38250,38250
119067,1104,1104
119137,1338,1338
119164,1288,1288
119173,36682,36682
119216,1380,1380
119270,23985,23985
119331,1104,1104
119605,13016,13016
119678,.,.
119775,25938,25938
120184,33018,33018
120254,50492,50492
120290,1104,1104
120342,1104,1104
120403,41100,41100
120421,1338,1338
120537,29500,29500
120698,17112,17112
120768,21090,21090
120795,.,.
120838,15465,15465
120865,27999,27999
120883,44068,44068
120953,1380,1380
120971,1288,1288
121044,1288,1288
121150,49770,49770
121257,50160,50160
121275,25120,25120
121309,32900,32900
121345,49005,49005
121363,1288,1288
121619,1104,1104
121628,.,.
121691,46220,46220
121707,1104,1104
121886,1288,1288
121901,1380,1380
121983,13056,13056
122117,6850,6850
122126,.,.
122180,0,0
122205,1288,1288
122296,57622,57622
122339,1101,1104
122366,15750,15750
122375,1104,1104
122384,1104,1104
122409,5472,5472
122436,45540,45540
122454,42220,42220
122506,42400,42400
122597,5472,5472
122603,.,.
122612,44040,44040
122649,.,.
122658,1104,1104
122728,28300,28300
122746,1288,1288
122755,5472,5472
122791,1344,1344
122834,14335,14335
122852,14405,14405
122889,1380,1380
122931,47112,47112
122977,1104,1104
123013,1280,1280
123095,.,.
123165,50766,50766
123217,1288,1288
123280,11200,11200
123299,1104,1104
123341,1104,1104
123396,11000,11000
123448,.,.
123457,25950,25950
123484,1104,1104
123509,1380,1380
123527,0,0
123554,44210,44210
123563,1104,1104
123572,5472,5472
123633,7650,7650
123651,30980,30980
123800,1288,1288
123855,.,.
123916,.,.
123943,.,.
123952,41800,41800
123961,51442,51442
123970,.,.
124113,1134,1134
124283,.,.
124292,24500,24500
124487,8964,8964
125028,1338,1338
125037,.,.
125091,1104,1104
125170,1104,1104
125231,11700,11700
125462,1380,1380
125471,1220,1220
125499,1104,1104
125718,.,.
125727,41850,41850
125763,44184,44184
125897,36882,36882
126012,.,.
126030,.,.
126049,.,.
126076,13200,13200
126119,1124,1124
126182,5736,5736
126207,1617,2538
126289,3288,3288
126359,11963,11963
126401,11865,11865
126562,7536,7536
126580,6624,6624
126605,15480,15480
126614,9768,9768
126669,22360,22360
126678,50472,50472
126702,17532,17532
126711,1932,4068
126748,3286,3286
126775,15690,15690
126818,8716,8716
126827,10967,10967
126863,3286,3286
126872,18021,18021
126942,3285,3285
126979,.,.
127060,45288,45288
127185,6360,6360
127200,3288,3288
127273,.,.
127389,3288,3288
127556,7067,7067
127565,5693,5693
127617,3286,3286
127653,31000,31000
127680,12960,12960
127714,10800,10800
127732,4107,4107
127741,6906,6906
127778,3285,3285
127787,12360,12360
127820,3286,3286
127884,6216,6216
127909,3336,3336
127918,34100,34100
127945,15870,15870
128106,7269,7269
128151,2280,2280
128258,3286,3286
128328,.,.
128391,6312,6312
128498,30036,30036
128577,3720,3720
128586,7100,7100
128683,18780,18780
128726,12018,12018
128744,29550,29550
128771,5216,5216
128780,6888,6888
128902,50620,50620
129002,17220,17220
129020,11224,11224
129154,19500,19500
129215,5216,5216
129242,45350,45350
129367,3720,3720
129428,.,.
129491,.,.
129525,35036,35036
129534,7680,7680
129543,3720,3720
129695,3720,3720
129729,3720,3720
129756,3720,3720
129774,29890,29890
129808,3720,3720
129941,35700,35700
130004,3720,3720
130040,3720,3720
130110,15000,15000
130174,17220,17220
130183,15258,15258
130217,3720,3720
130226,41990,41990
130253,38050,38050
130314,35220,35220
130396,3720,3720
130448,15506,15506
130493,5216,5216
130581,.,.
130590,50350,50350
130606,3720,3720
130624,0,0
130697,50312,50312
130776,5216,5216
130785,.,.
130794,49480,49480
130837,5400,5400
130907,3360,3360
130934,6702,6702
130943,11540,11540
130989,23400,23400
131098,25646,25646
131113,10620,10620
131159,44046,44046
131283,41800,41800
131399,4752,4752
131405,.,.
131450,15552,15552
131469,49718,49718
131496,49968,49968
131520,23419,23419
131803,14040,14040
131830,9600,9600
131876,22840,22840
131973,.,.
132338,17604,17604
132408,9900,9900
132471,28800,28800
132602,13440,13440
132657,34400,34400
132693,1892,1892
132709,1944,1944
132842,11628,11628
132851,1910,1910
132879,13200,13200
132903,4478,4478
132976,2809,2809
133021,2365,2365
133386,3071,3071
133465,17210,17210
133492,41192,41192
133508,2436,2436
133526,13325,13325
133553,32592,32592
133650,3152,3152
133669,2522,2522
133702,2203,2203
133711,17500,17500
133809,15670,15670
133872,12900,12900
133881,39696,39696
133951,4721,4721
133960,2483,2483
133979,12576,12576
134079,32450,32450
134097,4640,4640
134130,4477,4477
134149,12297,12297
134237,19153,19153
134343,1750,1750
134422,10785,10785
134495,1931,1931
134510,5600,5600
134608,2496,2496
134680,12430,12430
134811,17604,17604
134945,33930,33930
135063,7560,7560
135081,17488,17488
135160,2369,2369
135188,3172,3172
135364,6120,6120
135391,2365,2365
135522,2851,2851
135610,11760,11760
135717,1983,1983
135726,45600,45600
135939,15446,15446
136066,12800,12800
136145,2280,2280
136172,3853,3853
136215,27986,27986
136233,2486,2486
136288,10980,10980
136330,28100,28100
136358,2424,2424
136400,2297,2297
136473,2051,2051
136516,2483,2483
136701,.,.
136765,3888,3888
136774,39510,39510
136950,46520,46520
137032,20760,20760
137078,2428,2428
137096,1872,1872
137148,13056,13056
137209,2393,2393
137272,21000,21000
137281,2067,2067
137315,3135,3135
137351,4559,4559
137476,28800,28800
137546,42890,42890
137564,23160,23160
137759,2002,2002
137777,13000,13000
137801,12729,12729
137810,12729,12729
137847,25858,25858
137953,9990,9990
137962,14850,14850
138187,1984,1984
138275,20112,20112
138293,22770,22770
138309,9360,9360
138354,3735,3735
138558,2451,2451
138600,38232,38232
138655,9408,9408
138664,9240,9240
138682,2140,2140
138691,2184,2184
138716,3888,3888
138761,15770,15770
138789,3886,3886
138813,17496,17496
138840,2136,2136
138868,18100,18100
138901,2320,2320
138929,.,.
138947,19880,19880
138956,2136,2136
139010,2181,2181
139144,33330,33330
139153,9090,9090
139199,26760,26760
139205,15660,15660
139214,12450,12450
139250,2451,2451
139278,2136,2136
139287,9960,9960
139311,3886,3886
139348,.,.
139357,2136,2136
139366,4181,4181
139384,2136,2136
139393,31320,31320
139463,2452,2452
139579,16920,16920
139621,2181,2181
139630,18990,18990
139658,47300,47300
139700,2181,2181
139719,3886,3886
139746,6705,6705
139755,9812,9812
139764,3886,3886
139861,7180,7180
139931,4181,4181
139940,6846,6846
139959,9364,9364
139968,2451,2451
139986,2136,2136
139995,11700,11700
140003,9750,9750
140012,2136,2136
140146,.,.
140234,28160,28160
140243,2670,2670
140252,10170,10170
140331,2136,2136
140340,13000,13000
140447,34830,34830
140553,24565,24565
140562,.,.
140678,2136,2136
140696,35000,35000
140720,12705,12705
140818,23112,23112
140827,19400,19400
140872,20744,20744
140942,2136,2136
140951,35190,35190
140960,3886,3886
140988,21300,21300
141006,2136,2136
141015,16740,16740
141060,23626,23626
141167,15940,15940
141185,20714,20714
141237,17850,17850
141255,2136,2136
141264,4181,4181
141325,20750,20750
141334,4181,4181
141361,28012,28012
141486,23180,23180
141565,7200,7200
141574,10872,10872
141644,23160,23160
141680,3024,3024
141796,3024,3024
141802,3024,3024
141811,3024,3024
141839,3024,3204
141936,.,.
141981,7200,7200
141990,3024,3204
142090,11250,11250
142115,4872,4872
142179,2404,2404
142276,5243,5243
142285,5162,5162
142294,26670,26670
142328,6120,6120
142443,2328,3664
142461,28150,28150
142522,3920,3920
142559,3120,4120
142832,.,.
142887,31800,31800
142957,7500,7500
143048,44910,44910
143084,39621,39621
143118,22580,22580
143215,3270,11970
143233,.,.
143279,4410,7500
143288,20752,20752
143297,22900,22900
143358,31740,31740
143613,4340,6608
143659,.,.
143853,.,.
143978,.,.
144005,7056,7056
144014,.,.
144050,50997,50997
144157,3506,8126
144166,3506,8126
144175,3506,8126
144184,3506,8126
144193,3506,8126
144209,3506,8126
144218,3506,8126
144281,24590,24590
144351,29760,29760
144467,13596,13596
144564,3750,6825
144740,37020,37020
144865,3064,8674
144883,19500,19500
144892,8543,8543
144944,3000,10428
144962,35250,35250
144971,20880,20880
145239,15120,15120
145275,.,.
145336,8160,8160
145354,10205,10205
145372,25488,25488
145460,.,.
145497,16500,16500
145521,3096,5088
145558,.,.
145600,11696,11696
145619,30108,30108
145628,.,.
145637,14162,14162
145646,43940,43940
145682,4200,9000
145691,31110,31110
145707,2656,8589
145725,42989,42989
145770,13344,13344
145813,9827,9827
145831,3498,10286
145886,.,.
146010,14400,14400
146205,3360,4950
146241,.,.
146278,4170,7470
146296,2820,9578
146339,27850,27850
146348,3870,8902
146366,3990,7050
146393,18793,18793
146418,3870,7740
146427,42532,42532
146472,3136,8092
146481,43392,43392
146490,.,.
146506,3075,6899
146533,15050,15050
146603,2712,8136
146612,29950,29950
146667,13020,13020
146676,16700,16700
146685,2760,5520
146719,40052,40052
146728,.,.
146755,24302,24302
146816,12000,12000
146825,24390,24390
146977,.,.
147004,3120,10417
147013,27740,27740
147031,.,.
147129,19200,19200
147165,16230,16230
147244,31032,31032
147341,35300,35300
147369,9728,9728
147378,3570,8610
147396,14390,14390
147411,2816,6912
147536,12456,12456
147590,17472,17472
147660,36474,36474
147679,26840,26840
147697,.,.
147703,9314,9314
147749,17280,17280
147767,50424,50424
147776,7450,7450
147800,3451,9576
147828,32950,32950
147916,4095,10485
148007,3192,7992
148016,27480,27480
148131,25998,25998
148140,11699,11699
148177,17388,17388
148256,3300,5250
148292,3870,6060
148335,25800,25800
148380,3000,8310
148399,10776,10776
148405,29050,29050
148487,28119,28119
148496,31200,31200
148511,32142,32142
148575,18850,18850
148584,30520,30520
148593,18624,18624
148627,31220,31220
148654,9493,9493
148672,3108,8960
148821,3270,5100
148849,31000,31000
148876,9840,9840
148885,.,.
148937,2970,4920
148982,.,.
148991,3750,8640
149028,23492,23492
149222,8691,8691
149231,7218,7218
149310,14175,14175
149329,13500,13500
149365,4050,10253
149505,27200,27200
149514,29660,29660
149532,3390,8880
149639,25440,25440
149727,2832,7038
149763,25052,25052
149772,8596,8596
149781,34050,34050
149842,2862,9030
150048,14700,14700
150066,28500,28500
150136,8992,8992
150145,27040,27040
150163,37400,37400
150172,17300,17300
150215,.,.
150251,6300,12600
150288,.,.
150400,45660,45660
150455,44370,44370
150534,31782,31782
150604,29840,29840
150668,33200,33200
150677,22913,22913
150756,34744,34744
150774,27810,27810
150941,24554,24554
150987,4055,4055
151102,7169,7169
151111,8141,8141
151166,14400,14400
151263,26920,26920
151290,25940,25940
151306,7104,7104
151324,8546,8546
151333,6478,6478
151342,6478,6478
151351,9087,9087
151360,6478,6478
151379,6478,6478
151388,6478,6478
151458,13960,13960
151467,13920,13920
151616,11592,11592
151777,29650,29650
151786,31500,31500
151801,25346,25346
151810,12216,12216
151865,.,.
151944,11592,11592
151962,11100,11100
152080,49178,49178
152099,23400,23400
152248,6341,6341
152266,6251,6251
152318,43122,43122
152336,27030,27030
152363,28252,28252
152381,28932,28932
152390,38080,38080
152451,.,.
152497,18460,18460
152530,31232,31232
152567,30500,30500
152600,36280,36280
152637,5122,5122
152673,40400,40400
152798,16464,16464
152992,27684,27684
153001,32210,32210
153108,34612,34612
153126,29900,29900
153144,40670,40670
153162,39675,39675
153214,4410,4410
153241,12500,12500
153250,28630,28630
153269,35060,35060
153278,27400,27400
153296,3912,3912
153302,15730,15730
153311,4768,4768
153320,16274,16274
153366,26440,26440
153375,24794,24794
153384,48322,48322
153409,15327,15327
153418,15327,15327
153427,14250,14250
153445,4572,4572
153472,3960,3960
153524,5160,5160
153533,5344,5344
153542,3600,3600
153603,7098,7098
153621,22516,22516
153630,5024,5024
153658,7128,7128
153737,4620,4620
153825,30065,30065
153834,39760,39760
153861,27000,27000
153922,3912,3912
153977,16920,16920
154004,27620,27620
154013,29496,29496
154022,10632,10632
154059,4223,4223
154095,7092,7098
154101,29300,29300
154110,4480,4480
154129,4710,4710
154156,.,.
154174,8814,8814
154235,28870,28870
154262,18900,18900
154350,35209,35209
154378,5100,5100
154396,5100,5100
154493,28140,28140
154518,20160,20160
154527,37400,37400
154536,.,.
154572,3432,3432
154590,23780,23780
154642,1800,1800
154688,27600,27600
154697,2304,2304
154712,26730,26730
154721,26010,26010
154749,26680,26680
154767,11592,11592
154776,11592,11592
154794,13810,13810
154800,2010,2340
154837,8640,8640
154855,16000,16000
154907,2070,2220
154925,1120,1120
154934,1950,2100
154952,1705,2015
154998,900,1410
155007,7875,7875
155025,4893,4893
155052,4352,4352
155061,3789,3789
155070,12500,12500
155089,26550,26550
155098,1410,1500
155104,1824,1824
155140,0,0
155177,25382,25382
155186,1768,2218
155195,2368,2688
155201,1712,1904
155210,2310,2820
155292,2580,2580
155308,6600,6600
155317,9579,9579
155335,26416,26416
155399,9012,9012
155414,28000,28000
155423,5472,5472
155450,1470,1470
155487,4290,4290
155496,14496,14496
155511,25788,25788
155520,27650,27650
155566,2144,2144
155593,3996,3996
155627,26194,26194
155636,11880,11880
155681,5396,5396
155715,1888,1888
155812,25900,25900
155830,4531,4531
155858,1760,1888
155900,27100,27100
155937,23400,23400
155973,25700,25700
156082,7644,7644
156107,5649,5649
156125,6385,6385
156189,9600,9600
156213,28432,28432
156222,.,.
156231,3744,3744
156286,37850,37850
156295,24900,24900
156338,3744,3744
156356,20500,20500
156365,24096,24096
156392,3744,3744
156408,39300,39300
156417,6480,6480
156541,22640,22640
156620,8568,8568
156648,3744,3744
156727,.,.
156745,35650,35650
156790,3744,3744
156851,3744,3744
156860,3744,3744
156921,3744,3744
157021,14832,14832
157030,6900,6900
157058,7406,7406
157076,23350,23350
157085,10173,10173
157100,18150,18150
157207,.,.
157216,23520,23520
157270,19356,19356
157289,11068,11068
157298,.,.
157304,3744,3744
157331,3744,3744
157377,23100,23100
157386,8496,8496
157401,7296,7296
157438,3744,3744
157447,9000,9000
157465,15000,15000
157483,3744,3744
157535,19600,19600
157553,3744,3744
157599,11592,11592
157696,11592,11592
157711,3744,3744
157739,3744,3744
157748,17376,17376
157757,24338,24338
157766,19800,19800
157793,19200,19200
157809,28050,28050
157818,34370,34370
157863,23640,23640
157951,9912,9912
158088,3335,3335
158325,9100,9100
158334,9450,9450
158352,3237,3237
158431,3335,3335
158477,34935,34935
158662,3335,3335
158723,9590,9590
158802,15796,15796
158884,3335,3335
159009,5140,5140
159197,10425,10425
159373,7020,7020
159382,4894,4984
159391,8038,8038
159407,2868,2868
159416,5656,5656
159568,13800,13800
159647,6401,6401
159656,36938,36938
159717,5147,5147
159939,7150,7150
159948,6840,6840
159966,4922,4922
159993,5788,5788
160010,2202,2202
160029,21126,21126
160038,5180,5180
160065,11026,11026
160074,10907,10907
160409,14601,14601
160481,3335,3335
160524,15812,15812
160579,3335,3335
160612,5652,5652
160621,4973,4973
160630,4483,4483
160649,2618,2618
160658,5407,5407
160667,3214,3214
160755,47130,47130
160904,20594,20594
160913,2202,2202
160940,10620,10620
160959,42993,42993
160977,50310,50310
161004,49416,49416
161022,9380,9380
161077,2760,2760
161086,48820,48820
161138,2760,2760
161192,2760,2760
161208,20811,20811
161217,6510,6510
161226,8352,8352
161235,6600,6600
161244,6660,6660
161253,8370,8370
161299,10050,10050
161341,6600,6600
161457,34380,34380
161484,2760,2760
161509,32192,32192
161518,33600,33600
161545,2760,2760
161554,6578,6578
161563,24468,24468
161572,26370,26370
161581,2760,2760
161688,3510,6750
161767,3240,6240
161864,2296,2296
161873,6610,6610
162007,5321,5321
162061,23472,23472
162104,3210,5910
162122,2952,5112
162168,2880,4512
162210,21800,21800
162283,4380,4380
162557,2856,6216
162584,6340,6340
162609,2884,6300
162654,42600,42600
162681,13356,13356
162690,3042,4758
162706,2976,5064
162760,36000,36000
162779,3618,5859
162928,50410,50410
163046,45030,45030
163204,6816,6816
163259,8496,8496
163268,8204,8204
163286,8315,8315
163295,43760,43760
163338,5105,5105
163426,3660,7470
163453,5161,5161
163462,37700,37700
163532,11400,11400
163578,33785,33785
163657,2520,4632
163851,6846,6846
163912,11418,11418
163976,49758,49758
164076,6560,6560
164085,.,.
164155,.,.
164173,30884,30884
164216,42844,42844
164270,40580,40580
164313,2544,5688
164368,36450,36450
164438,10920,10920
164447,33140,33140
164465,51620,51620
164474,.,.
164492,33840,33840
164562,35510,35510
164580,48288,48288
164614,11400,11400
164632,32739,32739
164641,21720,21720
164720,33672,33672
164739,44210,44210
164748,40220,40220
164775,624,624
164872,22278,22278
164915,.,.
164924,50480,50480
164988,49176,49176
165015,49586,49586
165024,910,910
165033,576,576
165112,576,576
165167,14436,14436
165194,576,576
165264,33903,33903
165334,42800,42800
165495,.,.
165529,35740,35740
165574,36660,36660
165644,30250,30250
165662,41088,41088
165671,37280,37280
165699,30612,30612
165705,.,.
165802,28645,28645
165820,970,970
165866,970,970
165884,16950,16950
165936,34528,34528
165945,.,.
165981,624,624
166018,48810,48810
166027,43280,43280
166045,24780,24780
166054,21940,21940
166124,48295,48295
166133,4272,4272
166391,32300,32300
166407,25383,25383
166452,25500,25500
166489,37900,37900
166513,13932,13932
166629,14590,14590
166638,13110,13110
166647,576,576
166656,30600,30600
166674,12200,12200
166683,48140,48140
166692,1632,1632
166708,.,.
166717,.,.
166823,576,576
166850,36625,36625
166869,53200,53200
166887,576,576
166911,29500,29500
166939,45680,45680
166948,32300,32300
166957,600,600
167057,44300,44300
167093,.,.
167215,.,.
167224,24000,24000
167251,31990,31990
167260,33000,33000
167288,1030,1030
167312,600,600
167321,18540,18540
167358,46720,46720
167376,600,600
167394,31846,31846
167455,27860,27860
167464,.,.
167525,5280,5280
167534,576,576
167598,39040,39040
167631,624,624
167677,22650,22650
167729,910,910
167783,37500,37500
167792,50600,50600
167835,47620,47620
167899,34980,34980
167905,750,750
167987,12783,12783
167996,39900,39900
168005,35440,35440
168148,51304,51304
168218,48510,48510
168227,31840,31840
168254,32524,32524
168263,970,970
168281,48694,48694
168290,33600,33600
168342,51490,51490
168421,46364,46364
168430,970,970
168528,34040,34040
168546,40570,40570
168591,36890,36890
168607,5400,6855
168740,26790,26790
168786,29564,29564
168847,9000,9000
168883,3501,6006
169080,31730,31730
169099,.,.
169187,12730,12730
169220,.,.
169248,11745,11745
169275,3128,4404
169327,17500,17500
169363,27640,27640
169424,.,.
169442,39450,39450
169479,15936,15936
169521,2985,5100
169628,.,.
169655,14994,14994
169716,39882,39882
169734,19872,19872
169761,19872,19872
169798,9690,9690
169910,11144,11144
169974,2616,4128
169983,39790,39790
169992,3410,4836
170000,11890,11890
170037,26490,26490
170055,3330,7140
170082,11832,11832
170091,13650,13650
170240,2232,3864
170286,24670,24670
170301,31380,31380
170444,3240,4680
170532,44418,44418
170541,3000,5160
170550,3240,5251
170587,3270,4740
170620,2910,4500
170639,10824,10824
170657,2970,5940
170675,30420,30420
170790,3007,5580
170806,19500,19500
170842,21526,21526
170967,20500,20500
170976,14982,14982
171100,14880,14880
171128,15302,15302
171137,11310,11310
171146,9984,9984
171155,3626,6516
171225,3210,5580
171234,3150,5970
171304,4080,7600
171395,3240,5370
171456,9330,9330
171483,3111,6159
171492,23860,23860
171535,2640,5130
171571,12923,12923
171599,24670,24670
171881,19718,19718
172033,18646,18646
172051,8907,8907
172200,3060,4440
172264,24390,24390
172291,3689,6758
172307,3573,4658
172334,26130,26130
172422,6816,6816
172440,22253,22253
172477,.,.
172608,13200,13200
172617,2256,3720
172635,2570,2839
172644,11821,11821
172671,2304,3840
172699,10570,10570
172705,.,.
172866,17009,17009
172918,4768,4768
172954,4960,4960
172963,4305,4305
173045,35750,35750
173063,4888,4888
173115,5138,5138
173124,7360,7360
173142,25440,25440
173160,35010,35010
173179,.,.
173203,4773,4773
173258,50580,50580
173300,36650,36650
173328,21250,21250
173416,5018,5018
173452,13980,13980
173461,4373,4373
173489,17775,17775
173559,4824,4824
173629,14040,14040
173638,5094,5094
173647,42360,42360
173665,38100,38100
173683,.,.
173708,4654,4654
173735,4681,4681
173799,4722,4722
173805,4681,4681
173887,17318,17318
173896,.,.
173902,50418,50418
173911,4788,4788
173920,6904,6904
173957,.,.
173984,13056,13056
173993,4681,4681
174020,6563,6563
174066,12546,12546
174075,10180,10180
174118,14720,14720
174127,36098,36098
174136,4611,4611
174154,12560,12560
174233,11896,11896
174251,11896,11896
174279,14040,14040
174358,7136,7136
174376,3922,3922
174385,13428,13428
174394,12883,12883
174428,4800,4800
174437,21760,21760
174473,4900,4900
174491,29100,29100
174507,9696,9696
174525,16700,16700
174570,3639,3639
174604,4681,4681
174738,4874,4874
174747,41245,41245
174756,4720,4720
174783,6820,6820
174792,41016,41016
174817,32060,32060
174844,44180,44180
174862,24250,24250
174899,34764,34764
174914,38720,38720
175005,31042,31042
175014,9360,9360
175041,4802,4802
175078,7222,7222
175139,.,.
175157,4682,4682
175227,18946,18946
175236,4791,4791
175263,4969,4969
175272,7103,7103
175281,.,.
175315,4770,4770
175342,5269,5269
175421,22726,22726
175430,9518,9518
175519,2450,2450
175528,15980,15980
175573,2390,2390
175616,6298,6298
175643,2080,2080
175652,2400,2400
175786,2640,2640
175810,2230,2230
175829,2500,2500
175856,7141,7141
175883,2920,2920
175935,2300,2300
175980,34810,34810
176008,2620,2620
176017,7644,7644
176035,5965,5965
176044,6096,6096
176053,15800,15800
176071,2800,2800
176080,7780,7780
176169,2500,2500
176178,2800,2800
176239,2850,2850
176318,9500,9500
176336,4700,4700
176354,2480,2480
176372,7549,7549
176406,10130,10130
176451,.,.
176479,10800,10800
176600,.,.
176619,.,.
176628,26230,26230
176664,9936,9936
176770,9600,9600
176789,10500,10500
176910,7500,7500
176947,22280,22280
176965,6446,6446
177038,14400,14400
177065,7887,7887
177083,20506,20506
177092,.,.
177117,18400,18400
177126,.,.
177135,1968,3072
177144,24990,24990
177214,24750,24750
177250,1824,2664
177278,.,.
177339,20874,20874
177418,24250,24250
177436,15000,15000
177472,2352,3564
177542,20610,20610
177551,4776,4776
177579,13880,13880
177676,2328,3504
177719,18148,18148
177746,36300,36300
177816,19650,19650
177834,.,.
177870,3850,3850
177940,6150,6150
177968,15672,15672
177977,4793,4793
177986,6600,6600
177995,2700,5100
178004,8954,8954
178059,25558,25558
178110,11250,11250
178208,7020,7020
178217,3060,4200
178244,23720,23720
178305,11736,11736
178341,5311,5311
178369,18500,18500
178387,5538,5538
178396,8286,8286
178402,8169,8169
178411,8286,8286
178420,10065,10065
178448,2580,4230
178518,.,.
178615,7152,7152
178624,4335,4335
178679,11360,11360
178697,18500,18500
178721,11730,11730
178767,13230,13230
178891,14232,14232
178989,34880,34880
179043,34880,34880
179070,11124,11124
179159,40100,40100
179256,10850,10850
179265,27400,27400
179308,2700,4080
179317,.,.
179326,21600,21600
179344,3570,3570
179450,13560,13560
179539,2400,3600
179548,29554,29554
179557,5979,5979
179566,6150,6150
179645,2550,4200
179715,2280,3270
179812,.,.
179867,48950,48950
179894,26100,26100
179919,15500,15500
179946,23200,23200
179955,32247,32247
179964,22230,22230
180054,2280,2280
180081,2380,2380
180106,32212,32212
180151,2010,3450
180160,1960,1960
180179,4397,4397
180197,2940,4312
180203,1740,1740
180212,1680,1680
180249,2496,2496
180258,21334,21334
180276,2358,2358
180328,2600,2600
180373,2490,3720
180416,5177,5177
180461,5330,5330
180489,4603,4603
180522,3953,3953
180595,26136,26136
180647,2988,5076
180692,3699,3699
180814,6840,6840
180832,11976,11976
180878,13856,13856
180902,2520,2520
180948,4480,4480
180984,27880,27880
181002,35942,35942
181020,29720,29720
181093,21088,21088
181127,27020,27020
181145,5050,5050
181215,5460,5460
181242,15327,15327
181297,13632,13632
181303,2625,2625
181312,2520,2520
181330,29880,29880
181376,16200,16200
181394,5596,5596
181400,15327,15327
181419,4080,4080
181428,8550,8550
181446,30598,30598
181464,6757,6757
181491,2700,2700
181534,4800,4800
181543,5600,5600
181604,29954,29954
181640,2952,2952
181738,21456,21456
181765,4356,4356
181783,4800,4800
181792,2600,2600
181817,2280,2280
181853,17300,17300
182005,2745,2745
182111,17317,17317
182148,12360,12360
182281,6517,6517
182290,6577,6577
182306,2745,2745
182458,30321,30321
182500,2745,2745
182564,2745,2745
182634,39200,39200
182661,16410,16410
182670,49998,49998
182795,31500,31500
182829,.,.
182917,21400,21400
182980,23162,23162
183026,30756,30756
183044,14410,14410
183062,10968,10968
183071,14070,14070
183080,11020,11020
183099,6400,6400
183105,6400,6400
183114,6400,6400
183123,6400,6400
183132,6400,6400
183141,6400,6400
183150,6400,6400
183211,29100,29100
183239,37826,37826
183248,20750,20750
183257,7200,7200
183275,20400,20400
183488,13390,13390
183600,5544,5544
183655,3600,5340
183743,3324,6840
183789,21831,21831
183804,19876,19876
183822,28600,28600
183859,3114,5892
183877,3000,3480
183910,31150,31150
183938,3210,3330
183974,30696,30696
184180,3690,7380
184205,3540,3840
184348,46920,46920
184481,3466,6931
184603,36976,36976
184612,30680,30680
184694,39222,39222
184773,30158,30158
184782,9434,9434
184791,3170,3950
184959,14373,14373
184968,20996,20996
184995,3870,7740
185129,8114,8114
185174,19600,19600
185262,7754,7754
185509,2916,4080
185536,2592,5184
185572,34664,34664
185590,8768,8768
185651,5490,10980
185679,5490,10980
185721,13125,13125
185758,.,.
185828,13602,13602
185873,3360,4050
186034,3420,4290
186122,.,.
186131,45300,45300
186186,11100,11100
186201,8998,8998
186283,39080,39080
186371,11408,11408
186380,11408,11408
186399,11408,11408
186405,7294,7294
186423,12870,12870
186432,34130,34130
186469,3060,3750
186584,37100,37100
186618,30326,30326
186645,3432,4272
186867,47134,47134
186876,8435,8435
186900,12800,12800
187046,6350,6350
187134,11124,11124
187198,4620,9240
187444,9976,9976
187532,1248,1248
187596,3420,3420
187620,1440,1776
187639,936,1008
187648,3427,3427
187666,1656,1800
187745,4460,4460
187897,3952,3952
187903,840,1296
187912,1681,1681
187958,1682,1682
187967,5841,5841
187976,2024,2024
187985,6664,6664
187994,1872,2232
188003,936,1680
188021,1800,2016
188030,4956,4956
188049,1668,1668
188058,3120,3120
188100,1104,1104
188137,1410,1770
188146,24135,24135
188182,15456,15456
188207,.,.
188216,0,0
188225,1800,1800
188261,1320,1320
188304,3740,3740
188340,22740,22740
188429,34000,34000
188438,4176,4176
188517,15919,15919
188526,31200,31200
188535,.,.
188580,.,.
188641,26108,26108
188669,11635,11635
188678,32440,32440
188687,16388,16388
188696,14499,14499
188854,35600,35600
188942,7500,7500
189015,.,.
189088,50704,50704
189097,48614,48614
189228,23002,23002
189264,7750,7750
189273,8850,8850
189282,17000,17000
189413,10600,10600
189422,10800,10800
189459,18720,18720
189501,.,.
189547,4418,4418
189556,14980,14980
189565,15312,15312
189574,16715,16715
189583,15950,15950
189592,16046,16046
189705,33948,33948
189811,29138,29138
189839,4499,4499
189848,32104,32104
189857,6700,6700
189981,.,.
190008,17000,17000
190044,45132,45132
190053,4300,4300
190071,11400,11400
190080,.,.
190099,51635,51635
190114,17880,17880
190150,47442,47442
190169,4392,4392
190248,29350,29350
190372,42000,42000
190415,50712,50712
190424,.,.
190442,4314,4314
190451,10575,10575
190503,28630,28630
190512,6330,6330
190521,4880,4880
190530,4800,4800
190549,6330,6330
190558,6330,6330
190567,6330,6330
190576,6330,6330
190585,4800,4800
190594,6330,6330
190600,6330,6330
190619,4800,4800
190628,4800,4800
190637,6330,6330
190646,6330,6330
190655,6330,6330
190664,6330,6330
190673,4800,4800
190682,.,.
190691,6330,6330
190716,24740,24740
190725,26400,26400
190752,11000,11000
190761,26578,26578
190840,3528,3528
190956,9525,9525
190974,20700,20700
190983,41900,41900
191083,4733,4733
191126,6470,6470
191199,4368,4368
191205,18980,18980
191241,47850,47850
191302,4200,4200
191320,.,.
191339,3950,3950
191515,50730,50730
191533,42050,42050
191597,18304,18304
191612,4270,4270
191621,20650,20650
191630,50432,50432
191649,41100,41100
191676,30136,30136
191719,4300,4300
191931,34384,34384
191959,15750,15750
191968,41776,41776
191986,4630,4630
192004,11700,11700
192022,4392,4392
192040,50026,50026
192110,41310,41310
192156,8926,8926
192165,9600,9600
192192,28501,28501
192271,24950,24950
192323,32040,32040
192439,34352,34352
192448,34352,34352
192509,13299,13299
192554,.,.
192563,34352,34352
192624,11000,11000
192688,14000,14000
192703,36900,36900
192712,44000,44000
192749,35570,35570
192785,13800,13800
192800,7960,7960
192819,34550,34550
192864,28870,28870
192925,27276,27276
192961,9825,9825
192970,5000,5000
193016,17772,17772
193052,9800,9800
193061,8600,8600
193070,10750,10750
193201,9840,9840
193247,6980,6980
193283,4084,4084
193292,28000,28000
193308,13560,13560
193326,4100,4100
193353,28048,28048
193399,27549,27549
193405,.,.
193478,4868,4868
193584,31024,31024
193609,15900,15900
193645,33748,33748
193654,44555,44555
193751,.,.
193821,.,.
193830,.,.
193894,.,.
193900,46590,46590
193946,4080,4080
193973,29500,29500
194028,4600,4600
194073,.,.
194091,33920,33920
194116,27450,27450
194161,24500,24500
194189,10400,10400
194222,4570,4570
194240,4636,4636
194310,41120,41120
194392,24210,24210
194499,11000,11000
194569,15000,15000
194578,46140,46140
194657,12450,12450
194666,7750,7750
194693,12100,12100
194736,8450,8450
194763,9800,9800
194824,49520,49520
194958,28486,28486
195003,38024,38024
195030,49260,49260
195049,.,.
195058,4430,4430
195128,27405,27405
195155,.,.
195164,31366,31366
195173,24350,24350
195191,18020,18020
195216,50830,50830
195234,29656,29656
195243,28800,28800
195289,10792,10792
195304,51196,51196
195322,3720,3720
195438,9000,9000
195474,34326,34326
195526,49716,49716
195544,24500,24500
195580,.,.
195702,14550,14550
195720,31300,31300
195784,16640,16640
195809,38162,38162
195845,13800,13800
195988,4674,4674
196006,6470,6470
196015,6470,6470
196024,6470,6470
196033,6470,6470
196042,6470,6470
196051,6470,6470
196060,6470,6470
196079,6470,6470
196088,6470,6470
196097,6470,6470
196103,6470,6470
196112,6470,6470
196121,6470,6470
196130,6470,6470
196149,6470,6470
196158,6470,6470
196167,6470,6470
196176,6470,6470
196185,6470,6470
196194,6470,6470
196200,6470,6470
196219,6470,6470
196228,.,.
196237,6470,6470
196246,6470,6470
196255,6470,6470
196264,6470,6470
196291,6470,6470
196307,6470,6470
196389,18000,18000
196413,43440,43440
196431,9300,9300
196440,5300,5300
196468,.,.
196477,13170,13170
196565,4790,4790
196583,10750,10750
196592,16380,16380
196653,16450,16450
196680,.,.
196699,4330,4330
196866,51225,51225
196884,.,.
197018,13680,13680
197027,0,0
197036,.,.
197045,19446,19446
197081,13500,13500
197133,52320,52320
197142,20030,20030
197151,36500,36500
197197,43500,43500
197221,47000,47000
197230,37030,37030
197285,20115,20115
197294,4280,4280
197522,16920,16920
197531,8360,8360
197601,11500,11500
197610,8100,8100
197647,11800,11800
197674,8400,8400
197692,15000,15000
197708,39070,39070
197735,9300,9300
197744,11500,11500
197814,2080,2080
197832,17028,17028
197850,1728,1728
197869,4159,4159
197887,2432,2432
197911,26670,26670
197966,2432,2432
197984,18500,18500
197993,15964,15964
198011,2128,2128
198039,2432,2432
198066,27550,27550
198084,2432,2432
198109,11948,11948
198118,2432,2432
198136,28800,28800
198154,2432,2432
198206,2736,2736
198215,29333,29333
198233,2128,2128
198251,2432,2432
198260,2432,2432
198303,23930,23930
198321,2432,2432
198330,2432,2432
198367,1824,1824
198376,2081,2081
198385,47897,47897
198419,49575,49575
198455,2066,2066
198464,4365,4365
198491,2432,2432
198507,2800,2800
198516,32685,32685
198534,2432,2432
198543,2923,2923
198552,1906,1906
198561,29420,29420
198570,2290,2290
198598,27350,27350
198613,33710,33710
198622,1976,2128
198640,2432,2432
198668,2432,2432
198677,8400,8400
198695,29450,29450
198710,2432,2432
198729,2432,2432
198747,10500,10500
198756,15466,15466
198774,2432,2432
198808,24878,24878
198817,2432,2432
198835,33730,33730
198862,15453,15453
198871,15388,15388
198899,27176,27176
198905,1824,1824
198914,2304,2304
198923,1824,1824
198941,.,.
198950,34807,34807
198969,31634,31634
198978,9720,9720
198987,2432,2432
199023,2432,2432
199032,24740,24740
199069,19000,19000
199087,2432,2432
199102,3470,3470
199111,4041,4041
199120,6881,6881
199139,3737,3737
199148,4335,4335
199157,3655,3655
199184,6370,6370
199193,6407,6407
199209,29000,29000
199218,4356,4356
199263,1824,1824
199272,26880,26880
199281,3531,3531
199306,28000,28000
199324,2432,2432
199333,1824,1824
199412,31360,31360
199421,1824,1824
199449,2432,2432
199458,13600,13600
199467,2432,2432
199476,2432,2432
199485,1824,1824
199494,2432,2432
199582,12890,12890
199607,27040,27040
199625,2432,2432
199634,2432,2432
199643,11808,11808
199698,24874,24874
199722,2432,2432
199731,2128,2128
199740,2432,2432
199759,9960,9960
199768,2128,2128
199786,2280,2280
199795,2304,2304
199838,1824,1824
199847,48746,48746
199856,2432,2432
199865,33260,33260
199883,14500,14500
199892,2432,2432
199908,2432,2432
199926,2432,2432
199953,2128,2128
199962,29170,29170
199971,3500,3500
199999,3335,3335
200004,3893,3893
200013,9630,9630
200022,2916,2916
200059,5138,5138
200086,3600,3600
200156,19930,19930
200192,3326,3326
200208,3000,3000
200217,15990,15990
200226,5053,5053
200253,5192,5192
200280,6679,6679
200305,4025,4025
200314,3469,3469
200332,6924,6924
200341,3399,3399
200466,3600,3600
200484,13962,13962
200527,1776,1776
200554,4725,4725
200572,5282,5282
200590,10420,10420
200624,23001,23001
200633,10440,10440
200697,.,.
200785,12560,12560
200800,8618,8618
200846,5940,5940
200873,5600,5600
201016,15980,15980
201061,28252,28252
201104,19448,19448
201140,.,.
201177,16320,16320
201195,30776,30776
201283,2527,2527
201371,30312,30312
201399,13093,13093
201432,4706,4706
201441,9096,9096
201469,16454,16454
201548,33282,33282
201645,45592,45592
201654,27910,27910
201672,4296,4296
201690,3926,3926
201751,10175,10175
201803,7200,7200
201821,13377,13377
201858,15966,15966
201867,17625,17625
201885,9322,9322
201928,3567,3567
201946,4580,4580
201955,5274,5274
201964,10468,10468
201973,2912,2912
202046,36980,36980
202073,47200,47200
202134,9636,9636
202161,13980,13980
202170,32400,32400
202222,3808,3808
202356,3136,3953
202435,12600,12600
202480,40940,40940
202514,30980,30980
202523,47870,47870
202648,3610,3610
202684,16264,16264
202763,31436,31436
202806,11856,11856
202903,6000,6000
202912,13665,13665
203067,.,.
203085,28900,28900
203128,29969,29969
203155,3696,3696
203289,12649,12649
203331,3330,3510
203368,37190,37190
203386,15120,15120
203447,5664,5664
203456,5664,5664
203465,5664,5664
203474,5664,5664
203483,5664,5664
203492,5664,5664
203517,10012,10012
203526,5664,5664
203535,49220,49220
203544,11808,11808
203580,28568,28568
203599,3287,4136
203678,3845,3845
203720,8460,8460
203739,8460,8460
203748,2796,3398
203757,19920,19920
203775,28524,28524
203845,34340,34340
203881,4080,4080
203960,11880,11880
203997,.,.
204006,5519,5519
204015,5519,5519
204024,11758,11758
204060,10440,10440
204176,19170,19170
204185,28800,28800
204194,18629,18629
204200,27300,27300
204255,4560,4560
204264,26200,26200
204316,11592,11592
204422,3016,3016
204440,3776,3776
204468,27600,27600
204477,.,.
204486,9622,9622
204501,51324,51324
204617,30500,30500
204635,29240,29240
204662,6876,6876
204671,6912,6912
204680,6912,6912
204699,6912,6912
204705,6912,6912
204796,9168,9168
204802,4872,4872
204820,5060,5060
204839,4872,4872
204848,5060,5060
204857,11298,11298
204866,5060,5060
204884,10390,10390
204893,9194,9245
204909,43770,43770
204936,31424,31424
204945,3672,3672
204990,.,.
205027,21298,21298
205054,12985,12985
205090,9845,9845
205124,10400,10400
205179,17862,17862
205203,24310,24310
205391,25701,25701
205443,6251,6251
205470,2035,3169
205513,12480,12480
205522,15000,15000
205531,15000,15000
205559,15000,15000
205610,11592,11592
205647,11592,11592
205841,2796,2796
205887,12090,12090
205957,25220,25220
205966,4232,4232
206011,3876,3876
206048,22800,22800
206084,8052,8052
206154,8400,8400
206215,.,.
206224,11532,11532
206279,12240,12240
206288,.,.
206330,22452,22452
206349,29640,29640
206394,16380,16380
206437,27220,27220
206446,4170,4170
206491,12020,12020
206507,24300,24300
206516,.,.
206525,37230,37230
206589,46430,46430
206604,8730,8730
206613,5842,5842
206622,35920,35920
206695,7847,7847
206817,12150,12150
206835,23720,23720
206862,23700,23700
206914,4260,4260
206923,2177,2177
206941,5760,5760
206996,2214,2214
207041,4980,4980
207050,3140,3140
207069,4154,4154
207157,9980,9980
207209,3707,3707
207236,3584,3584
207254,16395,16395
207263,5085,5085
207281,2490,2490
207290,2565,2565
207306,5738,5738
207315,.,.
207324,20770,20770
207342,4575,4575
207351,4312,4312
207388,4943,4943
207397,2853,2853
207403,22710,22710
207449,2753,2753
207458,27276,27276
207500,4575,4575
207564,3900,3900
207582,24750,24750
207661,3960,3960
207670,3020,3020
207689,21300,21300
207722,6030,6030
207740,2715,2715
207847,5940,5940
207856,11400,11400
207865,5295,5295
207935,2327,2327
207971,38306,38306
208035,2362,2362
208239,17316,17316
208275,4320,4320
208318,3348,4500
208390,3600,3600
208406,4050,4050
208415,3564,3564
208488,28740,28740
208646,6073,6073
208725,14254,14254
208822,33370,33370
209038,3690,3690
209056,46534,46534
209065,39700,39700
209074,4176,4176
209108,20835,20835
209241,14592,14592
209250,4702,4702
209287,23120,23120
209296,8873,8873
209409,27750,27750
209490,12996,12996
209506,8110,8110
209533,30500,30500
209542,8715,8715
209551,8910,8910
209603,32820,32820
209612,40120,40120
209746,3492,3492
209807,7020,7020
209825,41844,41844
209922,51850,51850
209940,3564,3564
210076,13892,13892
210146,6813,6813
210155,4092,4092
210234,4410,4410
210270,4416,4416
210304,22050,22050
210331,29980,29980
210368,.,.
210401,46900,46900
210429,7575,7575
210438,.,.
210456,12000,12000
210492,18558,18558
210508,.,.
210571,40644,40644
210605,3233,6467
210669,43750,43750
210739,33500,33500
210775,31650,31650
210809,.,.
210890,19870,19870
210906,17244,17244
210942,17820,17820
210960,17532,17532
211024,22510,22510
211079,4590,9180
211088,40260,40260
211130,.,.
211158,7238,7238
211200,15380,15380
211273,47640,47640
211291,51676,51676
211307,3360,6720
211343,3120,6240
211352,29655,29655
211361,7238,7238
211431,27136,27136
211440,51196,51196
211468,36225,36225
211477,16776,16776
211556,34195,34195
211583,33930,33930
211608,9060,9060
211644,7238,7238
211893,0,0
211909,14000,14000
211927,3390,6780
211981,34400,34400
212009,50730,50730
212018,.,.
212045,17567,17567
212054,48660,48660
212106,35062,35062
212115,7248,7248
212133,30780,30780
212160,7238,7238
212197,43490,43490
212434,12528,12528
212443,.,.
212452,5520,5520
212568,15630,15630
212577,52190,52190
212601,30185,30185
212656,25680,25680
212674,50860,50860
212771,18792,18792
212805,16630,16630
212832,32889,32889
212869,22600,22600
212878,5280,6390
212911,50564,50564
212975,16836,16836
212984,28762,28762
212993,18600,18600
213011,32608,32608
213020,8430,8430
213163,8688,8688
213233,16610,16610
213251,41390,41390
213303,23998,23998
213321,34720,34720
213349,7238,7238
213358,26200,26200
213367,40400,40400
213376,13870,13870
213385,48450,48450
213400,20320,20320
213446,.,.
213473,10500,10500
213507,39410,39410
213525,3000,6000
213534,9300,9300
213543,47920,47920
213598,7369,7369
213613,7238,7238
213622,14620,14620
213631,.,.
213640,.,.
213659,3750,7500
213668,36432,36432
213774,15950,15950
213783,9150,9150
213826,31250,31250
213871,9000,9000
213914,14160,14160
213932,11250,11250
213987,32430,32430
213996,32350,32350
214023,11997,11997
214041,8970,8970
214069,29150,29150
214111,4320,8640
214148,37032,37032
214157,38556,38556
214166,20710,20710
214175,47825,47825
214272,27340,27340
214379,2910,5820
214476,15100,15100
214564,.,.
214582,13500,13500
214591,13868,13868
214607,.,.
214616,.,.
214625,12718,12718
214634,12474,12474
214643,12718,12718
214652,13174,13174
214670,13174,13174
214689,13868,13868
214698,12718,12718
214704,13868,13868
214713,13868,13868
214731,13174,13174
214740,12718,12718
214759,12718,12718
214768,13174,13174
214777,16952,16952
214786,12718,12718
214795,12718,12718
214801,13212,13212
214810,13174,13174
214829,13174,13174
214883,13872,13872
214892,21500,21500
214971,34608,34608
215053,22300,22300
215062,45556,45556
215099,37200,37200
215105,41464,41464
215114,24946,24946
215123,.,.
215132,36962,36962
215239,4440,8880
215266,12688,12688
215275,12688,12688
215284,12688,12688
215293,17688,17688
215309,10958,10958
215381,20288,20288
215415,16415,16415
215424,.,.
215442,27780,27780
215479,12210,12210
215585,3750,7500
215594,11306,11306
215619,.,.
215628,.,.
215637,19650,19650
215655,27320,27320
215682,12850,12850
215691,18500,18500
215743,32244,32244
215770,42840,42840
215798,32540,32540
215813,.,.
215929,41762,41762
215947,32520,32520
215974,14620,14620
215983,24255,24255
215992,8794,8794
216010,8430,8430
216038,7238,7238
216047,19420,19420
216083,16521,16521
216162,11102,11102
216278,43160,43160
216287,48720,48720
216296,7600,7600
216311,8500,8500
216339,15384,15384
216348,.,.
216357,27910,27910
216366,33543,33543
216418,14994,14994
216427,16216,16216
216436,16216,16216
216445,16216,16216
216454,16216,16216
216463,.,.
216524,49370,49370
216542,19224,19224
216551,29975,29975
216597,48610,48610
216630,7223,7223
216649,11000,11000
216667,44320,44320
216694,22380,22380
216764,7238,7238
216773,7765,7765
216782,23969,23969
216807,33810,33810
216816,.,.
216825,3660,7320
216852,42034,42034
216931,31946,31946
217013,23745,23745
217040,8750,8750
217059,16970,16970
217156,50224,50224
217165,40564,40564
217235,30396,30396
217305,24495,24495
217402,46080,46080
217420,7118,7118
217475,3950,3950
217484,11128,11128
217493,46800,46800
217518,29976,29976
217536,37270,37270
217572,16662,16662
217606,10500,10500
217615,4008,4368
217624,12740,12740
217633,23470,23470
217688,24100,24100
217712,4080,4680
217721,17498,17498
217749,14900,14900
217776,23660,23660
217819,70,70
217837,3864,4080
217864,150,150
217873,15528,15528
217882,13418,13418
217891,5094,5094
217907,27624,27624
217925,20880,20880
217934,28900,28900
217961,16000,16000
217989,3340,3340
217998,32540,32540
218025,4008,4272
218043,7803,7803
218061,9880,9880
218070,46784,46784
218113,4056,4416
218140,4710,5880
218229,10700,10700
218238,23900,23900
218335,15174,15174
218353,3840,4800
218399,11690,11690
218414,22762,22762
218441,17594,17594
218487,3960,4944
218520,3948,4668
218539,34282,34282
218645,9882,9882
218654,9780,9780
218663,11054,11054
218672,6302,6302
218681,6302,6302
218690,6302,6302
218706,6302,6302
218724,10696,10696
218733,8938,8938
218742,10710,10710
218751,.,.
218821,15750,15750
218830,4200,5232
218858,4639,5449
218885,3906,5178
218894,4009,4461
218919,11630,11630
218955,3888,4008
218964,14510,14510
218973,38860,38860
218991,3960,4320
219000,30454,30454
219046,6984,6984
219082,6984,6984
219091,25750,25750
219143,2616,2616
219170,2550,2550
219189,3488,3488
219198,23230,23230
219204,13194,13194
219213,12528,12528
219240,.,.
219259,6984,6984
219277,2016,2016
219295,18710,18710
219338,1500,1500
219347,7340,7340
219356,7155,7155
219374,2640,2640
219383,27160,27160
219408,3750,3750
219426,2834,2834
219471,7155,7155
219480,3317,3317
219505,8760,8760
219578,21350,21350
219602,6216,6216
219639,9864,9864
219709,29930,29930
219718,9305,9305
219790,24450,24450
219806,25200,25200
219824,3744,3744
219833,29990,29990
219842,2400,2400
219879,3744,3744
219888,3744,3744
219949,20160,20160
219976,27472,27472
220002,15000,15000
220057,3930,3930
220075,6672,6672
220118,10665,10665
220181,19624,19624
220206,17920,17920
220215,21500,21500
220312,14918,14918
220400,3744,3744
220464,10400,10400
220473,13000,13000
220516,25798,25798
220552,18000,18000
220598,8980,8980
220604,10460,10460
220613,15170,15170
220631,20520,20520
220701,22288,22288
220710,32746,32746
220792,.,.
220808,31000,31000
220862,7488,7488
220871,.,.
220978,6600,6600
220996,.,.
221096,3744,3744
221184,3744,3744
221254,28176,28176
221351,44632,44632
221397,3744,3744
221485,3744,3744
221519,38544,38544
221643,3744,3744
221661,20300,20300
221670,.,.
221731,22000,22000
221740,6768,6768
221759,10858,10858
221768,7680,7680
221795,14550,14550
221838,6216,6216
221847,7032,7032
221892,23724,23724
221908,3744,3744
221953,23125,23125
221971,29320,29320
221999,44496,44496
222053,3744,3744
222062,3744,3744
222105,5910,5910
222178,32020,32020
222567,1080,2160
222576,1056,1056
222628,7500,7500
222822,1980,3270
222831,3965,3965
222877,10110,10110
222938,17568,17568
222983,37130,37130
222992,2010,2010
223001,.,.
223083,7800,7800
223117,5550,5550
223223,.,.
223232,37996,37996
223320,2100,2100
223427,1200,2568
223463,15862,15862
223472,13560,13560
223506,1860,2880
223524,1770,3330
223773,1770,3330
223816,2280,2940
223898,3810,4710
223922,1128,1128
224004,28700,28700
224110,1200,2352
224147,4719,4719
224226,25380,25380
224244,16544,16544
224271,11150,11150
224305,.,.
224323,34650,34650
224350,1456,1456
224527,23700,23700
224545,5055,5055
224554,4790,4790
224572,1770,3330
224615,1770,3330
224642,2256,2256
224712,.,.
224776,17568,17568
224891,1290,2040
224961,1200,1800
225070,1176,2088
225247,25230,25230
225308,1080,1080
225371,1848,1848
225399,28850,28850
225414,4992,4992
225423,744,2280
225432,4843,4843
225502,4576,4576
225511,8537,8537
225520,2310,3720
225548,24430,24430
225575,12262,12262
225627,27000,27000
225876,6300,6300
225885,10400,10400
225991,16543,16543
226019,912,2640
226091,5664,5664
226107,3120,3120
226116,3973,3973
226134,1200,2400
226152,4248,4248
226204,1300,2184
226231,27930,27930
226383,20966,20966
226408,1350,2550
226471,22680,22680
226578,2544,2976
226587,26100,26100
226806,1860,3360
226833,5216,5216
226879,13560,13560
226930,1770,3330
227146,1260,1440
227182,1056,2736
227191,1770,3330
227216,7688,7688
227225,1140,3000
227289,.,.
227304,2088,3144
227331,26312,26312
227368,5970,5970
227377,1200,2400
227386,600,600
227401,1320,2400
227429,5818,5818
227526,6216,6216
227687,1500,2790
227748,16520,16520
227757,43220,43220
227766,1770,3330
227845,40428,40428
227854,2108,5744
227863,31140,31140
227881,5172,5172
227924,2108,5744
227979,1200,2280
228042,24030,24030
228149,27520,27520
228158,696,1752
228194,.,.
228246,44694,44694
228316,1368,2832
228325,18900,18900
228343,39060,39060
228431,5808,5808
228459,7234,7234
228468,19656,19656
228486,6830,6830
228501,4560,4560
228529,3900,3900
228547,1416,2544
228608,1608,1608
228635,.,.
228644,5388,5388
228653,5948,5948
228699,1176,1200
228705,4366,4366
228723,6872,6872
228769,7350,7350
228778,10092,10092
228787,11192,11192
228796,5769,5769
228802,5610,5610
228866,.,.
228875,42580,42580
228884,8208,8208
228909,.,.
228981,28600,28600
229018,4312,4312
229027,5039,5039
229063,1400,1400
229115,6000,6000
229160,22780,22780
229179,4950,4950
229267,38974,38974
229300,6972,6972
229337,5890,5890
229355,900,2550
229504,2850,4200
229540,1380,2790
229780,13800,13800
229799,2440,3760
229814,4989,4989
229832,1250,2088
229841,768,768
229887,9708,9708
230038,5300,5300
230047,5240,5240
230056,13500,13500
230171,4104,4104
230366,14222,14222
230418,3240,3240
230597,3196,3196
230603,5774,5774
230621,18021,18021
230630,18021,18021
230728,5814,5814
230737,4840,4840
230746,3239,3239
230764,7408,7408
230782,4611,4611
230807,31584,31584
230816,49440,49440
230834,10248,10248
230852,38560,38560
230861,6072,6072
230889,15786,15786
230898,35560,35560
230913,10224,10224
230931,10224,10224
230940,39086,39086
230959,49648,49648
230995,35318,35318
231059,41650,41650
231068,.,.
231077,21750,21750
231086,23700,23700
231095,32595,32595
231147,.,.
231165,12960,12960
231174,15096,15096
231411,13200,13200
231420,31980,31980
231536,4133,4133
231554,23600,23600
231581,31890,31890
231624,13127,13127
231651,15900,15900
231697,4133,4133
231712,7836,7836
231785,15972,15972
231828,16127,16127
231837,24700,24700
231873,4133,4133
231882,4125,4125
231970,.,.
232016,15750,15750
232025,33500,33500
232043,34060,34060
232052,4133,4133
232089,31800,31800
232186,8204,8204
232195,4163,4163
232256,41516,41516
232265,21552,21552
232308,36200,36200
232414,4256,4256
232423,5896,5896
232450,4148,4148
232502,10257,10257
232557,15105,15105
232566,7350,7350
232575,4133,4133
232609,35650,35650
232618,10027,10027
232672,30240,30240
232681,5772,5772
232706,28900,28900
232724,4750,4750
232788,4133,4133
232797,14832,14832
232867,4132,4132
232885,343,343
232919,15264,15264
232937,5318,5318
232946,4890,4890
232982,6330,6330
233019,4133,4133
233037,4133,4133
233082,11440,11440
233091,9288,9288
233116,4163,4163
233277,6991,6991
233295,37630,37630
233301,36160,36160
233310,4133,4133
233329,13655,13655
233338,5130,5130
233356,7105,7105
233374,49420,49420
233408,13840,13840
233426,39720,39720
233541,30132,30132
233611,14900,14900
233639,4133,4133
233648,4133,4133
233684,14040,14040
233718,35800,35800
233754,4193,4193
233772,4193,4193
233842,.,.
233897,5210,5210
233903,4133,4133
233921,10787,10787
233949,4193,4193
234030,10846,10846
234076,12496,12496
234085,8461,8461
234137,7200,7200
234155,5172,5172
234164,15152,15152
234173,34960,34960
234207,47280,47280
234377,4133,4133
234492,17460,17460
234669,3393,3393
234696,2513,2513
234711,3852,3852
234739,10800,10800
234827,5907,5907
234845,3846,3846
234915,16748,16748
234933,3322,3322
234951,5040,5040
234979,3580,3580
235024,37920,37920
235097,6110,6110
235103,3386,3386
235149,3393,3393
235167,6534,6534
235237,3393,3393
235316,38980,38980
235334,3393,3393
235343,4099,4099
235422,19032,19032
235431,3056,3056
235547,24609,24609
235671,3657,3657
235699,2688,2688
235750,3783,3783
236072,3393,3393
236133,28800,28800
236188,3393,3393
236230,39080,39080
236258,4153,4153
236328,46310,46310
236382,3604,3604
236452,33950,33950
236504,3393,3393
236513,3393,3393
236577,38520,38520
236595,40500,40500
236610,3328,3328
236638,3800,3800
236656,3852,3852
236692,2688,2688
236708,2688,2688
236753,3476,3476
236887,4203,4203
236896,26100,26100
236939,9324,9324
236948,9694,9694
236975,3393,3393
237011,6732,6732
237039,4031,4031
237057,47490,47490
237066,39600,39600
237109,3798,3798
237118,25140,25140
237136,12380,12380
237172,3341,3341
237181,26496,26496
237215,6408,6408
237242,2700,2700
237312,20564,20564
237330,7080,7080
237358,28000,28000
237367,5216,5216
237385,5592,5592
237437,8100,8100
237525,6032,6032
237552,19474,19474
237598,8400,8400
237640,20460,20460
237686,3384,3384
237701,4056,4056
237783,14400,14400
237792,5230,5230
237817,3336,3336
237880,.,.
237899,6996,6996
237932,7038,7038
237950,6648,6648
237969,28574,28574
237978,10000,10000
237987,11250,11250
237996,11665,11665
238014,3144,3144
238032,7991,7992
238078,27000,27000
238193,26232,26232
238263,3911,3911
238324,21050,21050
238333,46596,46596
238397,3911,3911
238430,28212,28212
238458,29662,29662
238476,40265,40265
238573,27016,27016
238616,27640,27640
238661,27530,27530
238722,3911,3911
238759,3911,3911
238980,25410,25410
239008,3910,3910
239017,44544,44544
239071,13100,13100
239080,27860,27860
239105,38000,38000
239169,.,.
239220,3911,3911
239248,3911,3911
239309,33640,33640
239318,36270,36270
239372,3965,3965
239390,27280,27280
239424,.,.
239442,4305,4305
239460,3911,3911
239488,3911,3911
239512,31980,31980
239628,38842,38842
239637,.,.
239716,34766,34766
239743,25800,25800
239910,4002,4002
239929,15903,15903
240055,4750,4750
240107,25460,25460
240116,3900,3900
240125,3911,3911
240170,3476,3476
240189,6519,6519
240198,4171,4171
240213,.,.
240268,7361,7361
240277,6298,6298
240329,7585,7585
240338,27734,27734
240365,6422,6422
240374,6298,6298
240392,12560,12560
240417,7014,7014
240426,6535,6535
240444,9273,9273
240453,8091,8091
240462,6418,6418
240471,6428,6428
240480,6698,6698
240505,2136,2136
240514,2136,2136
240596,2136,2136
240620,2136,2136
240657,2136,2136
240666,2136,2136
240693,2136,2136
240727,2976,2976
240736,3300,3300
240745,3120,3120
240754,5040,5040
240790,3078,3078
241100,4536,4536
241128,4536,4536
241146,4632,4632
241191,5750,5750
241216,6780,6780
241225,5270,5270
241304,6420,6420
241331,6435,6435
241377,4392,4392
241386,4392,4392
241395,4680,4680
241410,4680,4680
241517,5895,5895
241614,3288,3288
241720,2040,2040
241739,4920,4920
241766,2520,2520
241793,.,.
241836,5100,5100
241951,2860,2860
242042,1080,1080
242112,6550,6550
242121,4932,4932
242130,6720,6720
242149,6720,6720
242556,1080,1080
242565,1080,1080
242583,1080,1080
242617,4392,4392
242626,4392,4392
242635,4392,4392
242644,4392,4392
242653,6588,6588
242662,4392,4392
242680,4392,4392
242699,4392,4392
242705,4392,4392
242723,.,.
242972,6120,6120
242981,6120,6120
243081,.,.
243106,1878,1878
243115,1904,1904
243133,1878,1878
243142,2815,2815
243151,1904,1904
243179,1878,1878
243188,1878,1878
243197,1878,1878
243203,2016,2016
243212,1878,1878
243221,1878,1878
243346,4920,4920
243443,4800,4800
243498,.,.
243568,6912,6912
243577,7488,7488
243586,4680,4680
243601,4920,4920
243638,4050,4050
243647,2640,2640
243665,4630,4630
243744,47331,47331
243780,9208,9208
243823,24696,24696
243832,5100,5100
243841,6720,6720
244233,11520,11520
244437,2181,2181
244446,2136,2136
245342,11781,11781
245421,11250,11250
245430,11250,11250
245625,4050,4350
245652,49758,49758
245731,7800,7800
245777,8600,8600
245838,20370,20370
245847,17820,17820
245865,.,.
245883,21600,21600
245892,18972,18972
245953,15912,15912
246345,.,.
246354,2108,5744
246789,.,.
246813,2136,2136
247065,12780,12780
247153,15768,15768
247162,.,.
247603,4200,6300
247649,52500,52500
247700,12960,12960
247773,6700,6700
247825,8400,8400
247834,1230,2460
247940,3744,3744
248846,30575,30575
248882,12960,12960
248934,14720,14720
249609,15089,15089
250027,8794,8794
250285,16520,16520
250744,19872,19872
251260,3510,3510
251312,17210,17210
260293,12244,12244
260372,4560,4560
260789,16117,16117
260813,17066,17066
260901,13356,13356
260910,15327,15327
260947,10400,10400
260956,.,.
260992,17280,17280
261861,11745,11745
262022,.,.
262031,2940,4470
262086,12000,12000
262129,5227,5227
262165,7040,7040
262332,13138,13138
363439,15000,15000
363590,11124,11124
363633,912,1248
363712,8000,8000
363721,.,.
363907,4392,4392
363916,4392,4392
363934,19937,19937
364016,2064,2064
364025,2064,2064
364122,4750,4750
364168,10277,10277
364973,13540,13540
365055,19656,19656
365204,15450,15450
365426,.,.
366003,6360,6360
366252,13590,13590
366261,12395,12395
366340,1820,1820
366368,.,.
366395,4770,4770
366401,1104,1104
366465,2136,2136
366535,15422,15422
366553,14940,14940
366571,3500,3500
366605,.,.
366711,5472,5472
366748,13872,13872
366793,.,.
367024,15327,15327
367103,9240,9240
367112,9000,9000
367194,27040,27040
367459,2250,3675
367839,8160,8160
367884,13200,13200
367936,13048,13048
367954,.,.
368443,15000,15000
368452,17700,17700
368911,2136,2136
369002,.,.
369455,20950,20950
369516,13810,13810
369659,.,.
369862,10440,10440
369905,16215,16215
371052,15290,15290
372329,12600,12600
372921,12503,12503
372958,17162,17162
373058,11470,11470
373085,11592,11592
374024,.,.
374972,15421,15421
375230,8000,8000
375416,15544,15544
375489,11592,11592
375568,6190,6190
375841,12617,12617
376224,5895,5895
376321,6600,6600
376330,9514,9514
376695,3500,3500
377111,15013,15013
377449,15750,15750
377458,16200,16200
377546,18975,18975
377555,9694,9694
377564,9694,9694
377652,13986,13986
378576,8955,8955
380094,15572,15572
380359,2660,2660
380368,4768,4768
380377,4032,4032
380438,13441,13441
380465,11433,11433
381352,.,.
381459,.,.
381529,3523,3523
381732,9800,9800
382063,5884,5884
382504,14320,14320
382771,9000,9000
382911,2310,3720
382957,13731,13731
383020,15330,15330
383190,3024,3024
383950,15980,15980
383996,1032,1368
384254,36172,36172
384306,.,.
384333,2064,2064
384342,4050,8100
384412,12984,12984
384421,11700,11700
385008,15302,15302
385503,24155,24155
385619,15600,15600
386153,8300,8300
386472,13000,13000
387660,14500,14500
388043,11412,11412
388520,6576,6576
389727,14382,14382
390701,11495,11495
392354,7500,7500
392840,21750,21750
395362,1104,1104
398130,14220,14220
399212,1104,1104
399869,16335,16335
399911,29372,29372
401223,5520,5520
401250,.,.
402776,22488,22488
403469,2656,8589
403478,2656,8589
403487,2656,8589
404222,.,.
404338,14160,14160
404365,11499,11499
404374,11399,11399
404383,11570,11570
404426,3060,3060
404499,15019,15019
404505,15692,15692
404514,14892,14892
404806,6420,6420
404994,13104,13104
405058,9600,9600
405854,12000,12000
405872,3168,4608
405997,11575,11575
406219,15000,15000
406547,11520,11520
407009,9200,9200
407285,14040,14040
407328,12560,12560
407610,3600,3600
407629,.,.
408039,11592,11592
408729,8794,8794
408844,12600,12600
409254,.,.
409315,2046,2330
409616,.,.
409698,5472,5472
410283,13536,13536
410496,16269,16269
410502,18648,18648
410520,11706,11706
411754,7800,7800
412599,16078,16078
413413,13536,13536
413617,6000,6000
413626,3696,3696
414461,8592,8592
414595,12357,12357
414823,30396,30396
414878,10592,10592
414911,3668,5684
414966,.,.
416801,4590,4590
417275,3710,3710
417318,11952,11952
417327,11520,11520
417734,16380,16380
417752,7800,7800
417886,9843,9843
417910,13500,14000
418126,14040,14040
418223,11400,11400
418782,7400,7400
418870,14417,14417
419031,3300,3300
419183,9820,9820
419341,12650,12650
419457,13056,13056
419703,7400,7400
419712,7400,7400
419721,7400,7400
420006,12729,12729
420024,16500,16500
420042,11579,11579
420307,14382,14382
420316,14382,14382
420325,6500,6500
420398,2108,5744
420431,2136,2136
420440,2760,2760
420495,14687,14687
420538,2256,2256
420556,3492,3492
420574,9200,9200
420705,.,.
420723,3420,3420
420866,13056,13056
421513,11592,11592
421708,15499,15499
421832,15973,15973
421841,30700,30700
421878,20400,20400
423643,.,.
423652,3564,3564
423980,12701,12701
425986,12051,12051
426314,8760,8760
427973,16520,16520
427982,16200,16200
428000,19400,19400
428170,17488,17488
428259,11880,11880
428268,13056,13056
428286,17389,17389
428392,3222,3222
428444,17316,17316
429085,.,.
429094,.,.
429128,7104,7104
430157,15750,15750
430166,15750,15750
430184,14040,14040
430485,25600,25600
430670,5400,5400
430704,13770,13770
430810,23490,23490
430883,9575,9575
430935,5860,5860
431123,9500,9500
431266,480,480
431309,7080,7080
431600,14620,14620
431929,6107,6107
431983,9300,9300
432223,11858,11858
432241,11734,11734
432348,.,.
432357,.,.
432384,16117,16117
432524,23190,23190
432533,18648,18648
433004,19908,19908
433174,11086,11086
433217,.,.
433387,5780,5780
433420,13590,13590
433536,12560,12560
433563,17940,17940
433660,4191,4191
434016,4050,4050
434061,3335,3335
434317,18568,18568
434432,15950,15950
434441,.,.
434539,11520,11520
434584,3480,3480
434672,2832,5328
434690,15750,15750
434715,.,.
434751,3120,3120
434812,15750,15750
434900,7080,7080
434937,9400,9400
434973,12349,12349
435000,8992,8992
436021,.,.
436094,13464,13464
436182,11178,11178
436191,11836,11836
436261,.,.
436304,3335,3335
436438,13464,13464
436465,7080,7080
436483,13428,13428
436553,6800,6800
436599,19980,19980
436614,10500,10500
436818,11224,11224
436827,11224,11224
436836,11224,11224
437060,11206,11206
437097,9360,9360
437103,3237,3237
437316,39700,39700
437325,12960,12960
437653,9655,9655
437750,14000,14000
438151,18021,18021
438212,9360,9360
438221,9684,9684
438498,14985,14985
438586,15290,15290
438647,10257,10257
438708,3360,3360
438735,16520,16520
438869,16605,16605
438902,12360,12360
439020,15330,15330
439057,13056,13056
439145,3393,3393
439190,3393,3393
439288,30396,30396
439297,11795,11795
439394,10675,10675
439446,17000,17000
439455,22854,22854
439613,11850,11850
439701,9960,9960
439738,14237,14237
439783,14994,14994
439792,14188,14188
439817,.,.
439862,4778,4778
439899,7980,7980
439914,.,.
439969,9850,9850
440004,.,.
440031,.,.
440059,16520,16520
440271,15866,15866
440341,17496,17496
440396,12100,12100
440402,2232,2232
440411,.,.
440420,12384,12384
440457,12038,12038
440466,11324,11324
440651,5196,5196
440749,6000,6000
440758,12960,12960
440767,13428,13428
440794,19800,19800
440819,19400,19400
440828,8400,8400
440873,11635,11635
440882,11856,11856
440891,10603,10603
440916,.,.
440925,13860,13860
441025,10296,10296
441070,1440,1440
441104,.,.
441131,.,.
441201,10440,10440
441229,21200,21200
441308,.,.
441478,11200,11200
441487,12912,12912
441496,16520,16520
441511,4800,4800
441609,11750,11750
441690,3720,3720
441706,6460,6460
441760,3168,3168
441788,16520,16520
441900,4403,4403
441919,13932,13932
441928,14382,14382
441937,5472,5472
441973,18648,18648
441982,46800,46800
442064,.,.
442161,11792,11792
442213,12500,12500
442222,13464,13464
442295,.,.
442356,25040,25040
442383,11250,11250
442392,.,.
442408,11542,11542
442435,9240,9240
442523,7500,7500
442569,6360,6360
442578,14040,14040
442639,12984,12984
442718,12960,12960
442745,16417,16417
442781,822,822
442790,12360,12360
442806,.,.
442842,9116,9116
442897,.,.
442949,20724,20724
443030,.,.
443049,7425,7425
443058,5850,5850
443076,.,.
443128,.,.
443270,17488,17488
443331,33100,33100
443340,11475,11475
443377,16216,16216
443395,9288,9288
443410,28800,28800
443492,3552,3552
443544,12079,12079
443562,5040,5040
443599,7800,7800
443623,13120,13120
443650,9252,9252
443702,.,.
443748,7662,7662
443766,14040,14040
443784,14040,14040
443854,11124,11124
444024,11124,11124
444042,6120,6120
444103,.,.
444130,10368,10368
444194,6595,6595
444219,0,0
444255,15000,15000
444398,5520,5520
444413,9200,9200
444547,10800,10800
444565,11988,11988
444583,11807,11807
444671,6480,6480
444699,.,.
444778,9360,9360
444927,17316,17316
444954,3888,3888
444972,15750,15750
444990,6900,6900
445027,10590,10590
445054,.,.
445090,14382,14382
445115,12786,12786
445124,14788,14788
445133,14163,14163
445188,11220,11220
445203,15428,15428
445249,15540,15540
445267,5510,5510
445300,12464,12464
445319,11974,11974
445391,12109,12109
445434,12729,12729
445559,11637,11637
445692,22950,22950
445708,30396,30396
445726,12429,12429
445735,33000,33000
445744,13479,13479
445762,16520,16520
445869,.,.
445920,14040,14040
446002,.,.
446039,.,.
446048,18332,18332
446127,12600,12600
446163,5400,5400
446224,19673,19673
446233,14250,14250
446251,8450,8450
446349,6000,6000
446385,23704,23704
446394,4368,4368
446446,16200,16200
446516,5815,5815
446525,24762,24762
446598,15240,15240
446604,10500,10500
446613,5148,5148
446640,23900,23900
446668,17316,17316
446677,18021,18021
446729,12540,12540
446774,288,288
446792,14088,14088
446808,14079,14079
446835,13505,13505
446844,13567,13567
446880,9000,9000
447050,11880,11880
447263,14649,14649
447272,13464,13464
447290,13896,13896
447360,25273,25273
447421,13916,13916
447458,23600,23600
447476,15000,15000
447582,3966,3966
447670,14040,14040
447689,3075,3075
447698,.,.
447801,.,.
447847,14575,14575
447935,11520,11520
447953,8320,8320
448284,10360,10360
448309,9360,9360
448345,14724,14724
448354,20400,20400
448567,11821,11821
448576,18648,18648
448585,12960,12960
448594,1380,1380
448600,12090,12090
448664,9540,9540
448673,9360,9360
448691,.,.
448734,13464,13464
448752,18021,18021
448761,18021,18021
448822,12540,12540
448840,4206,4206
448859,16216,16216
448886,9684,9684
449010,17496,17496
449038,14040,14040
449083,11952,11952
449092,11952,11952
449117,9684,9684
449126,10440,10440
449135,7080,7080
449144,7080,7080
449302,15000,15000
449339,6480,6480
449348,4200,4200
449481,.,.
449524,10940,10940
449612,14500,14500
449658,9350,9350
449700,15495,15495
449764,19500,19500
449834,7320,7320
449870,10512,10512
449889,.,.
449898,17234,17234
449922,.,.
449931,10200,10200
450003,10440,10440
450049,17388,17388
450058,13813,13813
450067,14196,14196
450085,17496,17496
450094,18648,18648
450191,13932,13932
450289,13986,13986
450298,14040,14040
450304,.,.
450377,14040,14040
450456,12221,12221
450465,14382,14382
450483,12012,12012
450526,13464,13464
450535,13464,13464
450544,13056,13056
450571,9360,9360
450766,34352,34352
450933,5040,5040
450942,.,.
450979,9000,9000
451060,13968,13968
451079,.,.
451130,.,.
451370,10400,10400
451398,11950,11950
451404,7600,7600
451413,26960,26960
451510,.,.
451556,13000,13000
451635,9125,9125
451662,16920,16920
451671,4206,4206
451699,12276,12276
451705,18021,18021
451741,5895,5895
451750,17145,17145
451769,14040,14040
451796,15300,15300
451820,17568,17568
451848,18648,18648
451857,15174,15174
451866,15882,15882
451875,13428,13428
451884,12960,12960
451909,13622,13622
452018,15444,15444
452027,17028,17028
452036,12468,12468
452045,12780,12780
452054,12328,12328
452063,13596,13596
452090,13464,13464
452106,900,900
452115,14382,14382
452124,16500,16500
452373,12780,12780
453163,14040,14040
453215,14040,14040
453455,14832,14832
453464,14832,14832
453473,14832,14832
453747,8460,8460
453756,16080,16080
454184,33870,33870
454227,18890,18890
454236,18900,18900
454245,18900,18900
454458,13810,13810
454582,11880,11880
454591,13500,13500
454616,16560,16560
454625,14382,14382
454689,3292,3292
454698,13029,13029
454740,8032,8032
454829,4050,4050
454838,.,.
454856,13840,13840
454883,10962,10962
455099,.,.
455114,2400,3600
455169,.,.
455178,.,.
455257,8200,8200
455390,15430,15430
455406,.,.
455433,.,.
455479,13952,13952
455512,1124,1124
455549,19872,19872
455558,20976,20976
455567,12344,12344
455585,14040,14040
455600,11952,11952
455619,12708,12708
455628,12736,12736
455655,9828,9828
455664,12450,12450
455707,17300,17300
455716,14382,14382
455770,27164,27164
455804,.,.
455813,.,.
455974,9492,9492
455992,.,.
456010,17496,17496
456056,14382,14382
456180,12611,12611
456205,9648,9648
456296,14388,14388
456302,13306,13306
456348,18112,18112
456454,12632,12632
456481,11340,11340
456490,10620,10620
456542,.,.
456579,9360,9360
456612,11592,11592
456621,14040,14040
456782,14040,14040
456791,11592,11592
456807,14040,14040
456816,14040,14040
456834,.,.
456940,12429,12429
456959,11896,11896
456977,11952,11952
457004,14832,14832
457022,12560,12560
457129,18900,18900
457226,9000,9000
457271,.,.
457350,.,.
457402,7200,7200
457411,16520,16520
457484,9960,9960
457493,13000,13000
457697,7000,7000
457767,12388,12388
457925,10750,10750
458034,9308,9308
458113,8000,8000
458140,14550,14550
458159,.,.
458210,33100,33100
458229,33100,33100
458256,14382,14382
458380,19872,19872
458405,9792,9792
458432,14400,14400
458441,9612,9612
458450,9288,9288
458469,6120,6120
458496,17496,17496
458502,16663,16663
458557,15000,15000
458575,19000,19000
458593,14382,14382
458681,18500,18500
458733,14040,14040
458779,14040,14040
458885,14040,14040
458919,14040,14040
458955,14040,14040
458964,14040,14040
458973,14040,14040
458982,17568,17568
458991,14040,14040
459082,.,.
459091,13500,13500
459107,15865,15865
459161,23487,23487
459204,24550,24550
459222,9000,9000
459259,17234,17234
459268,17234,17234
459310,6690,6690
459417,12610,12610
459444,9965,9965
459727,14400,14400
459736,.,.
459745,.,.
459824,33375,33375
459842,12560,12560
459851,12560,12560
459949,3434,3434
459994,14040,14040
460020,15195,15195
460039,11952,11952
460048,11592,11592
460075,9360,9360
460215,13932,13932
460349,14823,14823
460358,12360,12360
460376,9408,9408
460385,20269,20269
460394,1380,1380
460464,1380,1380
460473,15000,15000
460482,19872,19872
460613,11952,11952
460640,9419,9419
460677,6720,6720
460738,9120,9120
460747,24990,24990
460756,16633,16633
460774,14382,14382
460783,14811,14811
460817,9360,9360
460826,9720,9720
460835,9720,9720
460844,14382,14382
460853,14382,14382
460871,18900,18900
460899,18021,18021
460923,14382,14382
461014,10800,10800
461023,7800,7800
461032,5040,5040
461120,.,.
461139,.,.
461148,25332,25332
461157,30250,30250
461236,4800,4800
461281,9600,9600
461315,2400,2400
461485,.,.
461528,4080,4080
461643,9300,9300
461759,4920,4920
461795,11450,11450
461883,10080,10080
461953,10766,10766
462044,.,.
462354,24000,24000
465812,18021,18021
466152,12960,12960
466161,12960,12960
466170,12960,12960
466189,12960,12960
466514,14040,14040
466921,18900,18900
466930,18900,18900
467793,13500,13500
468006,.,.
468015,17568,17568
468024,17338,17338
468398,14400,14400
468723,6120,6120
469407,7080,7080
469416,7080,7080
470092,14868,14868
470162,11592,11592
474863,16812,16812
474881,10265,10265
474890,18021,18021
474906,18021,18021
474997,15331,15331
475033,.,.
475042,11592,11592
475060,10080,10080
475079,9000,9000
475121,13324,13324
475130,16564,16564
475185,1602,1602
475194,9288,9288
475200,12960,12960
475228,.,.
475273,16902,16902
475291,11950,11950
475352,14382,14382
475370,14382,14382
475398,9150,9150
475422,10500,10500
475477,11520,11520
475495,.,.
475510,.,.
475529,9450,9450
475565,4800,4800
475583,13810,13810
475592,12060,12060
475608,8280,8280
475617,14382,14382
475635,23220,23220
475644,7525,7525
475699,17604,17604
475732,18900,18900
475741,18900,18900
475811,.,.
475839,7800,7800
475866,12060,12060
476337,15750,15750
476355,19400,19400
476601,12400,12400
476692,9000,9000
476717,9140,9140
476975,8400,8400
477039,25860,25860
477950,18021,18021
477996,13428,13428
478005,13428,13428
478014,13428,13428
478634,18021,18021
479956,13174,13174
480064,10620,10620
480073,17262,17262
480082,17234,17234
480091,14040,14040
480107,14382,14382
480134,.,.
480143,35829,35829
480189,15950,15950
480198,12120,12120
480204,16117,16117
480301,.,.
480480,14832,14832
480499,4500,4500
480514,11400,11400
480569,12240,12240
480657,9360,9360
480781,7800,7800
480790,.,.
480815,14382,14382
480967,6600,6600
480985,6000,6000
481030,.,.
481058,2640,2640
481094,.,.
481155,13926,13926
481207,14400,14400
481225,4176,4176
481401,4800,4800
481410,9900,9900
481438,11000,11000
481599,19872,19872
481720,17297,17297
481766,9600,9600
481915,10440,10440
481988,12000,12000
482024,11952,11952
482149,6382,6382
482158,2608,2608
482185,17531,17531
482228,5160,5160
482255,16520,16520
482307,13428,13428
482316,13428,13428
482325,13428,13428
482334,13428,13428
482343,13428,13428
482361,12960,12960
482370,13428,13428
482398,13680,13680
482413,17052,17052
482422,17052,17052
482431,17052,17052
482440,17052,17052
482459,17052,17052
482468,17052,17052
482477,17052,17052
482486,17052,17052
482538,17052,17052
482547,17052,17052
482556,17052,17052
482565,17052,17052
482574,17052,17052
482583,17052,17052
482608,17052,17052
482617,17052,17052
482635,17052,17052
482653,17052,17052
482680,3648,3648
482699,2181,2181
482705,21550,21550
482927,9540,9540
482936,3152,3152
482954,11592,11592
482990,18880,18880
483018,34568,34568
483036,4174,4174
483045,2136,2136
483124,7885,7885
483212,3214,3214
483319,14382,14382
483504,19872,19872
483522,3240,3240
483586,13000,13000
483647,21000,21000
483780,13500,13500
483869,5554,5554
483975,.,.
483984,9120,9120
484181,35150,35150
484473,3358,3358
484613,11219,11219
484622,11911,11911
484631,11814,11814
484640,11483,11483
484668,11979,11979
484677,10711,10711
484686,12144,12144
484695,11956,11956
484701,11753,11753
484710,11461,11461
484729,12482,12482
484738,11779,11779
484747,10666,10666
484756,11964,11964
484765,11934,11934
484783,12073,12073
484835,5895,5895
484844,10000,10000
484862,10470,10470
484871,9000,9000
484905,7249,7249
484932,4120,4120
484978,14382,14382
485078,10592,10592
485111,5445,5445
485263,18021,18021
485272,20266,20266
485281,13428,13428
485290,.,.
485403,.,.
485421,5040,5040
485458,4005,4005
485519,8325,8325
485537,.,.
485546,8280,8280
485768,3588,3588
485856,12000,12000
485908,9000,9000
485999,9000,9000
486017,7050,7050
486026,9500,9500
486053,6080,6080
486080,.,.
486123,19800,19800
486196,8000,8000
486239,10200,10200
486257,4020,4020
486284,13500,13500
486354,8787,8787
486424,16000,16000
486433,.,.
486460,.,.
486488,17300,17300
486558,16520,16520
486576,7500,7500
486594,5280,5280
486840,4256,4256
486901,30250,30250
486938,18900,18900
486947,18900,18900
486956,18900,18900
486965,39600,39600
487010,9324,9324
487092,42600,42600
487162,2136,2136
487296,8297,8297
487302,23871,23871
487311,13065,13065
487320,4665,4665
487357,14832,14832
487366,14832,14832
487375,18880,18880
487384,13480,13480
487418,13480,13480
487436,13480,13480
487445,13480,13480
487463,13480,13480
487524,16050,16050
487603,11995,11995
487658,17531,17531
487667,19289,19289
487746,8250,8250
487843,16000,16000
487852,.,.
487968,17500,17500
487995,7500,7500
488004,11000,11000
488068,5880,5880
488077,7500,7500
488095,8500,8500
488101,11500,11500
488305,7488,7488
488314,9100,9100
488350,7700,7700
488387,.,.
488448,30240,30240
488527,.,.
488554,.,.
488572,.,.
488679,8697,8697
488730,2108,5744
488800,.,.
488819,45000,45000
488846,.,.
488907,.,.
488943,14359,14359
489104,12600,12600
489201,1104,1104
489256,10785,10785
489344,18900,18900
489353,18900,18900
489414,9900,9900
489779,13356,13356
489788,13356,13356
489858,.,.
489937,8850,8850
490009,31905,31905