UNITID,CIPTUIT1,CHG1PY0,CHG1PY1,CHG1PY2,CHG1PY3
101277,.,9150,10050,10050,10050
102711,.,3025,3025,3025,3250
103501,.,13693,14290,14965,15315
103741,.,16000,16750,16750,17424
103811,.,9150,9150,9450,9450
103893,.,14287,14283,14265,14128
103909,.,14287,14283,14265,14128
103927,.,14287,14283,14265,14128
103954,.,14060,14500,14500,14500
103963,.,19220,19220,19220,19220
104090,.,85000,85000,85000,85000
104391,.,11100,11100,11500,11500
104434,.,16000,16750,16750,17424
104443,.,16672,17422,17422,17424
104504,.,11194,11194,11194,11254
104568,.,16000,16000,16000,16000
104911,.,15495,15495,15495,15495
105215,.,26300,26850,26950,27100
105482,.,11194,11194,11194,11254
105534,.,11397,11734,12024,12380
105543,.,11397,11734,12024,12380
105659,.,18150,18650,18650,19350
105677,.,10450,10450,10950,10980
105701,.,9450,14410,11340,13608
105987,.,14682,14682,14682,14682
106041,.,40900,41900,42950,43950
106111,.,16000,16750,16950,17424
106281,.,11800,12400,12400,12400
106315,.,14250,16125,16125,18540
106324,.,10195,12900,14400,14400
106351,.,14270,16500,16750,16750
106360,.,11420,13045,13045,13045
106494,.,11420,13045,13045,13045
106892,.,9960,9960,10700,10700
106908,.,15250,15500,15500,15500
107099,.,13100,13100,13100,13500
107123,9637,.,.,.,.
107211,.,13870,13870,13870,13870
107220,.,12950,13695,13695,13695
107293,.,15000,15000,15000,15000
107363,.,10545,10545,10545,10545
107442,.,13350,15825,15825,15825
107655,.,13850,14350,14350,14350
107789,.,13500,13500,13500,14250
107831,.,13200,13200,14070,14900
108065,.,7500,9750,14562,13712
108348,.,15300,15300,15300,15300
108649,.,16000,16000,19200,19200
108977,.,16100,16100,16100,16100
109040,.,16950,16950,16950,17650
109721,.,14900,17000,17000,17000
109730,.,17008,17008,17000,17000
109934,.,20850,21350,21650,22522
110194,.,14038,14045,15215,15215
110875,.,15180,15180,15172,16900
111054,.,15125,15200,15125,16625
111513,.,16935,16935,17725,17600
111638,.,28256,28265,28765,29037
111708,.,10165,11182,11182,12182
111717,.,9958,10954,10954,11954
111726,.,10165,11182,11182,12182
111744,.,10165,11182,11182,12182
111762,.,8624,9486,9486,10486
111799,.,9958,10954,10954,11954
112181,.,10000,10000,10000,10000
112288,.,11907,12482,12518,12464
112367,.,10500,12000,12000,12000
112455,.,16753,16910,20000,20000
113449,.,16000,16000,16000,16000
114044,.,16750,16750,17500,18000
114123,.,17700,17700,19650,19650
114460,.,15322,15694,16405,16405
114628,.,10075,10075,12000,13950
114637,.,11156,11156,11350,11250
114761,.,10500,11200,12900,13700
114947,.,19510,19613,21134,21134
115010,.,28525,31100,31800,33247
115357,.,18400,18400,18400,18400
115658,.,11860,12280,12280,11880
115931,.,13661,13661,13611,13604
116350,.,16900,17900,18900,18900
116563,.,9000,9000,9050,9050
117238,.,15500,15500,16000,16000
117955,.,17700,17750,17200,17450
118134,.,16000,16084,16065,16075
118143,.,16084,16084,16075,16075
118161,.,19219,19437,19531,19622
118189,.,8200,9000,9000,9000
118198,.,13280,13900,14250,14530
118259,.,14236,14236,14228,14403
118277,.,16249,16249,16240,16415
118286,.,14987,14987,14979,15154
118958,.,16451,16235,16235,16409
118967,.,19760,19760,19749,19849
118994,.,13999,13999,14842,15842
119553,.,14341,14981,15206,15358
119845,.,14483,14483,17675,17700
119951,.,15085,15085,15573,15573
120069,.,28525,31100,30784,33247
120078,.,28525,31100,30784,33247
120087,.,28525,31100,30724,33247
120272,.,14603,15404,17050,17850
120661,.,30297,30801,30900,31100
121433,.,12882,14475,14475,14475
121637,.,11050,11550,11550,12050
121859,.,18400,18400,18400,18400
121868,.,18400,18400,18400,18400
121992,.,9139,9455,9591,9701
122685,.,29750,30250,30250,30175
123350,.,9100,9100,9100,9300
123493,.,6950,7090,7090,7090
123642,.,44690,42750,42849,47389
123679,.,13731,13776,13000,14130
124681,.,18300,19500,19500,19500
124706,.,14984,13741,13000,14155
124779,.,16200,16200,16200,16200
124937,.,14695,14993,15100,15200
125082,.,16884,16884,16884,16884
125310,.,13032,14475,16075,16075
125532,.,42277,42277,42277,42458
126164,.,18190,18190,18190,18190
126687,.,14836,15598,14700,14900
126784,.,19961,20520,20520,20520
126915,.,6365,6365,6123,6498
126951,.,28984,29029,29614,30568
127158,.,7490,8465,8197,8752
127219,.,18380,18380,18380,18080
127228,.,16500,16500,16500,16500
127316,.,15565,15565,15565,15565
127839,.,21964,22964,32640,32640
127954,.,6900,7200,7500,7750
128179,.,28873,27935,27900,28650
128188,.,25707,25200,25215,14483
128337,.,18000,18750,18750,18756
128540,.,15000,16000,17000,17000
128674,.,16357,16327,16647,13650
128896,.,14285,14285,14295,14330
129181,.,29645,30238,30836,31357
129349,.,18500,19500,19500,19500
129482,.,18520,18495,18495,18495
129923,.,31475,31475,31475,28057
129932,.,10295,10295,10295,10295
129969,.,16960,16960,19960,19960
130509,.,26925,27600,27600,27625
130873,.,14358,14939,15035,15000
131061,.,13750,14525,14525,14525
132268,.,26500,26500,26500,27295
132374,.,4565,4565,4565,4565
132675,.,2773,2773,2805,2802
132806,.,19955,3500,3500,3500
133155,.,4567,4567,4617,4916
133845,.,38390,38990,38990,40060
133854,.,14792,15023,14900,14990
133863,.,14622,15108,14700,14790
133942,17500,.,.,.,.
133997,.,18000,18000,19238,19350
134024,.,10000,10000,11200,11200
134112,.,17439,17439,17439,17439
134228,.,6945,6945,6995,8995
134291,.,2874,2874,2891,2891
134307,.,3906,3846,3846,3960
134529,.,13200,14862,14382,15582
134574,.,11506,11651,11651,11181
134714,.,15900,15900,15900,16200
135124,.,23908,23973,23973,14381
135142,.,14832,14850,14912,14912
135179,.,4441,4733,4558,4707
135267,.,2197,2197,2197,2315
135276,.,6487,6215,5911,5987
135294,.,3500,4067,5055,4891
135337,.,15650,15650,15650,15650
135407,.,4890,4830,4566,4566
135559,.,10800,10800,10800,10800
135647,.,2250,2250,2250,2250
135735,.,2023,2023,2023,2178
135771,.,14017,16111,16111,14573
136109,.,12600,12600,12600,12430
136303,.,3979,3945,3930,3965
136491,.,6745,6719,6623,6831
136659,.,3254,3254,3254,3318
136783,.,12600,12600,12600,12600
136826,.,2491,2478,3571,3927
137023,.,5829,5838,5878,5856
137087,.,3942,3942,3942,3942
137120,.,5653,5772,5798,5886
137245,.,4209,4209,4209,4209
137591,.,14600,15550,16950,16950
137713,.,3379,3379,3379,3379
137856,.,5594,5698,4564,4494
137865,.,4540,4535,4540,4540
138132,.,13150,13750,14250,14650
138284,.,4017,3773,3773,3773
138372,.,3422,3467,3484,3507
138479,.,4290,4209,4290,4209
138488,.,3717,3734,3859,4556
138497,.,2775,2798,2780,2814
138822,.,18745,18700,18700,18700
138938,.,11956,11855,11975,11975
139506,.,18725,18550,19100,19100
141608,.,13237,13237,13237,13237
141848,.,15700,15700,15700,15700
141945,.,13691,13691,14737,14737
142054,.,54125,54125,54125,54030
142407,.,12500,13500,13500,14500
142416,.,14605,14605,14605,14605
142489,.,10250,10550,12550,12550
142869,.,12650,12650,12650,12600
142878,.,12600,12600,12600,12600
143181,.,13650,13650,14000,14600
143303,9060,.,.,.,.
143376,.,16948,17390,17912,19480
143464,.,17425,17425,17425,17425
143473,.,10340,10490,10740,10740
143482,.,12340,12490,13010,13810
143491,.,10340,10490,10740,10740
143516,.,12340,12490,12740,13740
143543,.,17595,18345,18495,18150
143552,.,18200,18300,18300,18250
143695,.,18660,18660,18660,18660
144485,.,14956,15712,15687,16195
144573,.,13650,13650,14000,14600
144795,.,14500,14500,15000,14000
145099,.,14755,14830,14830,15050
145309,.,13975,14875,14875,14875
145406,.,12856,15023,15023,12243
145424,.,16950,16950,16950,16950
145433,.,17450,17450,18450,18450
146454,.,17175,17175,16075,16775
146700,.,31502,32452,33316,34137
146807,.,15000,15000,15000,15000
147439,.,15095,15095,15095,15095
147642,.,10000,9700,9600,9600
147819,.,14425,15300,15450,15450
148098,.,16100,16100,17100,17100
148955,.,10325,10900,11250,13300
149204,.,17175,17175,16775,16775
149499,.,12900,13200,13500,13510
149550,.,17100,17100,17100,17100
150075,.,8600,8600,8600,8600
150303,.,18800,19400,19982,19982
150428,.,16150,17275,17800,16500
150437,.,16100,17100,17100,16500
150695,.,14650,14650,14650,14760
150710,.,15650,15650,15650,15650
150765,.,12350,12610,12610,12610
150853,.,15100,15100,15100,15100
151564,.,4990,5230,5270,5310
151607,.,14100,16900,17507,17407
151652,.,15645,16395,16395,17250
151661,.,25831,27950,28522,29342
152044,.,8216,13700,13700,13700
152150,.,15100,15100,15100,15100
152275,.,11800,12300,12950,13850
152309,.,14850,14850,14850,14850
152327,.,12375,12375,12885,15630
152415,.,15555,15555,15555,15805
152628,.,11020,11075,11075,11075
153074,.,16780,17280,17280,17280
153083,.,16780,17280,17280,17280
153171,.,16800,16800,16800,16800
153339,.,12350,12950,12950,12950
153463,.,16590,16590,16590,16590
153588,.,19817,19767,19792,21977
153597,.,16800,16800,16800,16800
153746,.,18660,18660,18660,18660
153764,.,18660,18660,18660,18660
153773,.,17650,17650,17650,17650
153782,.,18660,18660,18660,18660
154165,.,16800,16800,16800,16800
154208,.,18943,19833,20623,20849
154332,.,18660,18660,18660,18660
154341,.,18660,18660,18660,18660
154448,.,16780,17280,17280,17280
154457,.,16800,16800,16800,16800
154466,.,18350,18350,18625,18625
154545,.,14228,14228,14550,16100
155159,.,13000,13000,13000,13200
155283,.,14760,16005,14400,14480
155353,.,14995,15850,15850,15850
155441,.,13100,13100,13100,13100
155618,.,12423,16400,16400,16600
156134,.,18700,19700,19700,19700
156277,.,15100,15500,16565,17115
156310,.,15100,15100,15100,15100
156426,.,15650,15650,15650,16816
156471,.,33040,36280,36280,37015
156754,.,15100,15100,15100,15100
156842,.,15900,15900,15900,15900
156967,.,15300,15300,15600,15600
157614,.,16380,17130,17130,17136
157650,.,16380,17130,17130,17136
157669,.,16380,17130,17130,17136
157678,.,16380,17130,17130,17136
157827,.,14580,14580,16650,16650
158246,.,14500,15900,15900,15900
158343,.,16354,16354,16354,16354
158440,.,17290,18150,18750,18150
158538,.,6975,6975,6975,6975
158617,.,10950,10950,11950,8500
158644,.,13300,13300,13300,12100
158778,.,6112,6112,8500,15100
158787,.,12000,12500,12500,12500
159027,.,13500,13500,12900,12900
159319,.,9700,10200,10200,10200
159328,.,9700,10200,10200,10200
159513,.,18000,18000,18000,18000
159522,.,18000,18000,18000,18000
159531,.,11150,11150,12075,12575
159601,.,8500,9500,9500,9500
160117,.,15255,13965,15500,15510
160126,.,13500,13500,13500,13500
160135,.,13965,13965,15500,15510
160199,.,11610,11610,11610,12010
160320,.,18000,18000,18000,18000
160445,.,16600,16600,16660,16550
160472,.,13390,13390,13390,15305
160597,.,13000,13000,13000,12900
160995,.,16770,16026,20245,20285
161493,.,15000,15750,15750,15750
161527,.,14500,14500,14500,14500
161615,.,16000,16000,16000,16000
161651,.,12100,12100,15000,15000
161776,.,15137,15272,15272,15522
161800,.,17995,18995,19425,19425
161855,.,15150,16650,16650,16650
162335,.,15675,16144,16444,16444
162371,.,15950,15950,15950,17819
162830,.,17035,17035,17035,17060
162982,.,29500,29500,29775,29775
163028,.,29676,30564,30564,31176
163107,.,15150,16650,16650,16650
163347,.,17011,17011,17011,18449
163408,.,17995,18995,19425,19425
163541,.,17995,17995,17995,17995
163736,.,15123,15258,15258,15778
163754,.,17047,17047,17047,17751
163815,.,15150,16650,16650,16650
164058,.,15273,15273,15273,15523
164535,.,12207,10877,10926,10460
164599,13975,.,.,.,.
164678,.,19995,19995,19995,19265
164845,.,11200,11950,11950,11950
165060,.,46974,47863,49219,49219
165255,.,13849,13849,13849,14448
165556,.,15539,15539,15539,16445
165608,.,13275,15215,16615,17115
165635,.,34000,35000,35000,35500
165750,.,12500,12500,14000,14000
166009,.,49575,48875,48875,48875
166498,.,12790,12840,13065,13065
166586,.,11450,11750,11750,11950
166595,.,11450,11750,11750,11950
166805,.,11950,11950,12750,12750
166975,.,11982,12007,12007,11537
167039,.,12500,12500,14000,14000
167297,.,45150,47400,49758,49950
167738,.,16100,16100,16100,16100
167871,.,8476,8500,10125,11125
168032,.,12500,12500,14000,14000
168555,.,15750,15750,15750,17150
168573,.,15956,15956,15956,15956
168892,.,7850,7300,7400,7500
169071,.,8475,8475,8475,8575
169284,.,15180,16020,16020,16020
169503,.,13150,14150,14150,14150
169576,.,26400,26970,27400,27400
169813,.,13500,13700,14800,14800
169947,.,6800,6800,7400,7475
170611,.,13175,13175,13175,14171
170736,.,9200,9700,9700,10900
171012,.,9600,10090,10090,10961
171261,.,14325,14325,14325,16325
171322,.,34583,34574,27666,28645
171465,.,12000,12000,12000,12000
171775,.,14825,14825,14825,15825
171988,.,15680,15680,15740,15740
171997,.,15680,15680,15740,15740
172015,.,15680,15680,15740,15740
172325,16500,.,.,.,.
172495,.,15300,15300,15300,15300
172680,.,11515,11515,11515,16015
172802,.,9400,12100,12100,12100
172927,.,5150,5150,6920,6920
173470,.,15400,15500,15500,15500
173726,.,15400,15500,15500,15500
173744,.,18000,18550,18650,19000
173966,21328,.,.,.,.
174190,.,18600,18600,18600,18600
174321,.,14821,14821,15499,14550
174978,.,15717,16467,16467,16461
175120,.,5400,5400,5400,5400
175494,.,10900,10900,10900,10900
175607,.,9100,9350,13675,18290
175698,.,13200,13200,13200,13200
175722,.,10169,13020,13900,13900
176062,.,10875,11070,11175,11175
176390,.,13870,13870,13870,13870
176716,.,16300,17000,17000,17800
176798,.,8122,8432,8598,8372
176983,.,5515,5715,5815,6050
176992,.,12500,13300,13300,13000
177056,.,12515,12715,12815,12723
177287,.,15075,15075,15075,15450
177302,.,19315,19315,20465,20465
177588,.,16300,17000,17800,17800
177603,.,15150,15150,15150,15150
177685,.,11040,13600,13875,13875
177931,.,10738,11262,11355,11835
178077,.,13650,13650,14700,15150
178183,.,14680,14680,14680,14680
178262,.,15700,15700,15500,15500
178314,.,7810,9310,9310,13785
178466,.,10576,10784,10369,10432
178484,.,15700,15700,15500,15500
178527,.,9850,9850,9850,9850
178828,.,10092,11311,11311,11361
179052,.,10650,10650,10650,10650
179195,.,9200,9400,9400,9600
179229,.,12750,12750,12750,12750
179238,.,7810,8110,8500,8500
179511,.,15465,15200,15415,14845
179991,.,11665,11665,11665,11665
180063,.,10950,10950,10950,10950
180090,.,10800,10800,10800,10800
180391,.,12600,12660,13160,13160
180771,.,18660,18660,18660,18660
180957,.,18920,19430,19430,19430
181190,.,19000,19000,19000,19000
181880,.,20390,20690,20815,20815
181941,.,24263,25225,23625,23625
182652,.,17030,17999,18299,18799
182704,.,18495,18495,18495,18495
182722,.,18495,18495,18495,18495
182892,.,16355,16355,16430,16430
182953,.,16995,16995,16995,16995
182999,.,16743,16743,16993,16975
183035,.,10500,10500,10500,10500
183202,.,15000,15700,16200,16200
183725,.,16991,16991,16991,16991
183983,.,11220,11450,11700,11930
184047,.,15112,15112,15312,15312
184056,.,28243,29190,29651,30928
184092,.,18020,17995,17995,18495
184278,.,26925,26925,26925,26925
184427,.,33939,34912,35904,36332
184506,.,14400,15150,15150,15156
184746,.,17000,17000,17000,17615
184816,.,14400,15150,15150,15156
184870,.,13647,16735,17025,14685
185332,.,11450,11450,11710,11710
185396,.,27248,28054,28652,29277
185466,.,17900,17900,17900,17900
185767,.,15750,15750,17430,17880
185970,.,17570,17770,15600,15600
186016,.,16880,16980,16980,16880
186052,.,21095,21095,21095,21095
186274,.,15750,15750,17430,17880
186335,.,15700,15700,15700,15700
186593,.,14525,15065,15040,15040
187000,.,23520,23940,24780,25200
187161,15050,.,.,.,.
187505,.,15495,15495,15495,15495
187602,.,14230,14240,14240,14240
188289,.,15195,15195,15195,15195
188650,.,16080,16080,16080,16280
188890,.,18300,18200,18200,18200
188915,.,29945,30669,31647,31747
188988,.,9415,9858,10375,10375
189219,.,11225,11225,11225,11225
189404,.,13200,13200,13200,13200
189468,.,12600,12600,13600,13600
189477,.,7490,7490,8190,8190
189714,.,13100,13100,13100,14100
189954,.,12600,12600,12600,12600
189990,.,5750,7500,8000,8000
190239,.,12860,12000,12000,12750
190293,.,11900,11900,12440,12590
190309,.,11900,11900,12440,12590
190318,.,11900,11900,12440,12590
190707,.,16550,16550,19750,19650
191287,.,47900,47900,39050,39050
191311,.,19510,19475,21000,21000
191409,.,12600,12600,13600,13600
191728,.,13440,13490,13490,13490
191834,.,16566,16566,16530,16530
191940,13335,.,.,.,.
192484,.,13200,13200,13200,13200
193122,.,11250,12500,12775,13250
193186,.,12600,12600,12600,12700
193265,.,12700,13600,13600,14500
193672,.,10905,11410,11410,11410
193760,.,15798,16255,14915,14889
193858,.,14300,14300,14300,14365
193991,.,12910,11750,11750,12500
194259,.,9725,9725,9840,10075
194435,.,11900,11900,12440,12590
194879,.,13000,13000,13000,13000
195067,.,14290,12000,12000,12750
195623,.,9600,9600,9600,9600
195933,.,11250,11250,11390,11390
197337,.,9481,10434,10346,12550
198190,.,15750,15750,16500,16500
198844,.,6700,6700,7200,7200
199005,.,9950,10750,10125,10125
199078,.,14088,14063,14590,14743
199670,.,6000,12750,16500,16500
199689,.,10900,12900,12900,13900
199980,.,7675,7675,7845,7845
200110,.,13100,17000,17000,17000
200129,.,12000,12000,13800,13800
200165,.,13100,16500,16500,16500
200262,.,5380,6337,6337,6337
200387,.,14395,14395,14395,14395
200828,.,11035,12035,12035,11000
201034,.,10260,10750,10750,9608
201098,.,4810,4767,5028,4941
201131,.,9275,9750,10000,10750
201159,.,12950,11745,13450,13950
201478,.,7800,7800,8500,8500
201496,.,5807,6193,6185,6592
201539,.,11200,11520,11320,12054
201681,.,13805,14805,15790,15810
201982,.,13752,13752,14608,14508
202055,.,10800,10800,10800,10800
202152,.,6000,6000,6000,6600
202453,.,10860,10860,10860,10860
202657,.,8900,10060,10375,10590
202888,.,8780,9135,9335,9520
202949,.,7095,7195,7280,7250
202985,.,10500,10675,10675,12499
203030,.,13500,14400,15000,15000
203146,.,15340,15340,16190,16190
203225,.,15600,15235,15235,15235
203234,.,15680,15680,15740,15740
203438,.,18150,18350,18350,18400
203614,.,9220,9220,9220,9220
203942,.,4979,5120,5120,4570
204121,.,14450,14450,14950,15315
204158,.,12660,12660,13120,13660
204334,.,15750,15850,15950,15850
204431,.,7181,8800,8900,8900
204459,.,15400,15000,15000,15000
204608,.,20900,20500,20500,20500
204626,.,15195,15195,15195,15445
204714,.,12000,12000,13200,13200
204723,.,12510,12870,13500,14040
204769,.,11500,11500,12000,12500
204778,.,18900,18900,19400,19900
204963,.,16056,16858,18544,18544
204981,.,12880,12900,12850,13238
205142,.,15310,17640,17640,17740
206039,.,14025,14925,15425,15925
206172,.,645,645,821,821
206181,.,11753,12061,12325,12630
206321,.,14065,14399,14375,14373
206482,.,17995,18995,18995,18995
206783,.,12625,12625,13325,13325
206880,.,12000,12000,12000,13500
206905,.,4373,4377,4405,4470
206932,.,15875,15875,15995,15995
206969,.,9000,9000,9150,9150
207087,.,11950,12100,12600,12900
207102,.,15695,15695,15695,15695
207166,.,9100,9150,9100,9250
207272,.,8600,10200,10200,10200
207537,.,10938,10938,10938,10938
207625,.,34020,34020,28200,28200
207704,.,12375,13125,13125,13175
207786,.,10200,12200,12200,12200
207962,.,16855,17355,18555,18555
208017,.,9100,9400,9400,9400
208026,.,1908,1838,1838,2100
208044,.,11875,11775,11875,11875
208053,.,2625,2625,2625,2625
208080,.,16955,16955,16955,16955
208123,.,11550,9270,9270,9270
208187,.,15125,15125,15125,15125
208248,.,24465,24515,16558,16558
208433,.,13950,13950,13950,13950
208479,.,13997,14495,14500,14590
208512,.,27290,27290,27290,27865
208637,14900,.,.,.,.
208655,.,21900,21900,17900,17900
208859,.,14950,14950,15410,15410
209083,.,16131,18361,18361,18631
209153,.,14950,14950,15410,15410
209205,.,16938,18361,18361,18631
209667,.,14950,14950,15410,15410
209676,.,14950,14950,15410,15410
209694,.,14950,14950,15410,15410
209700,.,21900,21900,17900,17900
209719,.,16280,16280,16280,16280
209986,.,13900,14590,14590,14590
210100,.,13800,13800,13800,14375
210340,.,14025,14025,14025,14025
210474,.,15650,16117,16918,17759
210483,.,26222,26222,30156,30156
210599,.,9800,9800,9800,9996
210711,.,16950,17100,17100,17100
210748,.,11475,11875,12450,12450
210784,.,17050,17100,17100,17100
210951,.,9553,10549,12618,12462
211006,.,38250,38250,38285,40800
211149,.,12000,12000,12000,12000
211316,.,22100,22100,22100,14250
211334,.,13800,13800,13800,13800
211617,.,15585,15585,15585,15970
211635,.,30217,32829,35210,33080
211802,.,25594,27075,27723,27685
211820,.,27600,28200,28200,28500
212230,.,14679,15429,15579,16075
212267,.,14679,15429,15429,16075
212276,.,14490,15240,15240,16075
212294,.,14490,15240,15390,16075
212300,.,14490,15240,15240,16075
212328,.,14679,15429,15429,16075
212337,.,18360,19110,19110,19260
212355,.,14679,15429,15429,16075
212373,.,14679,15429,15429,17000
212382,.,14490,15240,15390,16075
212391,.,14679,15429,15429,16075
212753,.,15372,16122,16122,17000
213002,.,15741,15741,15741,15991
213181,.,16023,16036,16036,15936
213215,.,15650,16117,16918,17759
213330,.,13800,13800,13800,13800
213455,.,12600,12600,12600,12600
213491,.,14425,15125,15125,15125
213552,.,15000,15000,15000,15000
213570,.,15700,16200,16400,16910
213589,.,25979,26767,27300,28029
214254,.,15585,15585,15585,15835
214290,.,16650,17100,17200,19410
214528,.,10850,11865,12990,13276
214546,.,15100,15100,15100,15100
214944,.,21095,21095,21095,21095
214962,.,15100,15100,15100,15100
215008,.,22700,23400,23868,24492
215044,.,9979,10504,10504,9944
215336,.,14100,14100,14100,16100
215390,.,18525,19325,19925,21525
215530,.,12750,12750,12750,13400
215646,.,15585,15585,15585,15835
215886,.,12360,12360,13905,15584
216074,.,14450,15075,15075,15625
216223,.,15300,15750,15750,15750
216579,.,15600,15550,16300,16350
216746,.,8625,9975,9975,9975
217077,.,32074,33140,30240,30849
217323,.,10295,10295,10295,10195
217350,15600,.,.,.,.
217581,.,16500,17250,17250,17250
217794,.,17500,17500,17500,17500
217828,.,16000,16000,16000,16500
218159,.,16750,16850,16850,17225
218195,.,16750,16850,16850,17225
218867,.,9850,10225,10450,10125
219037,.,12090,12730,12730,12730
219125,.,14535,14535,14535,14535
219392,1750,.,.,.,.
219453,.,11700,11850,12200,12200
219587,.,14350,15300,16450,16750
219596,.,3477,3726,3855,3948
219851,.,13475,13625,13625,13425
219903,.,14035,14485,14485,14535
219921,.,4236,4568,4740,4864
219994,.,3477,3726,3855,3948
220127,.,3477,4158,4309,4387
220163,.,14783,15900,16795,16895
220251,.,3477,3726,3855,3948
220279,.,5295,5710,5925,4864
220321,.,3477,3726,3855,3948
220394,.,3477,3726,3855,3948
220491,.,15300,15300,15300,15300
220640,.,3477,3726,3855,3948
220756,.,3477,3716,3855,3948
220765,.,12995,14995,15495,17495
220853,.,4698,4748,5148,5572
221050,.,3477,4566,5394,5987
221102,.,3477,3726,3855,3948
221148,.,26520,27326,28067,28317
221157,.,13600,13600,13600,13600
221236,.,3502,3751,3886,3948
221281,.,3477,3726,3855,3948
221333,.,3477,3726,3855,3948
221388,.,3477,3525,3855,3948
221430,.,5325,5710,5925,4864
221494,.,5295,5710,5925,6080
221582,.,3477,3726,3855,3948
221591,.,3477,3726,3855,3948
221607,.,3477,3726,3855,3948
221616,.,3477,3726,3855,3948
221625,.,3823,3957,4257,4382
221634,.,3447,3477,3726,3948
221829,.,13995,14995,14995,14995
222026,.,14950,14950,13450,13450
222099,.,15605,15605,15605,15605
222886,.,12500,12500,12500,12500
223056,.,12200,12200,13700,13600
223852,.,16000,16000,16000,16000
224013,.,9225,9325,9325,13100
224156,.,17000,17250,17250,17500
224660,.,30746,30479,31390,30938
224679,.,27536,27536,27659,30514
224758,.,9831,9831,9831,9831
224828,.,13995,15000,15000,15000
225201,.,31007,31512,34700,34700
225779,.,23300,23350,23350,23350
225788,.,23300,23350,23350,23350
226125,.,8750,8750,9000,9450
226277,.,19086,19813,20208,20652
226374,.,9168,9168,9783,9775
226675,14171,.,.,.,.
226772,.,8950,10740,13695,13350
226860,.,10100,10100,10100,10100
226903,.,18950,18950,16800,16800
227003,.,17775,14820,11856,12211
227058,.,13275,13275,15225,15225
227155,.,10650,10650,11050,11050
227298,.,19300,19800,20300,20800
227313,.,16350,16650,16950,16950
227322,.,16350,16650,16950,16950
227836,.,16012,16012,16012,16162
228088,.,13450,13450,15550,15550
228185,.,7700,8300,8300,8300
228200,.,19120,18260,18360,18360
228219,.,18260,18360,18360,18360
228282,.,14550,14550,14550,14500
229036,.,15432,15432,15432,15582
229416,.,38400,39350,40350,41350
229425,.,15085,15415,16500,16500
229522,.,12600,12600,15100,16500
229656,.,13930,14295,14295,15795
229957,.,10016,10016,13065,13791
230010,.,2555,3505,3665,3649
230065,.,15750,15750,15750,15750
230135,.,13900,13900,13900,13800
230144,.,13900,13800,13800,13800
230162,.,325,348,385,343
230199,.,12500,12500,12500,12500
230205,.,12500,12500,12500,12500
230214,.,15225,15275,15275,15275
230490,.,4091,4114,3540,3880
230676,.,1480,1480,1480,2590
230977,.,88550,88550,89710,89710
231004,.,15525,15525,15750,15950
231280,.,17000,17000,17000,17000
231688,.,6580,6580,6580,6580
231721,.,16500,16500,16500,16500
233286,.,13720,14650,14650,14750
233480,9800,.,.,.,.
233666,.,13755,13755,15180,15180
234119,.,9400,9800,10000,10000
234191,.,18000,18000,18000,18000
234359,.,8208,8208,8208,8208
234401,.,17500,14750,14750,14750
234650,.,15400,16200,16300,16320
234924,.,14600,14600,18558,16500
235088,.,22700,24800,25900,25900
235158,.,10148,10797,10797,11122
235307,.,11426,11826,11561,12330
235352,.,16400,16400,16400,16400
235501,.,7825,7825,8025,8025
235583,.,17100,17100,17100,17100
235954,.,11500,11500,11839,13225
236018,.,11500,11500,11500,13125
236212,.,29004,31009,32465,33526
236531,.,14726,14726,11781,11781
236744,.,13300,13200,13300,13300
237127,.,11500,11500,11500,11500
237145,.,2600,2600,2600,2600
237303,.,9100,9100,9100,9100
237321,.,15230,15290,15290,15290
237473,.,5034,5604,6010,6024
237491,.,3072,3162,3394,3484
237543,.,3200,3602,3685,3200
237561,.,3945,3795,3795,3925
237570,.,17100,17590,17622,18902
237613,.,11217,11217,11217,11800
237729,.,.,6785,7350,7685
237844,.,2800,2800,2500,2500
237905,6000,.,.,.,.
238005,.,20000,20000,20000,20000
238096,.,4175,3655,4281,4281
238166,.,16533,16533,16533,16533
238175,.,16533,16533,16533,16533
238786,.,13037,13037,14570,14570
238810,.,11900,11900,11900,11900
239877,.,14900,14900,14900,14900
240240,.,14000,13800,14500,14500
240709,.,14375,15375,16100,17000
240718,.,29250,29250,29250,30127
240879,.,8723,8723,9100,9125
240985,.,11090,9690,13200,13300
241182,.,9585,11583,11583,11631
241906,.,9094,9075,9075,8500
242316,.,7775,7885,7925,7980
242413,.,6905,6905,6905,7005
242422,.,9875,9995,9995,9995
242750,.,9385,9675,9820,9895
242820,.,11251,11305,11458,11549
242945,.,7400,7400,7400,7400
242954,.,7400,7400,7400,7400
243072,.,14010,14010,13985,13985
243799,.,13800,13800,13800,13800
244279,.,16900,16900,16900,16900
244491,.,15850,15850,15850,15850
244561,.,14001,13894,13894,11181
244613,.,13978,13978,14804,14085
245069,.,14580,14580,16650,16650
245281,.,9600,9600,9600,9720
245290,.,11110,11110,11010,11010
245962,.,34020,34020,28200,28200
245980,.,8600,8600,10700,10700
245999,.,2760,2760,2760,3157
246017,.,3000,3130,3400,3834
246035,.,14200,17671,17671,17528
246071,.,10975,11675,11675,12075
246202,.,15577,15577,15577,15827
246266,.,14982,14982,14982,15132
246406,.,12392,14830,14830,14830
246415,.,15085,15415,16091,16500
246460,.,9000,9500,9500,9500
246895,.,8165,8225,9562,9221
246974,.,17671,17671,17603,17528
247010,.,15300,15500,15800,15950
247047,.,15150,15150,15150,15150
247409,.,15680,15680,15740,15740
248192,.,10100,10100,10360,10360
248305,.,16380,17130,17130,17136
248527,.,6975,6975,6975,6975
248606,.,1902,1992,2115,1837
248624,.,7968,9390,9390,9390
248633,.,12425,13100,13600,13700
248660,.,16300,16300,15300,15900
248703,.,16350,16650,16950,16950
248925,.,3477,3726,3855,3948
249140,.,15112,15112,15312,15312
249238,.,18500,18500,18500,18500
249566,.,6245,6345,6645,6645
250072,.,11000,11000,13350,13350
250601,.,49165,49165,49165,49055
250902,.,14450,14650,14650,15315
250993,.,2100,2200,2310,2310
251075,.,14585,14585,14585,14835
260336,.,9950,9950,9950,9950
260354,.,27200,28200,28200,28500
260363,.,16912,18553,18955,19139
260664,.,10400,10700,10700,10700
260691,.,11397,11734,12024,12380
260929,.,16850,17100,18100,18100
260965,.,17175,17175,16875,16775
261436,.,20600,19900,19900,19900
261676,.,15680,15680,15740,15740
261685,.,15680,15680,15740,15740
261719,.,16969,17644,18652,19500
261773,.,10900,12000,12000,12000
262341,.,18659,18659,18659,18659
262369,.,15085,15085,15573,15573
262402,.,6290,6290,6290,6290
262466,.,17300,18165,18370,19255
262509,.,24284,24265,24265,14381
362700,.,15540,15540,15540,15540
362782,.,7725,7725,7725,8020
363013,.,15680,15680,15740,15740
363077,.,14250,13780,13780,13780
363147,.,15310,17640,17640,17740
363165,.,6654,6679,6679,6679
363679,.,15750,15750,15750,15750
363882,.,15310,17640,17640,17740
364335,35050,.,.,.,.
364548,.,3132,3115,3155,3317
364575,.,3000,3595,3750,3750
364627,.,2625,2625,2625,3000
364636,.,11300,11300,11300,12995
364751,.,9960,9960,10700,10700
364760,.,10150,10150,10150,10150
364946,.,3969,3969,3750,3750
364955,.,15879,15879,15879,16029
364964,.,8750,9850,9995,9995
365091,.,11250,12500,14815,14715
365125,.,17005,17005,18250,19050
365198,.,2926,2926,4389,4389
365213,.,3270,3750,3809,3857
365240,.,3698,3998,4498,4498
365374,.,3161,3162,3186,3225
365383,.,12742,13042,13042,14750
365480,.,2880,2880,2880,4320
365505,.,13845,13593,13593,13615
365693,.,17995,17095,17095,17945
365763,.,9868,9957,10124,10325
365824,.,15680,15680,15740,15740
365833,.,15680,15680,15740,15740
366155,.,6975,6975,6975,6975
366191,.,40200,41200,42250,43300
366270,.,23000,23000,24000,27500
366289,.,19395,19395,19395,20445
366438,.,15900,17100,17100,17100
366623,.,1440,1440,1920,1920
366632,.,10900,11000,11500,11500
366960,.,14914,14914,14914,15089
367051,.,13500,14250,14250,14250
367088,.,11900,12750,12750,14600
367097,.,13615,14615,14615,15765
367158,.,15680,15680,15740,15740
367334,.,9533,9948,9948,10248
367361,.,13025,13025,13025,13025
367398,.,14734,15193,15656,16843
367431,.,13800,13800,13800,13800
367875,.,3824,3972,3972,3971
367972,.,8635,8635,8735,12153
367981,.,17450,17450,18450,18450
368036,.,9665,10255,10255,10255
368230,.,15012,15762,15762,15156
368364,.,2550,2550,2550,2550
368407,.,14784,14941,15441,15641
368540,.,13450,13450,15550,15550
368629,.,11830,12180,12481,12851
368647,.,4327,3581,3581,3581
368771,.,15539,15622,15675,15715
368780,.,18050,19460,19550,20550
368832,.,10400,10400,10400,11275
369109,.,6616,6416,6475,6658
369400,.,26650,27200,27300,27450
369419,.,3755,3755,3903,3903
369446,.,10800,11100,11100,11600
369668,.,14325,14325,15088,14988
369686,.,8500,8500,8500,8500
369695,.,9230,9350,9350,9550
369783,.,14459,14459,14459,15005
369950,.,9727,9727,10845,10845
371034,.,8000,8000,8000,8000
371690,.,2821,2999,2999,3355
371830,.,15500,16000,16000,17000
371928,.,32027,32027,32027,32157
371964,.,11532,13604,13604,13604
372000,.,11200,11200,11200,11200
372028,.,13408,13411,14347,15750
372073,.,33802,34085,34085,33135
372082,.,7000,7000,7000,7000
372240,.,16150,16110,16110,16110
372356,.,17200,17200,16700,16600
372462,.,10400,10400,10400,12400
372718,.,15890,15890,15890,15890
372772,.,23778,23751,23751,14381
373216,.,18393,18263,18398,18398
373456,.,12198,14000,14000,14000
373526,.,10400,10700,10700,10700
373678,.,12200,12200,12700,13000
373696,.,12500,12500,14000,14000
373711,.,9775,10210,10295,10605
373784,.,10070,10070,10070,10260
374316,.,10169,13020,13900,13900
374343,.,9700,10580,12200,12200
374440,.,7600,7600,7950,7950
374574,.,28243,29090,29864,31042
374592,.,8500,8500,8500,8500
374875,.,15648,15153,15158,15403
374927,.,13100,13100,13100,13100
374990,.,11800,11900,12440,12590
375106,.,9533,9948,9948,10248
375300,.,10800,10800,10800,10800
375319,.,10800,10800,10800,10800
375373,.,13035,13395,13765,13452
375407,.,4680,5880,5880,5880
375540,.,14490,16980,17460,17452
375647,.,18104,18400,18400,18400
375656,.,2926,2926,2926,2926
375683,.,5697,5697,5400,5400
375692,.,1312,1312,1312,1312
375708,.,3874,4200,4200,4790
375717,.,1313,1313,1313,1313
375726,.,1313,1313,1312,1312
375735,.,1313,1313,1313,1313
375744,.,1881,1801,1713,1313
375753,.,1312,1312,1312,1313
375762,.,1312,1312,1312,1312
375939,.,23884,24675,24675,25172
375966,.,12000,12000,12400,12400
375984,.,16380,17130,17130,17000
376242,.,12700,12700,12829,12829
376288,.,6225,6400,6225,6455
376385,.,10920,11255,11255,18800
376446,.,14000,14000,14000,14000
376631,.,13492,13492,13492,15000
376677,.,13424,13824,13824,13824
377193,.,15085,15315,16091,16500
377218,.,31775,32750,32750,33250
377272,.,14600,14600,14600,14600
377281,.,14600,14600,14600,14600
377315,.,8915,9815,10515,10515
377342,.,35000,35000,36550,40500
377485,.,5068,4838,4653,4303
377661,.,15575,15575,15575,15575
377670,.,15575,15575,15575,15575
377722,.,9000,9000,9050,9050
377759,.,11500,13500,14500,14500
378105,.,14457,14808,14950,14875
378886,.,13954,14954,15135,16036
378956,.,34000,35000,35000,35500
379621,.,7410,8060,9140,10610
379746,.,4010,4010,4010,4010
379782,.,7695,7695,7695,8450
380067,.,11400,11600,11600,11700
380456,.,13195,13195,13195,13985
380474,.,12060,12060,12060,12070
381255,.,9958,10954,10954,11954
381282,.,9958,10954,10954,11954
381325,.,9958,10954,10954,11954
381361,.,13700,13700,13700,13700
381370,.,16600,16600,16000,16000
381404,.,16350,16650,16950,16950
381486,.,12950,12950,12950,12950
381699,.,16100,16100,16100,17000
381866,.,9095,9095,9095,9095
381945,.,18060,19460,20334,20550
382258,.,5889,6077,5962,6040
382267,.,15213,16375,17700,17850
382276,.,16464,16464,16664,16664
382416,.,7350,7350,7350,7450
382461,.,10169,13020,13900,13900
382780,.,11455,14995,15495,17495
382896,.,14780,14780,14780,14930
382902,.,9400,9400,10860,10860
383084,.,3300,3300,3300,3330
383163,.,14600,14750,14812,14812
383172,.,3325,3325,3325,3325
383279,.,15750,15750,17430,17430
383297,.,13200,13200,13200,13200
383312,.,5670,5715,5890,6075
383330,.,9905,9190,10178,10547
383367,.,13188,13545,14021,14490
383464,.,8700,9000,9500,9500
383525,.,9500,9500,9500,10000
383765,.,12000,12000,12000,12750
383792,.,11400,11600,11600,11700
383899,.,14844,15103,15656,16843
384236,.,18300,19500,19500,19500
384245,.,18300,19500,19500,19500
385132,.,13900,13900,13900,13900
385549,.,12345,14793,15295,15323
387819,.,7950,8200,8200,8200
387925,.,12473,12953,12593,12653
388663,.,11188,11332,11656,12610
389860,.,7803,7997,8161,8548
390905,.,7495,8085,8585,8589
391005,.,13500,13500,13500,16500
391546,.,11652,11652,15440,15440
391564,.,12700,12700,12700,13020
391759,.,10905,10905,11400,12600
392257,.,17000,17000,17000,17000
392415,.,14318,14191,13935,14235
392798,.,14950,14950,14950,14950
393180,.,11400,11400,11400,11400
393524,.,9518,9919,10124,10150
393649,.,18300,19500,19500,19500
393861,.,900,800,800,800
393977,.,15000,15000,15000,12475
395195,.,18043,18787,20000,19870
395690,.,7542,7542,7529,7525
397270,.,35400,47400,47400,47400
397942,.,18300,19500,19500,19500
400080,.,29400,30668,31400,31400
400187,.,501,501,575,2775
401481,.,12340,12490,13010,13810
401764,.,12600,14600,14999,15200
402563,.,23000,23000,24100,27500
402800,.,15900,16400,16400,16400
403414,.,14950,14950,14950,14950
404037,.,11900,11900,11900,11900
404055,.,14500,15225,15225,15225
404684,.,9000,9405,9467,9493
404718,.,12375,13500,13775,13800
404912,.,11397,11734,12024,12380
405012,.,18900,18900,19400,19900
405021,.,18500,18900,19400,19900
405076,.,18950,18950,16800,16800
405748,.,1312,1312,1312,1312
406024,.,33040,36280,36280,37015
406033,.,24500,26900,26900,27500
406149,.,11850,11850,12450,12950
406325,.,10595,11595,11595,12595
406361,.,9700,9750,9700,9700
406413,.,13045,13045,13045,13045
406422,.,15433,15865,15697,16315
406486,.,11120,11010,11135,11135
406495,.,16500,16500,16500,16500
407054,.,14285,14285,14295,14330
407090,.,11860,11860,11860,12144
407142,.,14500,15500,15500,15500
407151,.,13275,13925,15350,15350
407179,.,11200,11950,11950,11950
407355,.,17700,17700,17800,17800
407391,.,14250,13780,13780,13780
407407,.,14250,13780,13780,13780
407425,.,14250,13780,13780,13780
407434,.,10400,10400,10400,10400
407452,.,3100,3100,3100,5200
407461,.,4850,5031,4983,5775
407470,.,16320,17070,17070,17070
407489,.,5915,6827,7719,8653
407513,.,539,539,539,539
407522,.,5050,5050,5080,5080
407568,.,15310,17640,17640,17740
407577,.,9135,9564,10117,10952
407595,.,12500,12500,12500,11595
407601,.,1440,1440,1920,1920
407683,.,15085,15315,16091,16500
407708,.,17100,17100,17100,17100
407735,.,18000,18750,15655,15655
407832,.,760,760,760,760
408066,.,15860,15860,15860,16070
408163,.,16200,16500,16500,16500
408312,.,9553,10549,11900,12462
408385,.,18950,18950,16800,16800
408862,.,20895,21895,21895,21895
409032,.,11000,11000,11000,11050
409120,.,11876,12280,13061,13107
409193,.,8748,10050,10150,10050
409537,550,.,.,.,.
409591,.,6335,5595,5595,5595
410070,.,23538,23347,23347,14380
410788,.,29236,27500,28876,29816
410797,.,16322,16322,16465,16965
410964,.,11475,11475,11200,13200
411684,.,23010,23852,24619,26153
412003,.,15540,16992,16992,16992
412173,.,25200,26113,27113,37000
412535,.,9850,10350,10575,10650
412544,.,10726,10726,13740,13740
412650,.,4595,4745,4745,4745
413176,.,5669,5669,5669,5669
413343,.,11800,11800,11800,13700
413680,.,35092,35092,35092,35950
413778,.,7425,5000,17600,5025
413802,.,5650,6615,6615,6300
413820,.,11500,11500,12000,12750
413893,.,18300,19500,19500,19500
413945,.,14100,15100,16000,16000
413972,.,13750,14750,14280,14280
414054,.,14750,16195,17040,17040
414063,.,15600,15600,15600,15600
414124,.,13950,13950,14050,15050
414452,.,14950,14950,15410,15410
414489,.,12200,12200,13600,13600
414540,.,17630,17630,17680,17680
414869,.,17800,17800,18334,18334
414939,.,12985,14495,15395,15593
415039,.,14679,15429,15579,16075
415057,.,15750,16250,16700,16700
415729,.,11050,11050,11050,11050
415987,.,16080,16080,16080,16280
416458,.,25016,26552,26800,26800
416670,.,14595,15375,15750,15750
417008,.,15600,16000,16000,16000
417062,.,12575,12575,13000,13500
417105,.,1650,1650,1650,1650
417123,.,7049,7010,7010,5710
417178,.,11550,11550,11550,11550
417187,.,11550,11550,11550,11550
417248,.,6576,6576,6576,6576
417257,11550,.,.,.,.
417381,.,18360,19110,19110,19260
417406,.,17170,17170,17170,17070
417442,.,14300,14300,14700,14900
417503,.,14500,14500,14500,14700
417549,.,13036,13436,13436,14098
417600,.,14150,14150,15235,15235
417628,.,7500,8000,8000,9000
417637,.,11745,11780,10340,10580
417646,.,7450,9850,10126,10610
417655,.,11327,11803,11939,12055
417673,.,7300,7300,7300,7500
417682,.,12047,12362,12362,12303
417716,.,16000,16000,16300,16300
417725,.,9200,9400,9400,9600
417789,.,14595,15375,15750,15750
417804,.,18100,18100,18100,18100
417831,.,5500,5500,5500,5500
417840,.,24990,24990,25657,25757
417868,.,9950,9999,10100,10225
417947,.,12600,12600,12600,12600
417983,16800,.,.,.,.
417992,.,12280,12665,12896,13132
418001,.,14385,14675,17350,17350
418010,.,11262,11672,11900,12486
418029,.,10985,11314,11484,11484
418038,.,12690,13750,14105,14570
418056,.,11346,11749,12219,12589
418065,.,13650,13925,14200,14550
418083,.,11475,12600,12836,13077
418171,.,11950,11950,11950,11950
418199,.,4358,5955,5985,5795
418205,.,740,745,760,768
418250,.,7630,7630,7630,7630
418269,.,15188,15188,15705,15705
418278,.,620,620,620,620
418296,.,3000,3044,2933,3555
418302,.,4449,5345,5493,5395
418320,.,1035,1035,1035,1035
418339,.,1969,1750,1950,2150
418348,.,3950,3865,3810,4100
418357,.,4696,6809,5214,4512
418384,.,18417,18400,18400,18000
418409,.,12750,12750,14100,15130
418427,.,19749,20452,22332,22352
418445,.,13310,13800,14050,14050
418454,.,14150,15385,16530,16540
418481,.,11525,11525,11525,12601
418515,.,13275,13490,14475,14975
418524,.,11198,11383,11436,14397
418533,.,11756,12098,12744,12744
418542,.,10950,11500,11500,11950
418560,.,14841,15424,16106,16005
418588,.,10782,10998,11328,11586
418603,.,12800,12800,12800,13800
418612,.,11400,11400,13096,13090
418658,.,9427,9577,9427,9985
418755,.,8593,8705,8766,8816
418764,.,7700,7900,7900,7900
418773,.,9324,9324,9893,9893
418889,.,15730,16780,17802,17502
418913,.,9500,9500,9625,9625
418968,.,13275,13275,15225,15225
419095,.,3470,3490,3574,3570
419147,.,12500,12500,12500,14500
419156,.,16085,16500,16500,16500
419217,.,6563,6664,6775,6775
419226,.,3970,3963,4031,4032
419235,.,11700,12510,12510,14700
419244,.,23520,23520,23520,23520
419253,.,16232,16232,16232,16340
419271,.,8860,9205,9205,9225
419280,.,11699,11699,11699,11699
419314,.,9600,10100,10100,10100
419332,.,2690,2810,2840,2840
419411,.,11685,11685,11685,11745
419420,.,4642,4931,5172,5084
419484,.,13850,14560,14560,15060
419633,.,8915,9815,10515,10515
419660,.,14017,16111,16111,14574
420103,.,12473,12593,12593,12653
420130,.,24990,24990,25847,25922
420200,.,13400,13400,13400,13400
420255,.,7228,7238,7338,7338
420343,.,28421,29276,29900,30746
420370,.,16995,16995,16995,16995
420459,.,1969,1750,1950,2150
420468,.,18999,19599,19599,19599
420608,.,18450,21350,15707,17707
420981,.,3714,3714,3800,3600
421540,.,3000,3044,5117,3555
421559,.,3000,3044,2933,3955
421610,.,10400,10650,10650,10650
421665,.,8475,8475,8475,8575
421717,.,6044,6044,6019,6119
421771,.,16300,17000,17000,17800
421896,.,6474,6559,6642,6695
422190,.,13858,13858,13850,13850
422695,.,26900,28245,29745,35895
422835,.,16135,16135,16095,16095
423120,.,7050,7150,7200,7300
423397,.,7165,7200,7222,7250
425250,.,12210,12532,13000,13000
425889,.,15390,16066,15390,16298
427308,.,28300,28300,28300,28300
427335,.,7500,7500,7500,7500
427894,.,8707,9578,9578,10578
427919,.,9702,10672,10672,11672
427991,.,3810,3810,3900,3900
428019,.,2625,2625,2625,2625
428055,.,15662,15875,15787,15787
428073,.,8400,8400,8400,8400
428125,.,11456,11456,11450,11450
428143,.,15420,15420,15420,15420
428295,.,4595,4745,4745,4745
429012,.,69995,71365,76525,76645
429100,.,11265,11265,11265,12457
430096,.,16327,16327,16647,13650
430218,.,14400,15150,15150,15156
430227,.,14490,15240,15240,16075
430245,.,18950,18950,16800,16800
430254,.,12204,12204,12219,12229
430306,.,11025,11300,11300,10900
430342,.,9958,10954,10954,11954
430403,.,24990,24990,25847,25922
430421,.,25500,25500,20400,21012
430564,.,8000,8000,9000,9000
430582,.,7500,7500,7800,7800
430795,.,5237,5277,5293,5310
430908,.,12600,12900,13200,13900
430971,.,13620,14011,14415,17519
431017,.,2450,3200,3200,3200
431071,.,15600,16600,16600,17500
431099,.,12505,12876,13175,13941
431105,.,9550,9740,9950,9975
431141,.,17634,17634,17625,17248
431169,.,4469,4989,5648,5807
431187,.,3500,3760,3760,3760
431196,.,10050,11550,11550,13368
431202,11700,.,.,.,.
431275,.,9315,9929,10453,10453
431284,.,9725,9725,9725,9725
431558,.,721,721,721,741
431594,6050,.,.,.,.
431691,.,11000,11000,11000,11000
431707,11550,.,.,.,.
431716,.,9845,10160,10160,10160
431770,.,12800,12800,13000,13000
431886,.,15879,15879,15879,16029
431956,.,11290,11894,11894,12975
431965,.,15800,16000,18000,18000
432074,.,3400,3075,2592,2703
432117,.,16750,16850,16850,17225
432269,.,9394,10333,10333,11333
432302,.,15029,15029,15021,15176
433013,.,59793,59793,59793,65493
433040,.,12175,11275,11370,11400
433068,.,3192,3192,3474,2845
433101,.,15395,15860,15855,16298
433138,.,11435,13340,12925,12647
433165,5000,.,.,.,.
433466,.,4065,12415,13995,14370
433970,.,12800,12800,13120,13120
434140,.,11727,12180,12481,12851
434159,.,19315,19980,20367,21211
434274,.,13500,13500,13500,13500
434283,.,11000,13000,13500,13500
434292,.,15500,15500,15500,15500
434308,.,12504,12504,12579,12639
434344,.,15110,15060,15110,15000
434362,.,6990,7340,7340,7486
434380,.,11175,11175,13175,13175
434469,.,13995,14945,14945,14895
434496,.,14300,15800,15800,14000
434502,.,18000,18000,18000,18000
434520,.,16327,16327,16647,13650
434821,.,14835,15047,15471,15047
434830,.,15290,15290,15290,16295
436003,.,12595,12595,12695,12695
436012,.,19400,19400,19400,19400
436030,.,16125,16125,16125,16925
436067,.,8400,10200,10200,10200
436100,.,14605,14605,14605,14605
436270,.,12060,12060,12060,12120
436429,.,29500,29500,29500,29520
436632,.,12854,12854,12854,12854
436641,.,15748,15748,14304,14335
436650,.,11200,11300,11700,12500
436775,.,15100,16100,17600,17600
437237,.,35890,36200,41120,42850
437529,.,13333,13333,13733,15848
437556,.,13400,13900,13900,14400
437608,.,9450,9450,9675,10065
437635,.,17000,17000,17000,17000
437705,.,6426,7308,7303,7303
437732,.,27300,27300,27300,27400
437769,.,27995,29995,29995,29995
437778,.,12799,15743,15809,15821
437857,.,12375,12375,12885,15630
437936,.,17671,17671,17603,17528
438179,.,14500,15225,15225,15225
438258,.,32351,32351,32266,32116
438267,.,14600,15400,15400,15400
438285,.,12473,12593,12593,12653
438337,.,7400,7400,7400,7400
438504,.,40900,42050,43100,44200
438656,.,18025,13009,10407,10719
438674,.,10169,13020,13900,13900
438805,.,16057,16507,16507,16507
438984,.,9180,9648,9648,9648
439118,.,14287,14283,15537,15488
439127,.,15984,15984,15984,16134
439367,.,29758,31625,31625,38645
439473,.,14500,16000,16000,17000
439482,.,17750,18000,18545,18545
439491,.,18050,18050,18545,18545
439507,.,18900,18900,15895,15895
439570,.,16020,16020,16120,17067
439622,.,9600,9550,9550,9800
439631,.,12384,14600,14600,16600
439668,.,7655,8655,8655,8655
439686,.,13205,13205,13205,13205
439747,.,1076,1000,1000,1000
439774,.,11087,11087,11087,11087
439844,.,11929,11929,11929,11929
439871,.,34175,34065,34275,37050
439905,.,16950,16950,16950,17650
439932,.,8600,10200,10200,10200
439978,.,9200,9200,9800,9800
439996,.,8980,8980,10180,10180
440077,.,14889,14983,15608,15701
440086,.,14734,14734,15656,16843
440101,.,18360,19110,19110,19260
440174,.,9553,10549,12618,12462
440217,.,11880,11955,12614,12811
440226,.,12900,13750,13750,13950
440262,.,14850,14850,14850,16050
440323,.,15984,15984,15984,16134
440332,.,15645,15645,15645,15795
440721,.,1255,1255,1255,1255
440730,.,10400,11800,11800,12050
440776,.,13025,13025,13025,13025
440855,.,11418,11995,12130,12076
440907,.,14734,15193,15656,16843
440952,.,15539,15539,15539,16445
440989,.,12450,12950,12950,15400
441016,.,18125,14820,11856,12211
441052,.,16950,16950,16950,17650
441089,.,29250,29250,29250,30127
441168,.,16938,18361,18361,18631
441210,.,12000,12000,12500,12500
441256,.,14075,14075,14250,14250
441317,.,11550,11550,11550,11550
441335,11550,.,.,.,.
441353,.,3760,3760,3760,3710
441362,.,13632,13632,13772,13772
441371,.,15500,15500,15500,16950
441380,.,13150,13150,13150,13455
441405,.,13715,13715,13715,15000
441414,.,3072,3072,3072,3072
441423,.,15125,16255,15850,16350
441502,.,13197,15536,15471,15047
441548,.,10955,12495,12495,12495
441575,.,16500,16500,16500,16500
441593,.,9900,10943,11182,11392
441618,.,13700,6900,6900,9900
441636,.,33880,34968,35368,35988
441645,.,18100,18100,18100,18700
441663,.,17575,17575,17575,17308
441672,.,12500,13500,13500,14500
441742,.,24670,27128,25800,25950
441779,.,14225,14225,14225,15225
441830,.,10000,10800,11000,11000
441858,.,13285,31010,31010,31010
441876,.,15300,16050,16100,16100
442037,.,16470,16965,17675,18639
442046,.,16026,16965,17675,18639
442073,.,28243,29090,29443,30723
442134,.,11397,11734,12024,12380
442204,.,11480,12052,15150,15000
442240,.,18925,18925,18925,19500
442329,.,16855,17355,18555,18555
442426,.,28400,29086,30069,30569
442602,.,14287,14287,14053,13978
442611,.,39050,39850,41115,42315
442620,.,17020,15445,12356,12726
442657,.,11477,11902,12020,11966
442727,.,17125,17810,14248,14675
442815,.,12700,12700,12700,13020
442879,.,17625,17880,17880,17880
442888,.,15223,19405,19395,20445
442930,.,11100,12500,12500,13100
442967,.,11397,11734,12024,12380
442976,.,8350,8350,8350,8350
442985,.,.,16910,16910,16910
443021,.,8175,9650,9650,9800
443100,.,8400,8400,8700,8750
443137,.,10690,10840,11055,11575
443146,.,12500,12500,12500,14100
443173,.,15095,15095,15095,15095
443207,.,10950,11150,11143,11568
443216,.,20690,20790,20790,20790
443225,.,20890,20790,20790,20790
443234,.,15995,15845,15845,15845
443252,.,7125,7325,7550,7550
443261,.,15584,16056,16904,16784
443289,.,15500,15500,15700,15860
443298,.,12544,12544,12544,11445
443322,.,22185,22185,24471,24188
443359,.,18600,18600,18600,18600
443483,.,14285,14285,14295,14330
443571,.,20115,20125,20115,19650
443632,.,16379,16379,16465,16840
443641,.,15000,15000,15000,15000
443669,.,12117,12419,12522,12463
443678,.,11000,11750,11750,11950
443696,.,13025,13025,13025,13025
443827,.,16012,16012,16012,16162
443836,.,15532,15532,15532,15682
443942,.,15850,15850,15850,15850
443951,.,9676,9676,10630,10630
443979,.,15965,16715,17465,17869
444051,.,15290,15290,15290,16295
444088,.,15515,15225,15225,15225
444200,.,16735,16732,16732,16735
444228,.,12500,14000,14000,14000
444237,.,18556,14868,11894,12250
444264,.,9324,9324,9893,9893
444282,.,18360,19110,19110,19110
444291,.,17901,17901,18300,18300
444307,.,14490,15240,15240,16075
444316,.,7900,7900,12000,12000
444325,.,28825,28825,28825,32500
444334,.,6950,6950,6950,6950
444343,.,30053,30053,30053,30068
444361,.,11886,12096,12090,12090
444370,.,9789,9782,10876,10876
444404,.,10780,10955,10955,10955
444422,.,15900,15900,16900,16900
444440,.,11850,11850,11850,11850
444468,.,9000,9400,9500,9500
444486,.,17625,17625,17625,17625
444510,.,24561,24561,25560,25760
444529,.,8280,8280,8280,8280
444556,.,23900,24900,25440,29250
444592,.,17930,18180,18180,18280
444608,.,15500,15500,15500,15500
444635,12325,.,.,.,.
444644,.,11225,11585,11560,9535
444653,.,7200,7200,7200,7200
444662,.,11130,11130,10058,16430
444680,.,9950,9450,9630,9900
444705,.,8600,10200,10200,10200
444714,.,14830,14830,14830,14830
444732,.,6982,7230,7230,7230
444769,.,2795,2795,2795,2795
444787,.,38160,40080,50100,50100
444796,.,15900,15900,15900,15900
444811,.,20900,21900,21900,22900
444857,.,13900,14300,14300,14200
444866,.,15584,16204,16904,16784
444893,.,16649,16734,16779,16819
444909,.,16800,16800,16800,16800
444936,.,17137,17137,17204,16800
444945,.,15140,15140,17700,17700
445212,.,13425,12430,12430,12430
445230,.,11397,11734,12024,12380
445258,.,31720,31720,31720,31720
445328,.,14780,14780,14780,14930
445346,.,15470,15470,15470,15470
445364,.,28525,31100,30724,33247
445461,.,18125,18500,10407,10719
445498,.,6990,6990,6990,6990
445540,.,11420,13045,13045,13045
445577,.,27282,27282,27282,27282
445638,.,11750,11750,11750,11750
445647,.,8550,8550,9550,9550
445656,.,8550,8550,9550,9550
445780,.,13940,13940,13820,13820
445799,.,39900,40900,41900,42950
445814,.,24292,24265,24265,14381
445841,.,16750,16850,16850,17225
445850,.,16750,16850,16850,17225
445911,.,31475,31475,31475,28057
445948,.,11890,13040,13140,13300
445957,14150,.,.,.,.
445984,.,7780,7780,7130,7998
446075,.,11900,11900,11900,13430
446084,.,11700,12700,12700,12700
446093,.,15326,15400,15400,15400
446109,.,19559,19559,21189,11840
446118,.,28026,27961,27960,27960
446136,.,16100,16100,17727,17727
446190,.,12400,12400,12700,12700
446206,.,16900,16900,16500,16500
446242,.,15300,15300,21780,21780
446260,.,15400,16200,16300,16320
446288,.,11725,11725,11725,12900
446303,.,14500,14500,14500,15500
446455,.,18350,18350,18350,18350
446534,.,9500,9500,9500,9500
446552,.,32910,32910,33570,34290
446561,.,32173,31965,34994,33041
446589,.,13000,13000,13000,13000
446996,.,17360,18230,18425,18575
447014,.,13331,13331,13331,13331
447023,.,14490,14421,14421,14421
447102,.,14567,14567,14559,14734
447120,.,14870,14870,14812,15037
447148,.,16000,16750,16750,17424
447166,.,18000,18750,18750,18756
447175,.,.,.,13200,13200
447209,.,18750,16459,15000,15450
447379,.,34020,34020,28200,28200
447403,.,39850,40850,41850,42900
447430,.,13416,13416,14416,14416
447449,.,13500,13500,13500,13500
447467,.,12845,12845,12845,15200
447494,.,12700,12700,12700,13020
447519,.,12800,12800,13120,13120
447528,.,7775,7885,7925,7980
447591,.,17000,17000,17000,17000
447607,.,18300,19500,19500,19500
447616,.,18300,19500,19500,19500
447634,.,14778,14788,14770,14945
447704,.,15000,15000,15000,15000
447713,25000,.,.,.,.
447722,.,11298,13002,12025,12075
447731,.,14400,14483,14475,14475
447759,.,35640,35546,35946,38171
447768,.,34450,34450,34450,36000
447777,.,20766,24030,22387,25550
447795,.,10500,10500,11000,12500
447810,.,33372,33442,33442,31532
447865,.,14400,14400,14400,14400
447874,.,21820,21820,21820,22820
447883,.,14550,14650,14650,14650
447892,.,11825,11850,13050,13050
447908,.,8050,11050,12550,12550
447917,.,7900,7900,7900,8900
447962,.,12800,12800,12800,14360
447971,.,16800,16300,16300,16300
447980,.,9445,11450,11450,14300
447999,.,17300,17300,15000,15000
448008,.,10700,11200,11800,11800
448017,.,10900,10900,10900,10900
448026,.,15490,15990,16490,16790
448035,.,7138,7875,7548,8010
448044,.,11350,11350,11350,11350
448071,.,15834,16625,16995,17395
448123,.,8695,8695,8695,8695
448150,.,18345,18700,18700,18700
448196,.,13315,13315,14320,14320
448220,.,12350,12700,12700,12700
448239,52955,.,.,.,.
448248,.,496,496,485,445
448257,.,15900,15900,15900,7950
448275,.,10922,10990,10990,10990
448424,.,12000,12000,12000,13500
448433,.,40900,42050,43100,44200
448619,.,26725,27600,27625,30025
448646,.,15140,15140,17700,17700
448707,.,11090,11305,11650,11650
448716,.,9520,9690,11650,11650
448770,.,38250,38250,40800,40800
448798,.,18000,18750,18600,15655
448895,.,16789,16803,17154,17131
448974,.,13000,13000,13140,13140
448983,.,13647,16735,17025,14685
449074,.,11830,12180,12481,12851
449250,.,25000,25000,25000,25000
449269,.,18334,18334,14667,15107
449311,.,12600,12600,13600,13600
449320,.,30416,31356,31980,32230
449357,.,21020,21020,22038,22450
449366,.,19476,19464,19870,19870
449384,.,85018,85992,93292,97804
449393,.,10675,12900,12900,12900
449445,.,13550,13550,13550,13550
449454,.,17500,17500,17500,17500
449463,.,18450,18450,18450,18450
449472,.,15000,15000,15000,16500
449490,.,6600,6864,6964,12480
449506,.,42475,42475,42475,42475
449533,.,10400,10450,10900,11500
449597,.,12850,12850,12850,12850
449603,.,18000,18800,18800,18800
449667,.,15900,16600,16600,16600
449676,.,9100,9100,9400,10450
449685,.,7900,8400,9200,10500
449719,.,20040,20040,20040,19446
449728,.,25750,27000,27600,27400
449773,.,11970,11970,11970,11970
449782,.,10600,12000,13125,13125
449807,.,9600,11110,12100,12100
449816,.,335,335,335,346
449852,.,16010,16010,18010,18010
449861,.,11800,11800,11758,11758
449904,.,12799,15743,15793,15821
449959,.,12425,12430,12430,12430
449968,.,18925,18925,18925,18925
449977,.,15550,16500,16500,17675
449986,.,17925,19200,20400,21320
449995,.,16500,16550,16550,16550
450021,.,14785,15047,15471,15047
450076,.,15096,15096,15096,15245
450119,.,15536,15536,15471,15047
450128,.,14785,15047,15471,15047
450173,.,15550,15550,16340,16340
450182,.,14017,16111,16111,15574
450395,.,18100,18100,18100,18400
450401,.,21645,21645,21874,22359
450599,.,18360,19110,19110,19110
450605,.,14490,15240,15240,16075
450614,.,18360,19110,19110,18750
450632,11500,.,.,.,.
450641,.,18495,18495,18495,18495
450650,.,17850,18500,18500,17500
450669,.,20115,20125,20115,19650
450678,.,36105,36105,28375,28375
450696,.,17671,17671,17603,17528
450702,.,17671,17671,17603,17528
450711,.,12544,11445,11445,11445
450720,.,17712,18252,17775,17775
450739,.,17712,18252,17775,17775
450757,.,18495,18495,18495,18495
450951,.,25990,25990,25990,25990
450960,.,14225,15199,15207,15207
450988,.,9200,9300,9300,9350
451006,.,15975,15975,16500,16975
451033,7300,.,.,.,.
451042,.,16550,16550,16550,16550
451051,9560,.,.,.,.
451097,.,10600,12000,11600,11900
451103,.,38570,42702,43896,38059
451121,.,15150,15150,15250,15400
451149,.,16300,16300,15700,15700
451158,.,16300,15300,15700,15700
451167,.,12100,12100,12100,12100
451194,.,8500,8500,8875,8875
451219,.,10095,10095,10095,10685
451228,.,11280,16136,16136,16370
451237,.,15000,15000,15000,15000
451255,.,11750,11750,13250,13200
451264,.,12970,13745,13745,13745
451282,.,16500,16500,18500,18500
451291,10895,.,.,.,.
451307,.,15300,15325,16825,16825
451334,.,12900,12900,12900,13000
451343,.,9150,9850,10500,12600
451352,.,15584,16204,16904,16784
451361,.,9500,9500,9500,9500
451459,.,6700,6700,7000,7000
451468,.,17150,17750,18250,18700
451477,.,16136,16136,16136,16370
451495,.,11369,11369,12069,11369
451501,.,7910,9035,9035,9000
451529,.,13875,13875,13875,13875
451538,.,11625,15375,15375,15475
451547,.,15400,15400,15400,15400
451565,.,14600,14500,14500,17250
451574,.,16000,16000,16000,16150
451583,.,3298,3386,3281,3748
451617,.,13688,12600,12600,12550
451626,.,14450,15460,15620,15620
451644,.,11400,11400,11400,13400
451653,.,13050,13000,13000,13500
451714,.,16000,16500,16500,17250
451918,.,13800,13800,13800,13800
452009,.,10920,10920,10920,10920
452072,.,15680,15680,15740,15740
452081,.,15680,15680,15740,15740
452771,2525,.,.,.,.
452780,2525,.,.,.,.
452887,.,10500,10500,11760,11860
452948,.,34660,36280,36280,37015
453109,.,19315,19315,19315,20465
453297,.,21905,21905,21905,21905
453552,.,13647,16735,17025,14685
453792,.,13578,15415,15415,15605
453817,.,27900,30720,27300,27300
454306,.,16100,16100,17727,17727
454537,.,14550,14550,14550,14800
454546,.,16184,13763,14022,13910
454555,.,15341,16322,16786,15293
454573,.,16184,16133,16597,17146
454607,.,16900,16900,16900,16950
454652,.,15600,16000,16000,16000
454722,.,14350,17108,15300,15300
454759,.,12007,12007,12000,12000
454768,.,18000,18000,19500,19500
454777,.,20000,22256,22256,22256
454786,.,28000,28000,29800,29800
454795,.,9900,9900,9900,12000
454801,.,26427,26928,26913,28198
454810,.,24900,24900,25900,25280
454847,.,8100,8100,8100,8100
454865,.,45140,47113,47113,47113
454874,.,14400,15600,15600,16550
454892,.,9950,10950,10950,10950
454908,.,9950,9950,9950,9950
454917,.,11510,12706,12806,13706
454926,.,17400,17400,17400,17400
454935,.,10700,11300,11300,11300
454944,.,13500,13500,13500,13500
454953,.,10234,10234,10234,11867
454962,.,10234,10234,10234,11867
454971,.,18800,19400,19982,19982
454980,.,18800,19400,19982,19982
454999,.,17800,18400,18952,18952
455008,.,17800,16900,17407,17407
455017,.,16150,16150,16150,16150
455026,.,32955,32955,32955,33424
455035,.,6500,7000,7000,7000
455053,.,13015,13015,13015,13015
455062,.,8638,9500,9500,10450
455071,12750,.,.,.,.
455080,.,14250,14250,14350,14250
455105,.,13100,13100,14100,14200
455141,.,19750,19750,21450,22775
455187,.,10000,10600,12500,12500
455196,.,26715,28227,28277,29291
455202,.,28825,28950,28950,32125
455211,.,16675,17350,21301,21301
455220,.,10345,12345,12345,12345
455239,.,12599,13000,13500,13500
455275,.,19750,20550,21450,22775
455284,.,14983,14983,14983,15970
455327,.,10626,10650,10650,10935
455336,.,24000,24000,24000,24000
455345,.,13720,13720,13720,14670
455354,.,16075,16075,16075,16075
455381,.,15500,15500,15750,15750
455460,.,16053,16053,16053,15343
455488,.,19368,16956,17206,15318
455725,.,17055,17805,17805,17805
455734,.,29000,29000,29100,29100
455752,.,13525,14675,14675,14675
455761,.,18000,18086,18075,18075
455798,.,18000,18000,18000,19100
455831,.,17000,17000,17000,17000
455840,.,15000,15000,15000,15000
455859,.,17480,19000,19000,19000
455868,.,11106,11106,11100,12600
455877,.,19900,19900,19900,20400
455886,.,18800,19400,19982,19982
455895,.,18800,19400,19982,19982
455901,.,17000,17150,17150,17150
455910,.,5900,5900,6400,6500
455929,.,15100,15100,15100,15100
455938,.,5150,5100,5100,5100
455947,.,15750,15750,15750,15750
455956,.,9585,9585,9595,9595
455965,.,16235,16235,16125,16125
455983,.,8640,8640,8940,9280
456001,.,18000,18000,20500,20500
456029,.,14000,15100,15100,15100
456038,.,11397,11734,12379,12380
456065,.,14850,17050,17050,17050
456074,.,14850,17050,17050,17050
456092,.,10500,10500,10500,10500
456126,.,14400,15150,15150,15150
456135,.,15500,16250,16250,16461
456144,.,24000,24000,24000,24000
456153,.,24000,24000,24000,24000
456214,.,14932,14073,14073,14033
456287,.,19930,19430,19430,19430
456320,.,14052,23347,23394,24913
456339,.,20973,21000,21000,14381
456506,.,15680,15680,15740,15740
456515,.,15680,15680,15740,15740
456551,.,17000,17000,17000,17000
456560,.,2350,2390,2592,2800
456588,.,18400,18400,18400,18400
456597,.,18400,18400,18400,18400
456825,.,16600,16600,16600,16550
456861,.,14017,16111,16111,14574
456922,.,19120,18360,18360,18360
456931,.,19900,19900,19900,19900
456968,.,17875,17875,19995,20145
457031,.,18300,18300,18300,18250
457077,.,16664,17213,17169,17146
457086,.,28500,28500,29950,29950
457101,.,41616,41616,41616,41152
457110,.,48142,48142,46611,46461
457174,.,15995,15995,19990,20520
457192,.,13500,13500,13500,13500
457208,.,20115,20115,20115,19650
457244,.,21660,21660,21660,21660
457253,.,14395,11121,11115,13915
457299,.,10359,4608,4608,4608
457314,.,25245,26010,26010,26010
457323,.,18110,18011,18000,19456
457332,.,18500,18500,18500,18500
457341,.,19200,19200,19200,19200
457378,.,4496,5306,5576,5576
457387,.,5080,5255,5865,5084
457396,.,11840,12090,14500,14650
457420,.,14145,14600,14600,14600
457439,.,13395,13395,13395,13395
457448,.,15065,15065,13575,13575
457466,.,14500,15500,15500,15500
457475,.,17050,17050,17050,17450
457527,.,32100,32100,32100,32100
457536,.,14960,18960,18960,21960
457545,.,16925,16925,16925,16925
457554,.,14200,15325,15325,15325
457563,.,17200,17450,18250,18700
457572,.,14549,14549,15949,13800
457581,.,16700,16700,16700,16700
457606,.,7125,7500,7500,7500
457615,10300,.,.,.,.
457624,.,13500,13500,13500,13500
457633,.,13665,15765,17765,17765
457642,.,13615,13615,13615,15015
457651,.,20293,20842,20469,20475
457679,.,12900,14700,14900,14900
457688,.,14940,14940,14940,14940
457703,.,15100,15250,15250,20525
457721,.,10500,10500,10500,10500
457749,.,17200,17200,17200,17200
457776,.,13600,15000,15000,15000
457785,.,19450,19450,19450,19450
457794,.,4000,4200,4200,4200
457800,.,10000,10000,10000,10000
457819,.,33127,37245,37245,37249
457828,.,15612,15612,15612,15612
457837,.,7600,7900,7900,7900
457846,.,14125,14575,15575,15575
457855,.,14500,14500,14500,14500
457864,.,14900,15500,15500,15500
457873,9750,.,.,.,.
457891,.,13650,15650,15650,17000
457916,.,16023,16471,16471,16471
457943,.,13500,13500,13500,13500
457952,.,16525,17225,17250,17250
457961,.,16600,16600,18100,18100
457989,.,6300,6300,6300,6300
457998,.,14100,14100,16000,16000
458007,.,11000,13500,13500,13500
458016,.,12400,13200,15100,15300
458043,.,17550,17550,19300,19300
458052,.,9834,10250,10475,10500
458061,.,14000,14000,14000,14000
458070,.,18915,16875,16815,16815
458098,.,16600,16500,16500,16725
458104,.,15582,15582,15582,15582
458122,.,9950,9950,9950,9950
458131,.,16300,16693,16693,16693
458168,.,19050,19050,19441,19050
458186,.,14987,14987,14979,15154
458195,.,19395,19420,19395,20445
458265,.,14225,14725,14225,14725
458274,.,19500,19500,19500,19500
458283,.,15735,15735,15735,15985
458423,8680,.,.,.,.
458478,.,25142,25142,22156,21896
458690,.,14790,14780,14780,14930
458706,.,15915,15915,15915,16165
458803,.,15000,15750,15750,15750
458812,.,15240,15990,15990,15990
458821,.,15750,16500,16500,16500
458830,.,16191,16941,16941,17000
458849,.,13176,13926,13926,15156
458858,.,15750,16500,16500,17250
458867,.,18513,19263,19263,19260
459000,.,16395,17145,17145,17145
459019,.,16260,17010,17010,18750
459037,.,15750,16500,16500,18750
459046,.,15750,16500,16500,18750
459055,.,12192,12942,12942,12942
459064,.,18360,19110,19110,18750
459073,.,16395,17145,17145,17145
459116,.,16500,16600,16600,17630
459125,.,14100,14100,14100,14600
459143,.,34485,41800,41800,41800
459170,.,15240,15240,15240,15240
459189,.,12460,12809,13700,13600
459198,.,15000,15000,16000,16000
459213,.,28480,28480,30034,30049
459231,.,18623,18749,18789,19840
459277,.,18300,19200,19200,19200
459286,.,14900,14900,15400,15600
459295,.,17200,17200,17200,18200
459301,.,14900,14900,14900,14900
459329,.,4545,4565,4618,4640
459347,.,13490,14490,14490,14490
459356,.,33995,34200,34200,38600
459365,.,16975,17350,17725,17725
459374,.,11450,11450,14750,15400
459392,.,14390,14390,15390,15390
459408,.,6735,6735,6795,7295
459426,.,14700,15500,15500,15500
459462,.,22400,22400,22400,22400
459471,.,12599,13000,13600,13500
459480,.,15200,15200,15200,15200
459499,.,11500,11799,11799,11799
459514,.,12225,12225,12900,13225
459532,.,18275,18375,18375,18375
459541,.,13500,13500,13500,13500
459550,.,16000,16500,16500,17000
459578,.,15750,16200,16200,16000
459958,.,14418,13925,13935,14235
459967,.,18950,18950,16800,16800
459985,.,18950,18950,16800,16800
460011,.,16750,16850,16850,17225
460057,.,14130,14130,14130,14130
460093,.,15680,15680,15740,15740
460109,.,15680,15680,15740,15740
460118,.,15680,15680,15740,15740
460127,.,15680,15680,15740,15740
460136,.,11397,11734,12024,12380
460145,.,16877,16877,16877,17725
460172,.,19348,19348,19348,19348
460181,.,14710,14977,15000,15100
460190,.,14900,15129,15300,15430
460206,.,14640,15128,15100,15230
460446,.,13200,13200,13200,13200
460455,.,14125,14575,15575,15575
460516,.,16184,16125,16587,16586
460525,.,12468,13508,13536,13482
460534,.,16049,15793,16295,16323
460543,.,40950,41950,42950,43950
460552,.,16450,17000,17000,1700
460561,.,13498,13498,13498,13498
460570,.,19996,23175,23175,23175
460589,.,12700,12700,12700,12700
460598,.,13631,13856,13896,13901
460604,.,6576,6576,6576,6576
460659,.,15326,15400,15400,15400
460695,.,16957,17460,17460,17460
460701,.,13954,14954,15135,16036
460729,.,18600,18735,18735,18735
460765,.,10582,10582,10582,10582
460808,.,8400,8550,8500,9000
460862,.,17900,17900,18050,18050
460905,.,16840,14500,14500,14500
460914,.,15900,15900,17300,16500
460932,.,12990,12990,12990,12990
460950,.,14350,14350,14350,14350
460969,.,13700,14100,14100,14100
460978,.,16350,16650,16950,16950
460987,.,14990,15990,15990,15990
460996,.,17469,17954,17954,17954
461005,.,28050,28050,28050,28050
461041,.,14734,15193,15656,16280
461111,.,9165,9165,9285,11105
461175,.,9966,10100,10600,10800
461193,.,14400,14825,14825,15775
461218,.,14500,15000,18750,20500
461227,.,16100,16000,16000,16000
461245,.,911,909,1059,1059
461254,.,9760,9760,14000,14000
461263,.,29575,28900,28900,33375
461272,.,13650,13650,13650,13650
461290,.,13560,13560,13560,13560
461306,.,2688,2688,2688,2841
461324,7495,.,.,.,.
461333,98750,.,.,.,.
461342,.,11959,11677,12709,13659
461351,.,760,760,760,760
461360,.,16400,16400,16400,16400
461379,.,13845,13845,13933,13995
461388,.,8000,8000,8000,8000
461412,10540,.,.,.,.
461421,.,16500,16500,16500,17250
461430,20465,.,.,.,.
461449,.,9500,9500,9500,9500
461494,.,15250,15100,15100,15000
461500,.,9875,9900,9900,9800
461537,.,13050,13050,13050,14355
461546,.,11750,12750,12750,15700
461555,.,16100,16100,16100,16100
461564,.,14600,14600,14600,14600
461573,.,16600,16600,16600,16600
461582,.,9875,9975,9975,9975
461591,.,19050,19058,19058,19058
461607,.,13507,13507,14170,14774
461625,.,9150,9150,9150,9162
461652,.,16400,16400,16400,16400
461689,.,11397,11734,12024,12380
461698,.,17825,17825,15825,17965
461704,.,11900,11900,11900,15900
461713,.,11050,11350,11350,11350
461722,.,12600,12600,13600,13600
461731,.,19561,19561,19460,19361
461740,.,9210,9200,9200,10075
461768,.,8600,8600,9000,8100
461786,.,12710,12710,12710,12710
461801,.,14609,14609,16609,15223
461810,.,3500,3529,3529,3557
461829,.,22575,22575,25475,22575
461838,.,8495,8495,8995,8995
461856,.,12792,13700,13500,13700
461865,.,13430,17380,19430,19814
461874,.,16000,17490,18000,16500
461892,.,9000,11000,10300,10300
461908,.,20150,20150,20150,20150
461917,.,15495,15495,15495,15495
461926,.,10600,11100,11100,11100
461935,.,9150,9600,10500,11025
461944,.,13900,15900,15700,15700
461962,.,13095,14125,14125,14235
461980,.,18500,18500,18300,18300
461999,.,12800,13700,14100,14100
462008,.,15900,16900,16900,16900
462017,.,15990,16490,16490,16640
462026,.,11100,11100,11100,11100
462035,.,9000,9000,9000,9050
462053,.,10600,10600,10600,10600
462062,.,7325,7325,7325,7325
462071,.,11000,11000,12800,12800
462309,.,24215,24215,24215,24215
462318,.,8395,8395,9890,9890
462327,.,8395,8395,9890,9890
462336,.,16143,16100,18400,18500
462345,.,18000,18000,18000,18000
466523,.,22555,22555,11530,11530
467094,.,11900,11900,12440,12590
467368,.,32351,32351,32266,32116
467784,.,19218,19218,15374,15985
467863,.,14400,14400,14400,15400
467872,.,14400,14400,14400,15400
467906,.,16750,16850,16850,17225
468246,.,16938,18361,18361,18631
468255,.,16938,18361,18361,18631
468705,.,14580,14580,16650,16650
468732,.,14017,16111,16111,14574
468769,.,9958,10954,10954,11954
468848,.,18300,19500,19500,19500
468875,.,11400,11600,11600,11700
468893,.,16600,16600,16600,16550
468909,.,18300,19500,19500,19500
468963,.,10295,10295,10295,10295
469054,.,17264,17365,17365,14380
469124,.,12330,12536,12736,12796
469133,.,11957,12007,12060,12067
469142,.,11957,12007,12007,12017
469151,.,12100,12100,12100,12160
469160,.,12100,12100,12100,12110
469197,.,13275,13275,15225,15225
469586,.,12139,12139,12139,12149
469610,.,13971,13971,13971,13971
469629,.,18646,18838,18838,19378
469638,.,13721,14721,14721,14721
469647,.,14734,15303,15656,16280
469911,.,15140,15140,17700,17700
469920,.,15140,15140,17700,17700
469957,.,21035,21986,22975,24075
469993,.,11900,11900,11900,13430
470038,.,18300,19500,19500,19500
470047,.,17300,17300,16000,16000
470296,.,15400,15400,15400,15400
470393,.,18800,19400,19982,19982
474915,.,16000,16000,16000,16000
474924,.,16000,16000,16000,16000
474933,.,12600,12600,12600,12600
474942,.,12600,12600,12600,12600
475015,.,21150,21150,21100,21100
475024,.,14684,14191,14304,14235
475097,.,33773,37765,37740,37670
475255,.,12625,12625,13325,13325
475282,.,23010,23852,24619,26153
475325,.,11772,12664,12769,13052
475389,.,11650,11650,11650,11650
475404,.,6775,7375,7375,7375
475413,.,15941,15941,15941,15941
475431,.,11500,11500,11500,11500
475459,.,13725,14225,14225,14225
475468,.,11220,14525,15525,15525
475486,.,16000,16500,16500,17250
475501,.,24000,24000,24000,24000
475538,.,14600,14600,15600,17600
475547,.,13500,13500,13500,14675
475556,.,15300,15300,15300,15300
475574,.,12600,14600,14600,14600
475626,.,13575,13575,18075,18075
475653,.,14375,14375,14375,14375
475662,.,15085,15415,16091,16500
475705,.,23790,23890,23425,23425
475714,.,10450,10450,10450,10450
475723,.,4036,3820,4680,4680
475750,.,.,.,45606,45456
476063,.,16125,16625,17500,17625
476179,.,18000,18750,18750,18750
476230,.,15690,15690,15740,15740
476294,.,13625,15275,15275,15725
476346,.,9947,9947,9947,9957
476470,.,31616,32016,32000,29760
476489,.,10050,10050,10925,12095
476498,.,9000,9000,9000,9000
476513,.,12081,14082,14475,15200
476522,.,7600,8360,8360,8360
476531,.,10400,10400,10400,10400
476540,.,13930,14295,14295,14795
476559,.,13930,14295,14295,14795
476568,.,15135,17135,17135,19135
476577,.,14450,14450,15350,15350
476586,.,9920,9920,10520,14345
476595,.,27790,27954,30000,30100
476610,.,6500,6500,7500,7500
476629,.,16350,16350,16350,16350
476674,.,9500,9650,9900,9900
476683,.,20415,20600,20600,20600
476708,.,8700,8700,8700,8700
476726,.,22580,22580,26000,27500
476735,.,13440,13440,13440,14000
476744,.,19485,19485,19585,19485
476753,.,15250,17200,17200,17200
476771,.,10916,10916,10916,10916
476780,.,263,200,1500,350
476799,.,27020,27020,32535,32910
476805,.,9070,9070,9511,9511
476814,13950,.,.,.,.
476823,.,15630,15600,15600,15600
476841,.,16000,16000,16000,16000
476850,.,8494,8883,8724,10050
476869,.,12900,12900,13500,13950
476878,.,7500,7500,7500,8500
476887,.,12200,12215,12160,12160
476896,.,16100,16100,14100,14100
476902,.,12515,13515,13615,15515
476911,.,19397,21200,21200,21200
476939,.,.,.,14535,14885
476948,.,18040,18040,21140,21140
476957,.,12120,12120,12120,12120
476966,.,17760,17760,21200,21200
476984,.,14500,14500,14500,15500
476993,.,14050,14050,14550,14550
477002,.,13915,15115,15115,15115
478582,.,18360,19110,19110,19260
478591,.,16350,16650,16950,16950
478616,.,18000,18750,18750,18750
478661,.,14946,15291,15747,16530
478917,.,13000,13000,13000,13200
478953,.,17850,18350,18650,18645
479053,.,11685,11685,11685,11754
479062,.,15650,15650,15750,16250
479248,.,8640,8640,8940,9280
479424,.,27020,27020,32535,32910
479965,.,6665,7100,6800,7745
479974,.,15825,15834,15834,15834
479983,.,17440,17490,17490,17490
479992,.,2000,2000,2000,2500
480000,.,12257,12750,12750,12750
480019,.,9555,9655,9650,9925
480028,.,17520,17420,17630,17630
480037,.,.,16136,16618,16370
480125,.,16350,16650,16950,16950
480161,.,12166,12166,12166,12166
480170,.,18600,18600,18600,18600
480310,.,17040,17040,18300,18300
480329,.,19152,19152,15322,15781
480338,.,19500,14898,11918,11918
480347,.,16100,16100,16100,16100
480471,.,18300,19500,19500,19500
480523,.,15680,15680,15740,15740
480532,.,15680,15680,15740,15740
480550,.,15680,15680,15740,15740
480693,.,8840,8640,8940,9280
480727,.,21000,21630,21630,23608
480736,.,12000,13200,13200,17150
480824,.,17000,17000,17000,17000
480833,.,17000,17000,17000,17000
480842,.,13100,13100,13100,13500
480851,.,16322,16465,16465,16965
480879,.,11375,11375,11375,13675
480888,.,11800,11800,11800,11800
480903,.,10295,10295,10295,10295
480912,.,76900,78900,78900,78900
480921,.,14765,14765,14900,14900
480930,.,15000,15050,15050,15050
480976,.,15630,17630,17630,17630
480994,.,13600,14500,14500,14500
481003,.,9620,14575,14575,14950
481021,.,13540,13540,13540,14020
481049,.,10500,10500,11000,11000
481085,21995,.,.,.,.
481100,.,9000,9000,9000,10000
481128,.,9580,8075,8075,8075
481137,.,99300,106800,114000,114000
481146,.,12300,12300,12300,12300
481164,.,4585,4585,4585,5025
481182,.,6500,6500,6500,6500
481191,.,5000,6000,7100,8330
481234,.,4700,4700,5304,5304
481243,.,8595,8595,8595,8595
481289,.,25000,26000,26000,26000
481298,.,12100,13608,13600,13600
481313,.,12525,12525,12525,12525
481322,.,14950,14950,14950,14950
481331,.,6500,6956,6956,8000
481340,.,15787,15887,16500,16500
481359,.,12700,12700,12700,12700
481368,.,3700,3700,4800,4800
481377,.,20125,20125,17075,17075
481386,.,25500,27000,27000,28200
481395,.,18000,18600,19200,21563
481429,.,18600,18500,18500,18500
481447,.,6645,6745,7545,8195
481456,.,15000,15000,15000,15200
481465,.,11100,11100,12030,12030
481474,.,14100,16500,16500,18500
481483,.,15910,17110,17110,17110
481508,.,14400,14400,14400,15600
481517,.,13500,14997,14997,15586
481526,.,9650,9650,9650,9650
481544,7050,.,.,.,.
481562,.,16000,16000,16000,16000
481571,.,18650,18550,19650,20910
481669,.,11958,12458,13150,13150
481678,.,18000,18750,18750,19260
481739,.,17250,18000,18150,18150
481748,.,17250,18000,18150,18150
481845,.,12000,12000,12000,12750
481854,.,16950,16950,16950,17650
481863,.,15680,15680,15740,15740
481890,.,15680,15680,15740,15740
481906,.,15690,15690,15740,15740
481942,.,9947,9947,9947,9957
481960,.,36115,36123,36105,36105
482015,.,18950,18950,16800,16800
482033,.,13744,16387,16841,16846
482060,.,16789,16808,17159,17136
482097,.,13174,13174,13174,13174
482103,.,7800,11800,11800,12800
482167,.,14900,15900,16900,15490
482176,.,14100,14500,14500,14500
482194,.,14700,14700,14700,14700
482200,.,6750,16500,15100,15100
482246,.,11500,11750,12300,12375
482291,.,18300,19500,19500,19500
482963,.,18520,18495,18495,18495
482972,.,1320,1320,1320,820
482981,.,16177,16177,16177,16192
483009,.,16553,16553,16095,16095
483054,.,14325,16325,16325,16895
483106,.,15870,16070,16632,16632
483221,.,3625,3625,4200,4500
483230,.,25763,25763,25750,25750
483258,.,11050,12450,12450,13700
483276,.,10525,10525,10525,10525
483328,.,19500,19500,19500,19500
483337,.,12800,12800,12800,13900
483346,.,15000,15000,15125,15200
483355,.,23000,23000,24000,27500
483364,.,11100,11100,11500,13300
483373,.,23800,23800,24075,24050
483382,.,8400,8400,9200,11000
483425,.,10125,10125,11250,12600
483443,.,9968,9968,10830,10830
483470,.,6532,6482,6532,6532
483513,.,9635,9635,10635,11635
483559,.,6625,8125,9625,11650
483568,.,17000,17000,17000,17000
483577,.,10125,10125,10125,10125
483595,12195,.,.,.,.
483610,.,9105,10106,10100,10100
483629,.,14490,14490,14490,14421
483638,.,892,892,892,892
483665,.,9000,9000,12000,12500
483674,.,11600,11600,11600,11600
483692,.,9550,9550,9550,9550
483708,.,1300,1300,1300,1300
483717,.,9500,9500,13600,13600
483726,.,10500,11900,14075,14075
483735,.,14184,16184,16390,16390
483744,.,14200,14200,14200,14200
483753,.,14100,16550,16550,16450
483799,.,9915,10915,11915,11925
483805,.,6825,6825,7875,7390
483814,.,12109,16505,17894,17894
483823,.,12050,14442,14442,14442
483841,.,6300,7800,7800,7800
483850,.,9100,9100,9100,9100
483878,.,10000,12000,14000,14338
483887,.,8075,8075,8475,9075
483896,.,8500,9650,9500,9500
483902,.,3665,3665,3665,3665
483911,.,14600,14600,15000,15000
483920,.,10478,10528,14475,16475
483939,.,12000,12865,12980,13120
483948,.,11600,16300,16300,17500
483957,.,12875,14441,12900,16156
483966,.,17000,17000,17000,17000
484002,.,29857,29857,30957,30957
484011,.,8890,11000,11000,11000
484020,.,4945,13600,15100,15950
484039,.,12150,13350,13350,15000
484048,.,23025,23025,23025,23025
484057,.,715,715,715,715
484066,.,13500,13500,13500,13500
484075,.,13250,13250,13250,13250
484084,.,17500,18100,18100,18100
484093,.,11515,11515,11515,16015
484109,.,11515,11515,11515,16015
484118,.,11515,11515,11515,16015
484127,.,16700,16700,16700,18200
484136,.,8670,8670,8670,8974
484145,.,15950,15950,17350,17350
484154,.,15185,15175,15175,15175
484163,.,7500,9000,10000,11000
484172,.,8500,8500,8500,8500
484190,.,5600,10700,13325,15950
484206,.,19500,20000,20000,20000
484303,.,4856,4981,5100,6300
484321,.,15291,15291,15747,16530
484330,.,15680,15680,15740,15740
484349,.,15680,15680,15740,15740
484358,.,15680,15680,15740,15740
484367,.,14092,14495,14289,15593
484376,.,14092,14495,14854,15593
484385,.,11250,11250,11250,11250
484394,.,15000,15000,15100,15000
484598,.,11900,11900,11900,13280
484604,.,16350,16650,16950,16950
484826,.,16350,16350,16350,16350
484880,.,17165,17165,17165,14381
484899,.,15300,17200,17200,17200
484923,.,7400,8400,9100,9100
484950,.,16131,18361,18361,18631
484996,.,11400,11600,11600,11700
485014,.,12000,12000,12000,12750
485032,.,14983,14983,14983,15713
485120,.,892,892,892,892
485139,.,16000,21000,25000,25000
485166,.,13865,13865,16558,16558
485193,.,12384,14600,16500,16600
485236,.,15400,15400,15400,15400
485245,.,6500,10350,10350,10350
485306,.,14100,14100,14100,14600
485342,.,2503,2397,2423,2424
485351,.,978,1052,1052,1221
485360,.,19500,22500,22500,25500
485379,.,13200,14862,14382,15582
485388,.,13200,14862,14382,15582
485397,.,15875,16625,16625,17000
485412,.,10675,12900,12900,12900
485476,.,13600,13610,13610,14310
485485,.,3800,6250,6250,10814
485494,.,5350,13350,13450,16120
485500,.,7881,7881,8500,8500
485528,.,8500,12250,12250,12250
485564,.,585,585,585,585
485573,.,12000,12000,12000,12000
485582,.,10949,13450,13660,13660
485591,.,6000,6000,12000,15000
485607,.,9100,9100,15100,15100
485704,.,4200,4200,9800,9800
485731,.,9220,12750,12870,12750
485801,.,6500,9500,9500,10500
485810,.,.,15175,18425,18425
485874,.,6650,6650,8300,7350
485953,.,22680,22680,22680,22680
485962,.,5795,12180,12680,12680
486099,.,9230,9230,9130,9130
486105,.,8748,12900,12900,8748
486141,.,.,13000,15000,15000
486150,.,973,973,1581,2013
486169,.,6200,13700,13700,13700
486187,.,10075,11375,11375,11300
486202,.,3674,3474,4512,5263
486220,.,6985,9985,10985,10985
486248,.,3900,3900,18500,16750
486309,.,13100,13100,13450,14450
486327,.,7350,9900,13650,13650
486345,.,15000,15000,15000,15000
486372,.,27050,27050,31350,31350
486381,.,36000,39200,39200,39471
486390,.,10100,12195,12195,12195
486406,.,2715,2715,2840,2840
486415,.,27000,27000,30000,30000
486442,.,4500,13000,13000,13000
486497,.,5650,10650,11500,11500
486503,.,12114,12114,13411,13311
486512,.,7100,7100,7200,7200
486521,.,5630,5630,5630,5630
486530,.,9250,13750,13750,14750
486567,.,11900,11900,13900,13900
486600,.,20000,20000,20000,20000
486619,.,6701,6701,6701,7620
486691,.,.,18750,18750,19260
486707,.,.,15740,15740,15740
486716,.,.,15740,15740,15740
486725,.,.,15175,15175,15175
486734,.,.,15747,15747,16530
486752,.,.,15740,15740,15740
486770,.,9550,9947,9947,10007
486798,.,.,16855,17605,18555
486813,.,.,29545,30280,31180
486822,.,.,12024,12024,12380
486859,.,18000,20000,20000,21000
486868,.,.,14100,14100,14600
486877,.,9745,9940,9940,10140
486886,.,9745,9940,9940,10140
486983,.,.,15500,15500,15500
487047,.,15140,15140,17700,17700
487065,.,.,14100,14100,14100
487083,.,11800,11800,13900,13900
487144,.,5000,5000,5700,5700
487232,.,9815,10515,10515,10515
487250,.,9325,9325,9325,12100
487348,.,15000,15000,15000,15000
487393,.,18000,18000,19238,19350
487409,.,19500,19500,19238,19350
487427,.,14500,14500,14248,14332
487454,.,18000,18000,19238,19350
487472,.,18000,18000,14248,14332
487481,.,18000,18000,19238,14750
487490,.,18000,18000,19238,18784
487506,.,16533,16543,18500,17500
487533,.,19982,19982,19982,19982
487588,.,13985,14485,14485,14485
487597,.,.,.,42950,44200
487621,.,8198,8198,13500,13500
487630,.,11840,12090,12090,14500
487649,20000,.,.,.,.
487676,.,.,17150,17150,17150
487773,.,3750,5650,6250,6650
487782,.,10000,11250,11250,11250
487791,.,15300,15300,15350,15350
487807,.,12530,16740,16740,16740
487816,.,6200,6200,6200,12750
487825,.,10000,9700,9600,9600
487834,.,21000,21600,25200,32000
487861,.,16187,16187,16187,16187
487870,.,12110,12110,12110,12110
487889,.,5110,5110,5110,5110
487898,.,16650,16650,16650,16650
487904,.,22500,22500,25000,25000
487913,.,8151,8650,8650,9650
487922,.,.,.,14300,14300
487959,.,10000,10000,10680,13680
487977,.,4500,4500,4500,3996
487986,8500,.,.,.,.
488013,.,.,.,11081,11081
488022,.,12600,12600,16135,16135
488031,.,30500,30500,30500,30500
488040,.,6200,6200,6200,7965
488059,.,15400,17400,29800,29800
488086,.,6321,6471,6471,9471
488110,.,10625,10625,15125,15125
488129,.,14800,14800,14800,14800
488138,.,1330,5000,2505,12000
488147,.,7400,15050,15050,15050
488156,.,11200,16050,16050,16050
488165,.,9274,9274,9274,9274
488174,.,8900,8900,15900,15900
488183,.,.,.,15300,15300
488192,4750,.,.,.,.
488217,.,.,.,8170,8770
488226,.,24400,24400,24400,24400
488235,.,.,.,11644,3566
488253,.,7500,7500,9500,14950
488262,.,6000,6000,6000,11815
488271,.,13595,13595,14700,16700
488280,.,6375,6375,6375,7375
488299,.,6200,6200,6200,7734
488323,.,6349,6349,6650,7650
488332,27335,.,.,.,.
488341,.,12300,10095,12300,12300
488369,.,13530,13530,13530,13530
488378,.,.,.,5596,5596
488396,.,5300,9800,14000,14000
488411,.,16000,16000,16000,12000
488420,9647,.,.,.,.
488439,.,6100,6100,15850,15850
488749,.,16300,16300,16300,16300
488891,.,4748,4748,4748,4748
488916,.,15000,15000,15000,15000
488925,.,12700,13800,15200,18100
488934,.,3081,3553,3980,3980
488952,.,.,.,15740,15740
488961,.,.,.,15740,15740
488970,.,.,.,15740,15740
488989,.,.,.,15500,15500
488998,.,.,.,18100,18100
489043,.,.,.,14600,14600
489122,.,.,.,8867,8867
489131,.,.,.,8867,8867
489140,.,.,.,8867,8867
489159,.,.,.,16850,17225
489238,.,.,.,17110,17110
489247,.,.,15000,15000,15000
489283,.,.,.,16300,16300
489326,.,5175,5175,5175,5175
489371,.,.,.,34200,34200
489399,.,.,.,17025,17025
489760,.,.,.,13374,13645
489812,.,.,.,12024,12024
489821,.,24635,24635,24635,32000
489830,.,11420,13045,13045,13045
489849,.,15000,16400,16400,16400
489900,.,3000,3000,2360,2360
490018,.,6375,6375,6375,7375